file,f1,id,cls,f4,f5,nframes,ncols
human_120_10000_2_34_200_184.csv,120,10000,2,34,200,184,200,42
human_120_10001_3_34_200_180.csv,120,10001,3,34,200,180,200,42
human_120_10002_3_34_200_184.csv,120,10002,3,34,200,184,200,42
human_120_10003_3_34_200_201.csv,120,10003,3,34,200,201,200,42
human_120_10004_3_34_200_190.csv,120,10004,3,34,200,190,200,42
human_120_10005_3_34_200_213.csv,120,10005,3,34,200,213,200,42
human_120_10006_3_34_200_201.csv,120,10006,3,34,200,201,200,42
human_120_10007_3_34_200_198.csv,120,10007,3,34,200,198,200,42
human_120_10008_3_34_200_198.csv,120,10008,3,34,200,198,200,42
human_120_10009_3_34_200_199.csv,120,10009,3,34,200,199,200,42
human_120_1000_2_4_200_220.csv,120,1000,2,4,200,220,200,42
human_120_10010_3_34_200_205.csv,120,10010,3,34,200,205,200,42
human_120_10011_3_34_200_193.csv,120,10011,3,34,200,193,200,42
human_120_10012_3_34_200_199.csv,120,10012,3,34,200,199,200,42
human_120_10013_3_34_200_191.csv,120,10013,3,34,200,191,200,42
human_120_10014_3_34_200_207.csv,120,10014,3,34,200,207,200,42
human_120_10015_3_34_200_207.csv,120,10015,3,34,200,207,200,42
human_120_10016_3_34_200_205.csv,120,10016,3,34,200,205,200,42
human_120_10017_3_34_200_191.csv,120,10017,3,34,200,191,200,42
human_120_10018_3_34_200_198.csv,120,10018,3,34,200,198,200,42
human_120_10019_3_34_200_196.csv,120,10019,3,34,200,196,200,42
human_120_1001_3_4_200_187.csv,120,1001,3,4,200,187,200,42
human_120_10020_3_34_200_196.csv,120,10020,3,34,200,196,200,42
human_120_10021_3_34_200_208.csv,120,10021,3,34,200,208,200,42
human_120_10022_3_34_200_185.csv,120,10022,3,34,200,185,200,42
human_120_10023_3_34_200_206.csv,120,10023,3,34,200,206,200,42
human_120_10024_3_34_200_193.csv,120,10024,3,34,200,193,200,42
human_120_10025_3_34_200_195.csv,120,10025,3,34,200,195,200,42
human_120_10026_3_34_200_210.csv,120,10026,3,34,200,210,200,42
human_120_10027_3_34_200_204.csv,120,10027,3,34,200,204,200,42
human_120_10028_3_34_200_190.csv,120,10028,3,34,200,190,200,42
human_120_10029_3_34_200_213.csv,120,10029,3,34,200,213,200,42
human_120_1002_3_4_200_191.csv,120,1002,3,4,200,191,200,42
human_120_10030_3_34_200_197.csv,120,10030,3,34,200,197,200,42
human_120_10031_3_34_200_198.csv,120,10031,3,34,200,198,200,42
human_120_10032_3_34_200_201.csv,120,10032,3,34,200,201,200,42
human_120_10033_3_34_200_200.csv,120,10033,3,34,200,200,200,42
human_120_10034_3_34_200_192.csv,120,10034,3,34,200,192,200,42
human_120_10035_3_34_200_200.csv,120,10035,3,34,200,200,200,42
human_120_10036_3_34_200_196.csv,120,10036,3,34,200,196,200,42
human_120_10037_3_34_200_201.csv,120,10037,3,34,200,201,200,42
human_120_10038_3_34_200_200.csv,120,10038,3,34,200,200,200,42
human_120_10039_3_34_200_208.csv,120,10039,3,34,200,208,200,42
human_120_1003_3_4_200_200.csv,120,1003,3,4,200,200,200,42
human_120_10040_3_34_200_194.csv,120,10040,3,34,200,194,200,42
human_120_10041_3_34_200_203.csv,120,10041,3,34,200,203,200,42
human_120_10042_3_34_200_208.csv,120,10042,3,34,200,208,200,42
human_120_10043_3_34_200_196.csv,120,10043,3,34,200,196,200,42
human_120_10044_3_34_200_192.csv,120,10044,3,34,200,192,200,42
human_120_10045_3_34_200_204.csv,120,10045,3,34,200,204,200,42
human_120_10046_3_34_200_180.csv,120,10046,3,34,200,180,200,42
human_120_10047_3_34_200_197.csv,120,10047,3,34,200,197,200,42
human_120_10048_3_34_200_200.csv,120,10048,3,34,200,200,200,42
human_120_10049_3_34_200_195.csv,120,10049,3,34,200,195,200,42
human_120_1004_3_4_200_194.csv,120,1004,3,4,200,194,200,42
human_120_10050_3_34_200_204.csv,120,10050,3,34,200,204,200,42
human_120_10051_4_34_200_160.csv,120,10051,4,34,200,160,200,42
human_120_10052_4_34_200_179.csv,120,10052,4,34,200,179,200,42
human_120_10053_4_34_200_155.csv,120,10053,4,34,200,155,200,42
human_120_10054_4_34_200_200.csv,120,10054,4,34,200,200,200,42
human_120_10055_4_34_200_193.csv,120,10055,4,34,200,193,200,42
human_120_10056_4_34_200_173.csv,120,10056,4,34,200,173,200,42
human_120_10057_4_34_200_184.csv,120,10057,4,34,200,184,200,42
human_120_10058_4_34_200_185.csv,120,10058,4,34,200,185,200,42
human_120_10059_4_34_200_172.csv,120,10059,4,34,200,172,200,42
human_120_1005_3_4_200_199.csv,120,1005,3,4,200,199,200,42
human_120_10060_4_34_200_200.csv,120,10060,4,34,200,200,200,42
human_120_10061_4_34_200_197.csv,120,10061,4,34,200,197,200,42
human_120_10062_4_34_200_160.csv,120,10062,4,34,200,160,200,42
human_120_10063_4_34_200_200.csv,120,10063,4,34,200,200,200,42
human_120_10064_4_34_200_173.csv,120,10064,4,34,200,173,200,42
human_120_10065_4_34_200_170.csv,120,10065,4,34,200,170,200,42
human_120_10066_4_34_200_200.csv,120,10066,4,34,200,200,200,42
human_120_10067_4_34_200_180.csv,120,10067,4,34,200,180,200,42
human_120_10068_4_34_200_171.csv,120,10068,4,34,200,171,200,42
human_120_10069_4_34_200_173.csv,120,10069,4,34,200,173,200,42
human_120_1006_3_4_200_209.csv,120,1006,3,4,200,209,200,42
human_120_10070_4_34_200_195.csv,120,10070,4,34,200,195,200,42
human_120_10071_4_34_200_191.csv,120,10071,4,34,200,191,200,42
human_120_10072_4_34_200_179.csv,120,10072,4,34,200,179,200,42
human_120_10073_4_34_200_176.csv,120,10073,4,34,200,176,200,42
human_120_10074_4_34_200_158.csv,120,10074,4,34,200,158,200,42
human_120_10075_4_34_200_150.csv,120,10075,4,34,200,150,200,42
human_120_10076_4_34_200_160.csv,120,10076,4,34,200,160,200,42
human_120_10077_4_34_200_160.csv,120,10077,4,34,200,160,200,42
human_120_10078_4_34_200_170.csv,120,10078,4,34,200,170,200,42
human_120_10079_4_34_200_195.csv,120,10079,4,34,200,195,200,42
human_120_1007_3_4_200_202.csv,120,1007,3,4,200,202,200,42
human_120_10080_4_34_200_185.csv,120,10080,4,34,200,185,200,42
human_120_10081_4_34_200_195.csv,120,10081,4,34,200,195,200,42
human_120_10082_4_34_200_192.csv,120,10082,4,34,200,192,200,42
human_120_10083_4_34_200_190.csv,120,10083,4,34,200,190,200,42
human_120_10084_4_34_200_192.csv,120,10084,4,34,200,192,200,42
human_120_10085_4_34_200_180.csv,120,10085,4,34,200,180,200,42
human_120_10086_4_34_200_186.csv,120,10086,4,34,200,186,200,42
human_120_10087_4_34_200_176.csv,120,10087,4,34,200,176,200,42
human_120_10088_4_34_200_160.csv,120,10088,4,34,200,160,200,42
human_120_10089_4_34_200_173.csv,120,10089,4,34,200,173,200,42
human_120_1008_3_4_200_200.csv,120,1008,3,4,200,200,200,42
human_120_10090_4_34_200_186.csv,120,10090,4,34,200,186,200,42
human_120_10091_4_34_200_200.csv,120,10091,4,34,200,200,200,42
human_120_10092_4_34_200_182.csv,120,10092,4,34,200,182,200,42
human_120_10093_4_34_200_200.csv,120,10093,4,34,200,200,200,42
human_120_10094_4_34_200_175.csv,120,10094,4,34,200,175,200,42
human_120_10095_4_34_200_215.csv,120,10095,4,34,200,215,200,42
human_120_10096_4_34_200_177.csv,120,10096,4,34,200,177,200,42
human_120_10097_4_34_200_178.csv,120,10097,4,34,200,178,200,42
human_120_10098_4_34_200_191.csv,120,10098,4,34,200,191,200,42
human_120_10099_4_34_200_184.csv,120,10099,4,34,200,184,200,42
human_120_1009_3_4_200_196.csv,120,1009,3,4,200,196,200,42
human_120_100_2_1_200_216.csv,120,100,2,1,200,216,200,42
human_120_10100_4_34_200_190.csv,120,10100,4,34,200,190,200,42
human_120_10101_5_34_200_167.csv,120,10101,5,34,200,167,200,42
human_120_10102_5_34_200_187.csv,120,10102,5,34,200,187,200,42
human_120_10103_5_34_200_166.csv,120,10103,5,34,200,166,200,42
human_120_10104_5_34_200_174.csv,120,10104,5,34,200,174,200,42
human_120_10105_5_34_200_181.csv,120,10105,5,34,200,181,200,42
human_120_10106_5_34_200_179.csv,120,10106,5,34,200,179,200,42
human_120_10107_5_34_200_193.csv,120,10107,5,34,200,193,200,42
human_120_10108_5_34_200_160.csv,120,10108,5,34,200,160,200,42
human_120_10109_5_34_200_204.csv,120,10109,5,34,200,204,200,42
human_120_1010_3_4_200_203.csv,120,1010,3,4,200,203,200,42
human_120_10110_5_34_200_170.csv,120,10110,5,34,200,170,200,42
human_120_10111_5_34_200_163.csv,120,10111,5,34,200,163,200,42
human_120_10112_5_34_200_196.csv,120,10112,5,34,200,196,200,42
human_120_10113_5_34_200_188.csv,120,10113,5,34,200,188,200,42
human_120_10114_5_34_200_182.csv,120,10114,5,34,200,182,200,42
human_120_10115_5_34_200_181.csv,120,10115,5,34,200,181,200,42
human_120_10116_5_34_200_180.csv,120,10116,5,34,200,180,200,42
human_120_10117_5_34_200_169.csv,120,10117,5,34,200,169,200,42
human_120_10118_5_34_200_198.csv,120,10118,5,34,200,198,200,42
human_120_10119_5_34_200_167.csv,120,10119,5,34,200,167,200,42
human_120_1011_3_4_200_186.csv,120,1011,3,4,200,186,200,42
human_120_10120_5_34_200_183.csv,120,10120,5,34,200,183,200,42
human_120_10121_5_34_200_195.csv,120,10121,5,34,200,195,200,42
human_120_10122_5_34_200_192.csv,120,10122,5,34,200,192,200,42
human_120_10123_5_34_200_172.csv,120,10123,5,34,200,172,200,42
human_120_10124_5_34_200_197.csv,120,10124,5,34,200,197,200,42
human_120_10125_5_34_200_196.csv,120,10125,5,34,200,196,200,42
human_120_10126_5_34_200_177.csv,120,10126,5,34,200,177,200,42
human_120_10127_5_34_200_188.csv,120,10127,5,34,200,188,200,42
human_120_10128_5_34_200_178.csv,120,10128,5,34,200,178,200,42
human_120_10129_5_34_200_184.csv,120,10129,5,34,200,184,200,42
human_120_1012_3_4_200_208.csv,120,1012,3,4,200,208,200,42
human_120_10130_5_34_200_200.csv,120,10130,5,34,200,200,200,42
human_120_10131_5_34_200_191.csv,120,10131,5,34,200,191,200,42
human_120_10132_5_34_200_172.csv,120,10132,5,34,200,172,200,42
human_120_10133_5_34_200_191.csv,120,10133,5,34,200,191,200,42
human_120_10134_5_34_200_193.csv,120,10134,5,34,200,193,200,42
human_120_10135_5_34_200_168.csv,120,10135,5,34,200,168,200,42
human_120_10136_5_34_200_174.csv,120,10136,5,34,200,174,200,42
human_120_10137_5_34_200_193.csv,120,10137,5,34,200,193,200,42
human_120_10138_5_34_200_172.csv,120,10138,5,34,200,172,200,42
human_120_10139_5_34_200_192.csv,120,10139,5,34,200,192,200,42
human_120_1013_3_4_200_197.csv,120,1013,3,4,200,197,200,42
human_120_10140_5_34_200_179.csv,120,10140,5,34,200,179,200,42
human_120_10141_5_34_200_182.csv,120,10141,5,34,200,182,200,42
human_120_10142_5_34_200_182.csv,120,10142,5,34,200,182,200,42
human_120_10143_5_34_200_198.csv,120,10143,5,34,200,198,200,42
human_120_10144_5_34_200_200.csv,120,10144,5,34,200,200,200,42
human_120_10145_5_34_200_185.csv,120,10145,5,34,200,185,200,42
human_120_10146_5_34_200_200.csv,120,10146,5,34,200,200,200,42
human_120_10147_5_34_200_188.csv,120,10147,5,34,200,188,200,42
human_120_10148_5_34_200_179.csv,120,10148,5,34,200,179,200,42
human_120_10149_5_34_200_189.csv,120,10149,5,34,200,189,200,42
human_120_1014_3_4_200_198.csv,120,1014,3,4,200,198,200,42
human_120_10150_5_34_200_192.csv,120,10150,5,34,200,192,200,42
human_120_10151_6_34_200_198.csv,120,10151,6,34,200,198,200,42
human_120_10152_6_34_200_200.csv,120,10152,6,34,200,200,200,42
human_120_10153_6_34_200_197.csv,120,10153,6,34,200,197,200,42
human_120_10154_6_34_200_200.csv,120,10154,6,34,200,200,200,42
human_120_10155_6_34_200_193.csv,120,10155,6,34,200,193,200,42
human_120_10156_6_34_200_190.csv,120,10156,6,34,200,190,200,42
human_120_10157_6_34_200_190.csv,120,10157,6,34,200,190,200,42
human_120_10158_6_34_200_204.csv,120,10158,6,34,200,204,200,42
human_120_10159_6_34_200_197.csv,120,10159,6,34,200,197,200,42
human_120_1015_3_4_200_196.csv,120,1015,3,4,200,196,200,42
human_120_10160_6_34_200_194.csv,120,10160,6,34,200,194,200,42
human_120_10161_6_34_200_196.csv,120,10161,6,34,200,196,200,42
human_120_10162_6_34_200_197.csv,120,10162,6,34,200,197,200,42
human_120_10163_6_34_200_188.csv,120,10163,6,34,200,188,200,42
human_120_10164_6_34_200_199.csv,120,10164,6,34,200,199,200,42
human_120_10165_6_34_200_194.csv,120,10165,6,34,200,194,200,42
human_120_10166_6_34_200_200.csv,120,10166,6,34,200,200,200,42
human_120_10167_6_34_200_202.csv,120,10167,6,34,200,202,200,42
human_120_10168_6_34_200_199.csv,120,10168,6,34,200,199,200,42
human_120_10169_6_34_200_202.csv,120,10169,6,34,200,202,200,42
human_120_1016_3_4_200_191.csv,120,1016,3,4,200,191,200,42
human_120_10170_6_34_200_191.csv,120,10170,6,34,200,191,200,42
human_120_10171_6_34_200_186.csv,120,10171,6,34,200,186,200,42
human_120_10172_6_34_200_190.csv,120,10172,6,34,200,190,200,42
human_120_10173_6_34_200_197.csv,120,10173,6,34,200,197,200,42
human_120_10174_6_34_200_191.csv,120,10174,6,34,200,191,200,42
human_120_10175_6_34_200_201.csv,120,10175,6,34,200,201,200,42
human_120_10176_6_34_200_192.csv,120,10176,6,34,200,192,200,42
human_120_10177_6_34_200_192.csv,120,10177,6,34,200,192,200,42
human_120_10178_6_34_200_203.csv,120,10178,6,34,200,203,200,42
human_120_10179_6_34_200_203.csv,120,10179,6,34,200,203,200,42
human_120_1017_3_4_200_200.csv,120,1017,3,4,200,200,200,42
human_120_10180_6_34_200_181.csv,120,10180,6,34,200,181,200,42
human_120_10181_6_34_200_205.csv,120,10181,6,34,200,205,200,42
human_120_10182_6_34_200_199.csv,120,10182,6,34,200,199,200,42
human_120_10183_6_34_200_202.csv,120,10183,6,34,200,202,200,42
human_120_10184_6_34_200_189.csv,120,10184,6,34,200,189,200,42
human_120_10185_6_34_200_202.csv,120,10185,6,34,200,202,200,42
human_120_10186_6_34_200_193.csv,120,10186,6,34,200,193,200,42
human_120_10187_6_34_200_200.csv,120,10187,6,34,200,200,200,42
human_120_10188_6_34_200_196.csv,120,10188,6,34,200,196,200,42
human_120_10189_6_34_200_198.csv,120,10189,6,34,200,198,200,42
human_120_1018_3_4_200_209.csv,120,1018,3,4,200,209,200,42
human_120_10190_6_34_200_199.csv,120,10190,6,34,200,199,200,42
human_120_10191_6_34_200_195.csv,120,10191,6,34,200,195,200,42
human_120_10192_6_34_200_175.csv,120,10192,6,34,200,175,200,42
human_120_10193_6_34_200_193.csv,120,10193,6,34,200,193,200,42
human_120_10194_6_34_200_199.csv,120,10194,6,34,200,199,200,42
human_120_10195_6_34_200_190.csv,120,10195,6,34,200,190,200,42
human_120_10196_6_34_200_187.csv,120,10196,6,34,200,187,200,42
human_120_10197_6_34_200_184.csv,120,10197,6,34,200,184,200,42
human_120_10198_6_34_200_204.csv,120,10198,6,34,200,204,200,42
human_120_10199_6_34_200_186.csv,120,10199,6,34,200,186,200,42
human_120_1019_3_4_200_200.csv,120,1019,3,4,200,200,200,42
human_120_101_3_1_200_175.csv,120,101,3,1,200,175,200,42
human_120_10200_6_34_200_211.csv,120,10200,6,34,200,211,200,42
human_120_10201_1_35_200_187.csv,120,10201,1,35,200,187,200,42
human_120_10202_1_35_200_185.csv,120,10202,1,35,200,185,200,42
human_120_10203_1_35_200_193.csv,120,10203,1,35,200,193,200,42
human_120_10204_1_35_200_190.csv,120,10204,1,35,200,190,200,42
human_120_10205_1_35_200_162.csv,120,10205,1,35,200,162,200,42
human_120_10206_1_35_200_149.csv,120,10206,1,35,200,149,200,42
human_120_10207_1_35_200_185.csv,120,10207,1,35,200,185,200,42
human_120_10208_1_35_200_183.csv,120,10208,1,35,200,183,200,42
human_120_10209_1_35_200_178.csv,120,10209,1,35,200,178,200,42
human_120_1020_3_4_200_204.csv,120,1020,3,4,200,204,200,42
human_120_10210_1_35_200_188.csv,120,10210,1,35,200,188,200,42
human_120_10211_1_35_200_200.csv,120,10211,1,35,200,200,200,42
human_120_10212_1_35_200_142.csv,120,10212,1,35,200,142,200,42
human_120_10213_1_35_200_190.csv,120,10213,1,35,200,190,200,42
human_120_10214_1_35_200_186.csv,120,10214,1,35,200,186,200,42
human_120_10215_1_35_200_174.csv,120,10215,1,35,200,174,200,42
human_120_10216_1_35_200_181.csv,120,10216,1,35,200,181,200,42
human_120_10217_1_35_200_190.csv,120,10217,1,35,200,190,200,42
human_120_10218_1_35_200_195.csv,120,10218,1,35,200,195,200,42
human_120_10219_1_35_200_161.csv,120,10219,1,35,200,161,200,42
human_120_1021_3_4_200_204.csv,120,1021,3,4,200,204,200,42
human_120_10220_1_35_200_198.csv,120,10220,1,35,200,198,200,42
human_120_10221_1_35_200_170.csv,120,10221,1,35,200,170,200,42
human_120_10222_1_35_200_200.csv,120,10222,1,35,200,200,200,42
human_120_10223_1_35_200_185.csv,120,10223,1,35,200,185,200,42
human_120_10224_1_35_200_205.csv,120,10224,1,35,200,205,200,42
human_120_10225_1_35_200_200.csv,120,10225,1,35,200,200,200,42
human_120_10226_1_35_200_175.csv,120,10226,1,35,200,175,200,42
human_120_10227_1_35_200_185.csv,120,10227,1,35,200,185,200,42
human_120_10228_1_35_200_190.csv,120,10228,1,35,200,190,200,42
human_120_10229_1_35_200_165.csv,120,10229,1,35,200,165,200,42
human_120_1022_3_4_200_209.csv,120,1022,3,4,200,209,200,42
human_120_10230_1_35_200_206.csv,120,10230,1,35,200,206,200,42
human_120_10231_1_35_200_160.csv,120,10231,1,35,200,160,200,42
human_120_10232_1_35_200_195.csv,120,10232,1,35,200,195,200,42
human_120_10233_1_35_200_184.csv,120,10233,1,35,200,184,200,42
human_120_10234_1_35_200_195.csv,120,10234,1,35,200,195,200,42
human_120_10235_1_35_200_200.csv,120,10235,1,35,200,200,200,42
human_120_10236_1_35_200_195.csv,120,10236,1,35,200,195,200,42
human_120_10237_1_35_200_189.csv,120,10237,1,35,200,189,200,42
human_120_10238_1_35_200_172.csv,120,10238,1,35,200,172,200,42
human_120_10239_1_35_200_200.csv,120,10239,1,35,200,200,200,42
human_120_1023_3_4_200_200.csv,120,1023,3,4,200,200,200,42
human_120_10240_1_35_200_179.csv,120,10240,1,35,200,179,200,42
human_120_10241_1_35_200_200.csv,120,10241,1,35,200,200,200,42
human_120_10242_1_35_200_158.csv,120,10242,1,35,200,158,200,42
human_120_10243_1_35_200_166.csv,120,10243,1,35,200,166,200,42
human_120_10244_1_35_200_189.csv,120,10244,1,35,200,189,200,42
human_120_10245_1_35_200_177.csv,120,10245,1,35,200,177,200,42
human_120_10246_1_35_200_196.csv,120,10246,1,35,200,196,200,42
human_120_10247_1_35_200_196.csv,120,10247,1,35,200,196,200,42
human_120_10248_1_35_200_200.csv,120,10248,1,35,200,200,200,42
human_120_10249_1_35_200_194.csv,120,10249,1,35,200,194,200,42
human_120_1024_3_4_200_201.csv,120,1024,3,4,200,201,200,42
human_120_10250_1_35_200_160.csv,120,10250,1,35,200,160,200,42
human_120_10251_2_35_200_178.csv,120,10251,2,35,200,178,200,42
human_120_10252_2_35_200_184.csv,120,10252,2,35,200,184,200,42
human_120_10253_2_35_200_175.csv,120,10253,2,35,200,175,200,42
human_120_10254_2_35_200_174.csv,120,10254,2,35,200,174,200,42
human_120_10255_2_35_200_208.csv,120,10255,2,35,200,208,200,42
human_120_10256_2_35_200_188.csv,120,10256,2,35,200,188,200,42
human_120_10257_2_35_200_181.csv,120,10257,2,35,200,181,200,42
human_120_10258_2_35_200_196.csv,120,10258,2,35,200,196,200,42
human_120_10259_2_35_200_182.csv,120,10259,2,35,200,182,200,42
human_120_1025_3_4_200_200.csv,120,1025,3,4,200,200,200,42
human_120_10260_2_35_200_188.csv,120,10260,2,35,200,188,200,42
human_120_10261_2_35_200_196.csv,120,10261,2,35,200,196,200,42
human_120_10262_2_35_200_192.csv,120,10262,2,35,200,192,200,42
human_120_10263_2_35_200_190.csv,120,10263,2,35,200,190,200,42
human_120_10264_2_35_200_192.csv,120,10264,2,35,200,192,200,42
human_120_10265_2_35_200_179.csv,120,10265,2,35,200,179,200,42
human_120_10266_2_35_200_182.csv,120,10266,2,35,200,182,200,42
human_120_10267_2_35_200_187.csv,120,10267,2,35,200,187,200,42
human_120_10268_2_35_200_180.csv,120,10268,2,35,200,180,200,42
human_120_10269_2_35_200_192.csv,120,10269,2,35,200,192,200,42
human_120_1026_3_4_200_195.csv,120,1026,3,4,200,195,200,42
human_120_10270_2_35_200_201.csv,120,10270,2,35,200,201,200,42
human_120_10271_2_35_200_197.csv,120,10271,2,35,200,197,200,42
human_120_10272_2_35_200_165.csv,120,10272,2,35,200,165,200,42
human_120_10273_2_35_200_203.csv,120,10273,2,35,200,203,200,42
human_120_10274_2_35_200_187.csv,120,10274,2,35,200,187,200,42
human_120_10275_2_35_200_180.csv,120,10275,2,35,200,180,200,42
human_120_10276_2_35_200_196.csv,120,10276,2,35,200,196,200,42
human_120_10277_2_35_200_187.csv,120,10277,2,35,200,187,200,42
human_120_10278_2_35_200_191.csv,120,10278,2,35,200,191,200,42
human_120_10279_2_35_200_177.csv,120,10279,2,35,200,177,200,42
human_120_1027_3_4_200_207.csv,120,1027,3,4,200,207,200,42
human_120_10280_2_35_200_188.csv,120,10280,2,35,200,188,200,42
human_120_10281_2_35_200_187.csv,120,10281,2,35,200,187,200,42
human_120_10282_2_35_200_187.csv,120,10282,2,35,200,187,200,42
human_120_10283_2_35_200_187.csv,120,10283,2,35,200,187,200,42
human_120_10284_2_35_200_189.csv,120,10284,2,35,200,189,200,42
human_120_10285_2_35_200_197.csv,120,10285,2,35,200,197,200,42
human_120_10286_2_35_200_184.csv,120,10286,2,35,200,184,200,42
human_120_10287_2_35_200_192.csv,120,10287,2,35,200,192,200,42
human_120_10288_2_35_200_198.csv,120,10288,2,35,200,198,200,42
human_120_10289_2_35_200_194.csv,120,10289,2,35,200,194,200,42
human_120_1028_3_4_200_204.csv,120,1028,3,4,200,204,200,42
human_120_10290_2_35_200_192.csv,120,10290,2,35,200,192,200,42
human_120_10291_2_35_200_197.csv,120,10291,2,35,200,197,200,42
human_120_10292_2_35_200_187.csv,120,10292,2,35,200,187,200,42
human_120_10293_2_35_200_192.csv,120,10293,2,35,200,192,200,42
human_120_10294_2_35_200_183.csv,120,10294,2,35,200,183,200,42
human_120_10295_2_35_200_202.csv,120,10295,2,35,200,202,200,42
human_120_10296_2_35_200_195.csv,120,10296,2,35,200,195,200,42
human_120_10297_2_35_200_199.csv,120,10297,2,35,200,199,200,42
human_120_10298_2_35_200_183.csv,120,10298,2,35,200,183,200,42
human_120_10299_2_35_200_200.csv,120,10299,2,35,200,200,200,42
human_120_1029_3_4_200_198.csv,120,1029,3,4,200,198,200,42
human_120_102_3_1_200_193.csv,120,102,3,1,200,193,200,42
human_120_10300_2_35_200_187.csv,120,10300,2,35,200,187,200,42
human_120_10301_3_35_200_189.csv,120,10301,3,35,200,189,200,42
human_120_10302_3_35_200_179.csv,120,10302,3,35,200,179,200,42
human_120_10303_3_35_200_177.csv,120,10303,3,35,200,177,200,42
human_120_10304_3_35_200_172.csv,120,10304,3,35,200,172,200,42
human_120_10305_3_35_200_175.csv,120,10305,3,35,200,175,200,42
human_120_10306_3_35_200_174.csv,120,10306,3,35,200,174,200,42
human_120_10307_3_35_200_194.csv,120,10307,3,35,200,194,200,42
human_120_10308_3_35_200_176.csv,120,10308,3,35,200,176,200,42
human_120_10309_3_35_200_171.csv,120,10309,3,35,200,171,200,42
human_120_1030_3_4_200_200.csv,120,1030,3,4,200,200,200,42
human_120_10310_3_35_200_180.csv,120,10310,3,35,200,180,200,42
human_120_10311_3_35_200_164.csv,120,10311,3,35,200,164,200,42
human_120_10312_3_35_200_163.csv,120,10312,3,35,200,163,200,42
human_120_10313_3_35_200_210.csv,120,10313,3,35,200,210,200,42
human_120_10314_3_35_200_168.csv,120,10314,3,35,200,168,200,42
human_120_10315_3_35_200_175.csv,120,10315,3,35,200,175,200,42
human_120_10316_3_35_200_170.csv,120,10316,3,35,200,170,200,42
human_120_10317_3_35_200_175.csv,120,10317,3,35,200,175,200,42
human_120_10318_3_35_200_173.csv,120,10318,3,35,200,173,200,42
human_120_10319_3_35_200_182.csv,120,10319,3,35,200,182,200,42
human_120_1031_3_4_200_206.csv,120,1031,3,4,200,206,200,42
human_120_10320_3_35_200_184.csv,120,10320,3,35,200,184,200,42
human_120_10321_3_35_200_175.csv,120,10321,3,35,200,175,200,42
human_120_10322_3_35_200_174.csv,120,10322,3,35,200,174,200,42
human_120_10323_3_35_200_183.csv,120,10323,3,35,200,183,200,42
human_120_10324_3_35_200_176.csv,120,10324,3,35,200,176,200,42
human_120_10325_3_35_200_178.csv,120,10325,3,35,200,178,200,42
human_120_10326_3_35_200_175.csv,120,10326,3,35,200,175,200,42
human_120_10327_3_35_200_186.csv,120,10327,3,35,200,186,200,42
human_120_10328_3_35_200_180.csv,120,10328,3,35,200,180,200,42
human_120_10329_3_35_200_183.csv,120,10329,3,35,200,183,200,42
human_120_1032_3_4_200_212.csv,120,1032,3,4,200,212,200,42
human_120_10330_3_35_200_176.csv,120,10330,3,35,200,176,200,42
human_120_10331_3_35_200_174.csv,120,10331,3,35,200,174,200,42
human_120_10332_3_35_200_173.csv,120,10332,3,35,200,173,200,42
human_120_10333_3_35_200_194.csv,120,10333,3,35,200,194,200,42
human_120_10334_3_35_200_180.csv,120,10334,3,35,200,180,200,42
human_120_10335_3_35_200_165.csv,120,10335,3,35,200,165,200,42
human_120_10336_3_35_200_181.csv,120,10336,3,35,200,181,200,42
human_120_10337_3_35_200_162.csv,120,10337,3,35,200,162,200,42
human_120_10338_3_35_200_184.csv,120,10338,3,35,200,184,200,42
human_120_10339_3_35_200_185.csv,120,10339,3,35,200,185,200,42
human_120_1033_3_4_200_198.csv,120,1033,3,4,200,198,200,42
human_120_10340_3_35_200_185.csv,120,10340,3,35,200,185,200,42
human_120_10341_3_35_200_171.csv,120,10341,3,35,200,171,200,42
human_120_10342_3_35_200_174.csv,120,10342,3,35,200,174,200,42
human_120_10343_3_35_200_183.csv,120,10343,3,35,200,183,200,42
human_120_10344_3_35_200_176.csv,120,10344,3,35,200,176,200,42
human_120_10345_3_35_200_190.csv,120,10345,3,35,200,190,200,42
human_120_10346_3_35_200_167.csv,120,10346,3,35,200,167,200,42
human_120_10347_3_35_200_177.csv,120,10347,3,35,200,177,200,42
human_120_10348_3_35_200_182.csv,120,10348,3,35,200,182,200,42
human_120_10349_3_35_200_186.csv,120,10349,3,35,200,186,200,42
human_120_1034_3_4_200_201.csv,120,1034,3,4,200,201,200,42
human_120_10350_3_35_200_187.csv,120,10350,3,35,200,187,200,42
human_120_10351_4_35_200_170.csv,120,10351,4,35,200,170,200,42
human_120_10352_4_35_200_188.csv,120,10352,4,35,200,188,200,42
human_120_10353_4_35_200_173.csv,120,10353,4,35,200,173,200,42
human_120_10354_4_35_200_175.csv,120,10354,4,35,200,175,200,42
human_120_10355_4_35_200_200.csv,120,10355,4,35,200,200,200,42
human_120_10356_4_35_200_187.csv,120,10356,4,35,200,187,200,42
human_120_10357_4_35_200_155.csv,120,10357,4,35,200,155,200,42
human_120_10358_4_35_200_187.csv,120,10358,4,35,200,187,200,42
human_120_10359_4_35_200_157.csv,120,10359,4,35,200,157,200,42
human_120_1035_3_4_200_204.csv,120,1035,3,4,200,204,200,42
human_120_10360_4_35_200_181.csv,120,10360,4,35,200,181,200,42
human_120_10361_4_35_200_175.csv,120,10361,4,35,200,175,200,42
human_120_10362_4_35_200_175.csv,120,10362,4,35,200,175,200,42
human_120_10363_4_35_200_172.csv,120,10363,4,35,200,172,200,42
human_120_10364_4_35_200_164.csv,120,10364,4,35,200,164,200,42
human_120_10365_4_35_200_182.csv,120,10365,4,35,200,182,200,42
human_120_10366_4_35_200_160.csv,120,10366,4,35,200,160,200,42
human_120_10367_4_35_200_161.csv,120,10367,4,35,200,161,200,42
human_120_10368_4_35_200_197.csv,120,10368,4,35,200,197,200,42
human_120_10369_4_35_200_168.csv,120,10369,4,35,200,168,200,42
human_120_1036_3_4_200_198.csv,120,1036,3,4,200,198,200,42
human_120_10370_4_35_200_179.csv,120,10370,4,35,200,179,200,42
human_120_10371_4_35_200_190.csv,120,10371,4,35,200,190,200,42
human_120_10372_4_35_200_167.csv,120,10372,4,35,200,167,200,42
human_120_10373_4_35_200_160.csv,120,10373,4,35,200,160,200,42
human_120_10374_4_35_200_169.csv,120,10374,4,35,200,169,200,42
human_120_10375_4_35_200_165.csv,120,10375,4,35,200,165,200,42
human_120_10376_4_35_200_160.csv,120,10376,4,35,200,160,200,42
human_120_10377_4_35_200_200.csv,120,10377,4,35,200,200,200,42
human_120_10378_4_35_200_200.csv,120,10378,4,35,200,200,200,42
human_120_10379_4_35_200_164.csv,120,10379,4,35,200,164,200,42
human_120_1037_3_4_200_204.csv,120,1037,3,4,200,204,200,42
human_120_10380_4_35_200_166.csv,120,10380,4,35,200,166,200,42
human_120_10381_4_35_200_165.csv,120,10381,4,35,200,165,200,42
human_120_10382_4_35_200_172.csv,120,10382,4,35,200,172,200,42
human_120_10383_4_35_200_200.csv,120,10383,4,35,200,200,200,42
human_120_10384_4_35_200_183.csv,120,10384,4,35,200,183,200,42
human_120_10385_4_35_200_182.csv,120,10385,4,35,200,182,200,42
human_120_10386_4_35_200_176.csv,120,10386,4,35,200,176,200,42
human_120_10387_4_35_200_154.csv,120,10387,4,35,200,154,200,42
human_120_10388_4_35_200_184.csv,120,10388,4,35,200,184,200,42
human_120_10389_4_35_200_179.csv,120,10389,4,35,200,179,200,42
human_120_1038_3_4_200_198.csv,120,1038,3,4,200,198,200,42
human_120_10390_4_35_200_171.csv,120,10390,4,35,200,171,200,42
human_120_10391_4_35_200_186.csv,120,10391,4,35,200,186,200,42
human_120_10392_4_35_200_187.csv,120,10392,4,35,200,187,200,42
human_120_10393_4_35_200_170.csv,120,10393,4,35,200,170,200,42
human_120_10394_4_35_200_150.csv,120,10394,4,35,200,150,200,42
human_120_10395_4_35_200_192.csv,120,10395,4,35,200,192,200,42
human_120_10396_4_35_200_195.csv,120,10396,4,35,200,195,200,42
human_120_10397_4_35_200_190.csv,120,10397,4,35,200,190,200,42
human_120_10398_4_35_200_155.csv,120,10398,4,35,200,155,200,42
human_120_10399_4_35_200_160.csv,120,10399,4,35,200,160,200,42
human_120_1039_3_4_200_212.csv,120,1039,3,4,200,212,200,42
human_120_103_3_1_200_205.csv,120,103,3,1,200,205,200,42
human_120_10400_4_35_200_190.csv,120,10400,4,35,200,190,200,42
human_120_10401_5_35_200_206.csv,120,10401,5,35,200,206,200,42
human_120_10402_5_35_200_175.csv,120,10402,5,35,200,175,200,42
human_120_10403_5_35_200_203.csv,120,10403,5,35,200,203,200,42
human_120_10404_5_35_200_183.csv,120,10404,5,35,200,183,200,42
human_120_10405_5_35_200_172.csv,120,10405,5,35,200,172,200,42
human_120_10406_5_35_200_208.csv,120,10406,5,35,200,208,200,42
human_120_10407_5_35_200_200.csv,120,10407,5,35,200,200,200,42
human_120_10408_5_35_200_170.csv,120,10408,5,35,200,170,200,42
human_120_10409_5_35_200_211.csv,120,10409,5,35,200,211,200,42
human_120_1040_3_4_200_209.csv,120,1040,3,4,200,209,200,42
human_120_10410_5_35_200_185.csv,120,10410,5,35,200,185,200,42
human_120_10411_5_35_200_194.csv,120,10411,5,35,200,194,200,42
human_120_10412_5_35_200_209.csv,120,10412,5,35,200,209,200,42
human_120_10413_5_35_200_189.csv,120,10413,5,35,200,189,200,42
human_120_10414_5_35_200_197.csv,120,10414,5,35,200,197,200,42
human_120_10415_5_35_200_192.csv,120,10415,5,35,200,192,200,42
human_120_10416_5_35_200_183.csv,120,10416,5,35,200,183,200,42
human_120_10417_5_35_200_188.csv,120,10417,5,35,200,188,200,42
human_120_10418_5_35_200_210.csv,120,10418,5,35,200,210,200,42
human_120_10419_5_35_200_174.csv,120,10419,5,35,200,174,200,42
human_120_1041_3_4_200_204.csv,120,1041,3,4,200,204,200,42
human_120_10420_5_35_200_200.csv,120,10420,5,35,200,200,200,42
human_120_10421_5_35_200_208.csv,120,10421,5,35,200,208,200,42
human_120_10422_5_35_200_193.csv,120,10422,5,35,200,193,200,42
human_120_10423_5_35_200_192.csv,120,10423,5,35,200,192,200,42
human_120_10424_5_35_200_178.csv,120,10424,5,35,200,178,200,42
human_120_10425_5_35_200_198.csv,120,10425,5,35,200,198,200,42
human_120_10426_5_35_200_172.csv,120,10426,5,35,200,172,200,42
human_120_10427_5_35_200_173.csv,120,10427,5,35,200,173,200,42
human_120_10428_5_35_200_192.csv,120,10428,5,35,200,192,200,42
human_120_10429_5_35_200_188.csv,120,10429,5,35,200,188,200,42
human_120_1042_3_4_200_200.csv,120,1042,3,4,200,200,200,42
human_120_10430_5_35_200_196.csv,120,10430,5,35,200,196,200,42
human_120_10431_5_35_200_200.csv,120,10431,5,35,200,200,200,42
human_120_10432_5_35_200_180.csv,120,10432,5,35,200,180,200,42
human_120_10433_5_35_200_199.csv,120,10433,5,35,200,199,200,42
human_120_10434_5_35_200_179.csv,120,10434,5,35,200,179,200,42
human_120_10435_5_35_200_178.csv,120,10435,5,35,200,178,200,42
human_120_10436_5_35_200_179.csv,120,10436,5,35,200,179,200,42
human_120_10437_5_35_200_188.csv,120,10437,5,35,200,188,200,42
human_120_10438_5_35_200_185.csv,120,10438,5,35,200,185,200,42
human_120_10439_5_35_200_196.csv,120,10439,5,35,200,196,200,42
human_120_1043_3_4_200_203.csv,120,1043,3,4,200,203,200,42
human_120_10440_5_35_200_169.csv,120,10440,5,35,200,169,200,42
human_120_10441_5_35_200_204.csv,120,10441,5,35,200,204,200,42
human_120_10442_5_35_200_195.csv,120,10442,5,35,200,195,200,42
human_120_10443_5_35_200_186.csv,120,10443,5,35,200,186,200,42
human_120_10444_5_35_200_208.csv,120,10444,5,35,200,208,200,42
human_120_10445_5_35_200_173.csv,120,10445,5,35,200,173,200,42
human_120_10446_5_35_200_182.csv,120,10446,5,35,200,182,200,42
human_120_10447_5_35_200_169.csv,120,10447,5,35,200,169,200,42
human_120_10448_5_35_200_206.csv,120,10448,5,35,200,206,200,42
human_120_10449_5_35_200_198.csv,120,10449,5,35,200,198,200,42
human_120_1044_3_4_200_205.csv,120,1044,3,4,200,205,200,42
human_120_10450_5_35_200_194.csv,120,10450,5,35,200,194,200,42
human_120_10451_6_35_200_177.csv,120,10451,6,35,200,177,200,42
human_120_10452_6_35_200_180.csv,120,10452,6,35,200,180,200,42
human_120_10453_6_35_200_171.csv,120,10453,6,35,200,171,200,42
human_120_10454_6_35_200_173.csv,120,10454,6,35,200,173,200,42
human_120_10455_6_35_200_171.csv,120,10455,6,35,200,171,200,42
human_120_10456_6_35_200_192.csv,120,10456,6,35,200,192,200,42
human_120_10457_6_35_200_168.csv,120,10457,6,35,200,168,200,42
human_120_10458_6_35_200_174.csv,120,10458,6,35,200,174,200,42
human_120_10459_6_35_200_176.csv,120,10459,6,35,200,176,200,42
human_120_1045_3_4_200_197.csv,120,1045,3,4,200,197,200,42
human_120_10460_6_35_200_184.csv,120,10460,6,35,200,184,200,42
human_120_10461_6_35_200_174.csv,120,10461,6,35,200,174,200,42
human_120_10462_6_35_200_179.csv,120,10462,6,35,200,179,200,42
human_120_10463_6_35_200_180.csv,120,10463,6,35,200,180,200,42
human_120_10464_6_35_200_163.csv,120,10464,6,35,200,163,200,42
human_120_10465_6_35_200_174.csv,120,10465,6,35,200,174,200,42
human_120_10466_6_35_200_168.csv,120,10466,6,35,200,168,200,42
human_120_10467_6_35_200_186.csv,120,10467,6,35,200,186,200,42
human_120_10468_6_35_200_166.csv,120,10468,6,35,200,166,200,42
human_120_10469_6_35_200_182.csv,120,10469,6,35,200,182,200,42
human_120_1046_3_4_200_206.csv,120,1046,3,4,200,206,200,42
human_120_10470_6_35_200_186.csv,120,10470,6,35,200,186,200,42
human_120_10471_6_35_200_173.csv,120,10471,6,35,200,173,200,42
human_120_10472_6_35_200_172.csv,120,10472,6,35,200,172,200,42
human_120_10473_6_35_200_175.csv,120,10473,6,35,200,175,200,42
human_120_10474_6_35_200_172.csv,120,10474,6,35,200,172,200,42
human_120_10475_6_35_200_183.csv,120,10475,6,35,200,183,200,42
human_120_10476_6_35_200_170.csv,120,10476,6,35,200,170,200,42
human_120_10477_6_35_200_167.csv,120,10477,6,35,200,167,200,42
human_120_10478_6_35_200_178.csv,120,10478,6,35,200,178,200,42
human_120_10479_6_35_200_177.csv,120,10479,6,35,200,177,200,42
human_120_1047_3_4_200_189.csv,120,1047,3,4,200,189,200,42
human_120_10480_6_35_200_168.csv,120,10480,6,35,200,168,200,42
human_120_10481_6_35_200_173.csv,120,10481,6,35,200,173,200,42
human_120_10482_6_35_200_172.csv,120,10482,6,35,200,172,200,42
human_120_10483_6_35_200_164.csv,120,10483,6,35,200,164,200,42
human_120_10484_6_35_200_169.csv,120,10484,6,35,200,169,200,42
human_120_10485_6_35_200_174.csv,120,10485,6,35,200,174,200,42
human_120_10486_6_35_200_172.csv,120,10486,6,35,200,172,200,42
human_120_10487_6_35_200_160.csv,120,10487,6,35,200,160,200,42
human_120_10488_6_35_200_183.csv,120,10488,6,35,200,183,200,42
human_120_10489_6_35_200_172.csv,120,10489,6,35,200,172,200,42
human_120_1048_3_4_200_197.csv,120,1048,3,4,200,197,200,42
human_120_10490_6_35_200_176.csv,120,10490,6,35,200,176,200,42
human_120_10491_6_35_200_207.csv,120,10491,6,35,200,207,200,42
human_120_10492_6_35_200_161.csv,120,10492,6,35,200,161,200,42
human_120_10493_6_35_200_203.csv,120,10493,6,35,200,203,200,42
human_120_10494_6_35_200_160.csv,120,10494,6,35,200,160,200,42
human_120_10495_6_35_200_198.csv,120,10495,6,35,200,198,200,42
human_120_10496_6_35_200_172.csv,120,10496,6,35,200,172,200,42
human_120_10497_6_35_200_172.csv,120,10497,6,35,200,172,200,42
human_120_10498_6_35_200_169.csv,120,10498,6,35,200,169,200,42
human_120_10499_6_35_200_184.csv,120,10499,6,35,200,184,200,42
human_120_1049_3_4_200_200.csv,120,1049,3,4,200,200,200,42
human_120_104_3_1_200_186.csv,120,104,3,1,200,186,200,42
human_120_10500_6_35_200_172.csv,120,10500,6,35,200,172,200,42
human_120_10501_1_36_200_169.csv,120,10501,1,36,200,169,200,42
human_120_10502_1_36_200_190.csv,120,10502,1,36,200,190,200,42
human_120_10503_1_36_200_170.csv,120,10503,1,36,200,170,200,42
human_120_10504_1_36_200_150.csv,120,10504,1,36,200,150,200,42
human_120_10505_1_36_200_144.csv,120,10505,1,36,200,144,200,42
human_120_10506_1_36_200_188.csv,120,10506,1,36,200,188,200,42
human_120_10507_1_36_200_200.csv,120,10507,1,36,200,200,200,42
human_120_10508_1_36_200_188.csv,120,10508,1,36,200,188,200,42
human_120_10509_1_36_200_196.csv,120,10509,1,36,200,196,200,42
human_120_1050_3_4_200_207.csv,120,1050,3,4,200,207,200,42
human_120_10510_1_36_200_165.csv,120,10510,1,36,200,165,200,42
human_120_10511_1_36_200_195.csv,120,10511,1,36,200,195,200,42
human_120_10512_1_36_200_200.csv,120,10512,1,36,200,200,200,42
human_120_10513_1_36_200_157.csv,120,10513,1,36,200,157,200,42
human_120_10514_1_36_200_188.csv,120,10514,1,36,200,188,200,42
human_120_10515_1_36_200_187.csv,120,10515,1,36,200,187,200,42
human_120_10516_1_36_200_165.csv,120,10516,1,36,200,165,200,42
human_120_10517_1_36_200_200.csv,120,10517,1,36,200,200,200,42
human_120_10518_1_36_200_192.csv,120,10518,1,36,200,192,200,42
human_120_10519_1_36_200_183.csv,120,10519,1,36,200,183,200,42
human_120_1051_4_4_200_189.csv,120,1051,4,4,200,189,200,42
human_120_10520_1_36_200_189.csv,120,10520,1,36,200,189,200,42
human_120_10521_1_36_200_160.csv,120,10521,1,36,200,160,200,42
human_120_10522_1_36_200_205.csv,120,10522,1,36,200,205,200,42
human_120_10523_1_36_200_189.csv,120,10523,1,36,200,189,200,42
human_120_10524_1_36_200_172.csv,120,10524,1,36,200,172,200,42
human_120_10525_1_36_200_184.csv,120,10525,1,36,200,184,200,42
human_120_10526_1_36_200_173.csv,120,10526,1,36,200,173,200,42
human_120_10527_1_36_200_169.csv,120,10527,1,36,200,169,200,42
human_120_10528_1_36_200_178.csv,120,10528,1,36,200,178,200,42
human_120_10529_1_36_200_157.csv,120,10529,1,36,200,157,200,42
human_120_1052_4_4_200_182.csv,120,1052,4,4,200,182,200,42
human_120_10530_1_36_200_196.csv,120,10530,1,36,200,196,200,42
human_120_10531_1_36_200_182.csv,120,10531,1,36,200,182,200,42
human_120_10532_1_36_200_200.csv,120,10532,1,36,200,200,200,42
human_120_10533_1_36_200_160.csv,120,10533,1,36,200,160,200,42
human_120_10534_1_36_200_156.csv,120,10534,1,36,200,156,200,42
human_120_10535_1_36_200_200.csv,120,10535,1,36,200,200,200,42
human_120_10536_1_36_200_190.csv,120,10536,1,36,200,190,200,42
human_120_10537_1_36_200_177.csv,120,10537,1,36,200,177,200,42
human_120_10538_1_36_200_171.csv,120,10538,1,36,200,171,200,42
human_120_10539_1_36_200_155.csv,120,10539,1,36,200,155,200,42
human_120_1053_4_4_200_158.csv,120,1053,4,4,200,158,200,42
human_120_10540_1_36_200_150.csv,120,10540,1,36,200,150,200,42
human_120_10541_1_36_200_200.csv,120,10541,1,36,200,200,200,42
human_120_10542_1_36_200_180.csv,120,10542,1,36,200,180,200,42
human_120_10543_1_36_200_192.csv,120,10543,1,36,200,192,200,42
human_120_10544_1_36_200_150.csv,120,10544,1,36,200,150,200,42
human_120_10545_1_36_200_180.csv,120,10545,1,36,200,180,200,42
human_120_10546_1_36_200_175.csv,120,10546,1,36,200,175,200,42
human_120_10547_1_36_200_190.csv,120,10547,1,36,200,190,200,42
human_120_10548_1_36_200_161.csv,120,10548,1,36,200,161,200,42
human_120_10549_1_36_200_160.csv,120,10549,1,36,200,160,200,42
human_120_1054_4_4_200_165.csv,120,1054,4,4,200,165,200,42
human_120_10550_1_36_200_150.csv,120,10550,1,36,200,150,200,42
human_120_10551_2_36_200_176.csv,120,10551,2,36,200,176,200,42
human_120_10552_2_36_200_185.csv,120,10552,2,36,200,185,200,42
human_120_10553_2_36_200_192.csv,120,10553,2,36,200,192,200,42
human_120_10554_2_36_200_167.csv,120,10554,2,36,200,167,200,42
human_120_10555_2_36_200_207.csv,120,10555,2,36,200,207,200,42
human_120_10556_2_36_200_188.csv,120,10556,2,36,200,188,200,42
human_120_10557_2_36_200_184.csv,120,10557,2,36,200,184,200,42
human_120_10558_2_36_200_194.csv,120,10558,2,36,200,194,200,42
human_120_10559_2_36_200_163.csv,120,10559,2,36,200,163,200,42
human_120_1055_4_4_200_159.csv,120,1055,4,4,200,159,200,42
human_120_10560_2_36_200_213.csv,120,10560,2,36,200,213,200,42
human_120_10561_2_36_200_162.csv,120,10561,2,36,200,162,200,42
human_120_10562_2_36_200_210.csv,120,10562,2,36,200,210,200,42
human_120_10563_2_36_200_182.csv,120,10563,2,36,200,182,200,42
human_120_10564_2_36_200_188.csv,120,10564,2,36,200,188,200,42
human_120_10565_2_36_200_195.csv,120,10565,2,36,200,195,200,42
human_120_10566_2_36_200_198.csv,120,10566,2,36,200,198,200,42
human_120_10567_2_36_200_180.csv,120,10567,2,36,200,180,200,42
human_120_10568_2_36_200_172.csv,120,10568,2,36,200,172,200,42
human_120_10569_2_36_200_187.csv,120,10569,2,36,200,187,200,42
human_120_1056_4_4_200_177.csv,120,1056,4,4,200,177,200,42
human_120_10570_2_36_200_194.csv,120,10570,2,36,200,194,200,42
human_120_10571_2_36_200_192.csv,120,10571,2,36,200,192,200,42
human_120_10572_2_36_200_180.csv,120,10572,2,36,200,180,200,42
human_120_10573_2_36_200_184.csv,120,10573,2,36,200,184,200,42
human_120_10574_2_36_200_195.csv,120,10574,2,36,200,195,200,42
human_120_10575_2_36_200_182.csv,120,10575,2,36,200,182,200,42
human_120_10576_2_36_200_193.csv,120,10576,2,36,200,193,200,42
human_120_10577_2_36_200_189.csv,120,10577,2,36,200,189,200,42
human_120_10578_2_36_200_190.csv,120,10578,2,36,200,190,200,42
human_120_10579_2_36_200_185.csv,120,10579,2,36,200,185,200,42
human_120_1057_4_4_200_184.csv,120,1057,4,4,200,184,200,42
human_120_10580_2_36_200_183.csv,120,10580,2,36,200,183,200,42
human_120_10581_2_36_200_214.csv,120,10581,2,36,200,214,200,42
human_120_10582_2_36_200_178.csv,120,10582,2,36,200,178,200,42
human_120_10583_2_36_200_204.csv,120,10583,2,36,200,204,200,42
human_120_10584_2_36_200_162.csv,120,10584,2,36,200,162,200,42
human_120_10585_2_36_200_183.csv,120,10585,2,36,200,183,200,42
human_120_10586_2_36_200_171.csv,120,10586,2,36,200,171,200,42
human_120_10587_2_36_200_189.csv,120,10587,2,36,200,189,200,42
human_120_10588_2_36_200_189.csv,120,10588,2,36,200,189,200,42
human_120_10589_2_36_200_196.csv,120,10589,2,36,200,196,200,42
human_120_1058_4_4_200_168.csv,120,1058,4,4,200,168,200,42
human_120_10590_2_36_200_216.csv,120,10590,2,36,200,216,200,42
human_120_10591_2_36_200_179.csv,120,10591,2,36,200,179,200,42
human_120_10592_2_36_200_197.csv,120,10592,2,36,200,197,200,42
human_120_10593_2_36_200_204.csv,120,10593,2,36,200,204,200,42
human_120_10594_2_36_200_176.csv,120,10594,2,36,200,176,200,42
human_120_10595_2_36_200_177.csv,120,10595,2,36,200,177,200,42
human_120_10596_2_36_200_190.csv,120,10596,2,36,200,190,200,42
human_120_10597_2_36_200_185.csv,120,10597,2,36,200,185,200,42
human_120_10598_2_36_200_197.csv,120,10598,2,36,200,197,200,42
human_120_10599_2_36_200_185.csv,120,10599,2,36,200,185,200,42
human_120_1059_4_4_200_186.csv,120,1059,4,4,200,186,200,42
human_120_105_3_1_200_190.csv,120,105,3,1,200,190,200,42
human_120_10600_2_36_200_195.csv,120,10600,2,36,200,195,200,42
human_120_10601_3_36_200_192.csv,120,10601,3,36,200,192,200,42
human_120_10602_3_36_200_195.csv,120,10602,3,36,200,195,200,42
human_120_10603_3_36_200_181.csv,120,10603,3,36,200,181,200,42
human_120_10604_3_36_200_173.csv,120,10604,3,36,200,173,200,42
human_120_10605_3_36_200_155.csv,120,10605,3,36,200,155,200,42
human_120_10606_3_36_200_185.csv,120,10606,3,36,200,185,200,42
human_120_10607_3_36_200_202.csv,120,10607,3,36,200,202,200,42
human_120_10608_3_36_200_167.csv,120,10608,3,36,200,167,200,42
human_120_10609_3_36_200_195.csv,120,10609,3,36,200,195,200,42
human_120_1060_4_4_200_161.csv,120,1060,4,4,200,161,200,42
human_120_10610_3_36_200_178.csv,120,10610,3,36,200,178,200,42
human_120_10611_3_36_200_160.csv,120,10611,3,36,200,160,200,42
human_120_10612_3_36_200_200.csv,120,10612,3,36,200,200,200,42
human_120_10613_3_36_200_195.csv,120,10613,3,36,200,195,200,42
human_120_10614_3_36_200_160.csv,120,10614,3,36,200,160,200,42
human_120_10615_3_36_200_177.csv,120,10615,3,36,200,177,200,42
human_120_10616_3_36_200_205.csv,120,10616,3,36,200,205,200,42
human_120_10617_3_36_200_180.csv,120,10617,3,36,200,180,200,42
human_120_10618_3_36_200_186.csv,120,10618,3,36,200,186,200,42
human_120_10619_3_36_200_182.csv,120,10619,3,36,200,182,200,42
human_120_1061_4_4_200_182.csv,120,1061,4,4,200,182,200,42
human_120_10620_3_36_200_183.csv,120,10620,3,36,200,183,200,42
human_120_10621_3_36_200_181.csv,120,10621,3,36,200,181,200,42
human_120_10622_3_36_200_186.csv,120,10622,3,36,200,186,200,42
human_120_10623_3_36_200_167.csv,120,10623,3,36,200,167,200,42
human_120_10624_3_36_200_174.csv,120,10624,3,36,200,174,200,42
human_120_10625_3_36_200_168.csv,120,10625,3,36,200,168,200,42
human_120_10626_3_36_200_177.csv,120,10626,3,36,200,177,200,42
human_120_10627_3_36_200_194.csv,120,10627,3,36,200,194,200,42
human_120_10628_3_36_200_166.csv,120,10628,3,36,200,166,200,42
human_120_10629_3_36_200_192.csv,120,10629,3,36,200,192,200,42
human_120_1062_4_4_200_182.csv,120,1062,4,4,200,182,200,42
human_120_10630_3_36_200_173.csv,120,10630,3,36,200,173,200,42
human_120_10631_3_36_200_200.csv,120,10631,3,36,200,200,200,42
human_120_10632_3_36_200_196.csv,120,10632,3,36,200,196,200,42
human_120_10633_3_36_200_197.csv,120,10633,3,36,200,197,200,42
human_120_10634_3_36_200_180.csv,120,10634,3,36,200,180,200,42
human_120_10635_3_36_200_202.csv,120,10635,3,36,200,202,200,42
human_120_10636_3_36_200_204.csv,120,10636,3,36,200,204,200,42
human_120_10637_3_36_200_193.csv,120,10637,3,36,200,193,200,42
human_120_10638_3_36_200_188.csv,120,10638,3,36,200,188,200,42
human_120_10639_3_36_200_202.csv,120,10639,3,36,200,202,200,42
human_120_1063_4_4_200_193.csv,120,1063,4,4,200,193,200,42
human_120_10640_3_36_200_176.csv,120,10640,3,36,200,176,200,42
human_120_10641_3_36_200_203.csv,120,10641,3,36,200,203,200,42
human_120_10642_3_36_200_196.csv,120,10642,3,36,200,196,200,42
human_120_10643_3_36_200_172.csv,120,10643,3,36,200,172,200,42
human_120_10644_3_36_200_200.csv,120,10644,3,36,200,200,200,42
human_120_10645_3_36_200_189.csv,120,10645,3,36,200,189,200,42
human_120_10646_3_36_200_185.csv,120,10646,3,36,200,185,200,42
human_120_10647_3_36_200_165.csv,120,10647,3,36,200,165,200,42
human_120_10648_3_36_200_200.csv,120,10648,3,36,200,200,200,42
human_120_10649_3_36_200_164.csv,120,10649,3,36,200,164,200,42
human_120_1064_4_4_200_173.csv,120,1064,4,4,200,173,200,42
human_120_10650_3_36_200_200.csv,120,10650,3,36,200,200,200,42
human_120_10651_4_36_200_175.csv,120,10651,4,36,200,175,200,42
human_120_10652_4_36_200_181.csv,120,10652,4,36,200,181,200,42
human_120_10653_4_36_200_164.csv,120,10653,4,36,200,164,200,42
human_120_10654_4_36_200_160.csv,120,10654,4,36,200,160,200,42
human_120_10655_4_36_200_190.csv,120,10655,4,36,200,190,200,42
human_120_10656_4_36_200_193.csv,120,10656,4,36,200,193,200,42
human_120_10657_4_36_200_165.csv,120,10657,4,36,200,165,200,42
human_120_10658_4_36_200_200.csv,120,10658,4,36,200,200,200,42
human_120_10659_4_36_200_164.csv,120,10659,4,36,200,164,200,42
human_120_1065_4_4_200_171.csv,120,1065,4,4,200,171,200,42
human_120_10660_4_36_200_190.csv,120,10660,4,36,200,190,200,42
human_120_10661_4_36_200_175.csv,120,10661,4,36,200,175,200,42
human_120_10662_4_36_200_165.csv,120,10662,4,36,200,165,200,42
human_120_10663_4_36_200_165.csv,120,10663,4,36,200,165,200,42
human_120_10664_4_36_200_185.csv,120,10664,4,36,200,185,200,42
human_120_10665_4_36_200_200.csv,120,10665,4,36,200,200,200,42
human_120_10666_4_36_200_186.csv,120,10666,4,36,200,186,200,42
human_120_10667_4_36_200_169.csv,120,10667,4,36,200,169,200,42
human_120_10668_4_36_200_187.csv,120,10668,4,36,200,187,200,42
human_120_10669_4_36_200_161.csv,120,10669,4,36,200,161,200,42
human_120_1066_4_4_200_187.csv,120,1066,4,4,200,187,200,42
human_120_10670_4_36_200_180.csv,120,10670,4,36,200,180,200,42
human_120_10671_4_36_200_155.csv,120,10671,4,36,200,155,200,42
human_120_10672_4_36_200_155.csv,120,10672,4,36,200,155,200,42
human_120_10673_4_36_200_165.csv,120,10673,4,36,200,165,200,42
human_120_10674_4_36_200_156.csv,120,10674,4,36,200,156,200,42
human_120_10675_4_36_200_176.csv,120,10675,4,36,200,176,200,42
human_120_10676_4_36_200_150.csv,120,10676,4,36,200,150,200,42
human_120_10677_4_36_200_207.csv,120,10677,4,36,200,207,200,42
human_120_10678_4_36_200_178.csv,120,10678,4,36,200,178,200,42
human_120_10679_4_36_200_150.csv,120,10679,4,36,200,150,200,42
human_120_1067_4_4_200_171.csv,120,1067,4,4,200,171,200,42
human_120_10680_4_36_200_155.csv,120,10680,4,36,200,155,200,42
human_120_10681_4_36_200_150.csv,120,10681,4,36,200,150,200,42
human_120_10682_4_36_200_200.csv,120,10682,4,36,200,200,200,42
human_120_10683_4_36_200_195.csv,120,10683,4,36,200,195,200,42
human_120_10684_4_36_200_150.csv,120,10684,4,36,200,150,200,42
human_120_10685_4_36_200_140.csv,120,10685,4,36,200,140,200,42
human_120_10686_4_36_200_190.csv,120,10686,4,36,200,190,200,42
human_120_10687_4_36_200_168.csv,120,10687,4,36,200,168,200,42
human_120_10688_4_36_200_169.csv,120,10688,4,36,200,169,200,42
human_120_10689_4_36_200_200.csv,120,10689,4,36,200,200,200,42
human_120_1068_4_4_200_171.csv,120,1068,4,4,200,171,200,42
human_120_10690_4_36_200_158.csv,120,10690,4,36,200,158,200,42
human_120_10691_4_36_200_182.csv,120,10691,4,36,200,182,200,42
human_120_10692_4_36_200_146.csv,120,10692,4,36,200,146,200,42
human_120_10693_4_36_200_173.csv,120,10693,4,36,200,173,200,42
human_120_10694_4_36_200_200.csv,120,10694,4,36,200,200,200,42
human_120_10695_4_36_200_166.csv,120,10695,4,36,200,166,200,42
human_120_10696_4_36_200_155.csv,120,10696,4,36,200,155,200,42
human_120_10697_4_36_200_150.csv,120,10697,4,36,200,150,200,42
human_120_10698_4_36_200_195.csv,120,10698,4,36,200,195,200,42
human_120_10699_4_36_200_170.csv,120,10699,4,36,200,170,200,42
human_120_1069_4_4_200_182.csv,120,1069,4,4,200,182,200,42
human_120_106_3_1_200_200.csv,120,106,3,1,200,200,200,42
human_120_10700_4_36_200_181.csv,120,10700,4,36,200,181,200,42
human_120_10701_5_36_200_150.csv,120,10701,5,36,200,150,200,42
human_120_10702_5_36_200_161.csv,120,10702,5,36,200,161,200,42
human_120_10703_5_36_200_162.csv,120,10703,5,36,200,162,200,42
human_120_10704_5_36_200_168.csv,120,10704,5,36,200,168,200,42
human_120_10705_5_36_200_179.csv,120,10705,5,36,200,179,200,42
human_120_10706_5_36_200_159.csv,120,10706,5,36,200,159,200,42
human_120_10707_5_36_200_174.csv,120,10707,5,36,200,174,200,42
human_120_10708_5_36_200_179.csv,120,10708,5,36,200,179,200,42
human_120_10709_5_36_200_180.csv,120,10709,5,36,200,180,200,42
human_120_1070_4_4_200_172.csv,120,1070,4,4,200,172,200,42
human_120_10710_5_36_200_188.csv,120,10710,5,36,200,188,200,42
human_120_10711_5_36_200_166.csv,120,10711,5,36,200,166,200,42
human_120_10712_5_36_200_165.csv,120,10712,5,36,200,165,200,42
human_120_10713_5_36_200_193.csv,120,10713,5,36,200,193,200,42
human_120_10714_5_36_200_167.csv,120,10714,5,36,200,167,200,42
human_120_10715_5_36_200_163.csv,120,10715,5,36,200,163,200,42
human_120_10716_5_36_200_178.csv,120,10716,5,36,200,178,200,42
human_120_10717_5_36_200_161.csv,120,10717,5,36,200,161,200,42
human_120_10718_5_36_200_184.csv,120,10718,5,36,200,184,200,42
human_120_10719_5_36_200_166.csv,120,10719,5,36,200,166,200,42
human_120_1071_4_4_200_184.csv,120,1071,4,4,200,184,200,42
human_120_10720_5_36_200_162.csv,120,10720,5,36,200,162,200,42
human_120_10721_5_36_200_163.csv,120,10721,5,36,200,163,200,42
human_120_10722_5_36_200_155.csv,120,10722,5,36,200,155,200,42
human_120_10723_5_36_200_167.csv,120,10723,5,36,200,167,200,42
human_120_10724_5_36_200_154.csv,120,10724,5,36,200,154,200,42
human_120_10725_5_36_200_167.csv,120,10725,5,36,200,167,200,42
human_120_10726_5_36_200_176.csv,120,10726,5,36,200,176,200,42
human_120_10727_5_36_200_168.csv,120,10727,5,36,200,168,200,42
human_120_10728_5_36_200_154.csv,120,10728,5,36,200,154,200,42
human_120_10729_5_36_200_165.csv,120,10729,5,36,200,165,200,42
human_120_1072_4_4_200_165.csv,120,1072,4,4,200,165,200,42
human_120_10730_5_36_200_177.csv,120,10730,5,36,200,177,200,42
human_120_10731_5_36_200_168.csv,120,10731,5,36,200,168,200,42
human_120_10732_5_36_200_166.csv,120,10732,5,36,200,166,200,42
human_120_10733_5_36_200_178.csv,120,10733,5,36,200,178,200,42
human_120_10734_5_36_200_155.csv,120,10734,5,36,200,155,200,42
human_120_10735_5_36_200_176.csv,120,10735,5,36,200,176,200,42
human_120_10736_5_36_200_175.csv,120,10736,5,36,200,175,200,42
human_120_10737_5_36_200_158.csv,120,10737,5,36,200,158,200,42
human_120_10738_5_36_200_170.csv,120,10738,5,36,200,170,200,42
human_120_10739_5_36_200_156.csv,120,10739,5,36,200,156,200,42
human_120_1073_4_4_200_167.csv,120,1073,4,4,200,167,200,42
human_120_10740_5_36_200_150.csv,120,10740,5,36,200,150,200,42
human_120_10741_5_36_200_187.csv,120,10741,5,36,200,187,200,42
human_120_10742_5_36_200_166.csv,120,10742,5,36,200,166,200,42
human_120_10743_5_36_200_155.csv,120,10743,5,36,200,155,200,42
human_120_10744_5_36_200_178.csv,120,10744,5,36,200,178,200,42
human_120_10745_5_36_200_184.csv,120,10745,5,36,200,184,200,42
human_120_10746_5_36_200_161.csv,120,10746,5,36,200,161,200,42
human_120_10747_5_36_200_150.csv,120,10747,5,36,200,150,200,42
human_120_10748_5_36_200_169.csv,120,10748,5,36,200,169,200,42
human_120_10749_5_36_200_162.csv,120,10749,5,36,200,162,200,42
human_120_1074_4_4_200_194.csv,120,1074,4,4,200,194,200,42
human_120_10750_5_36_200_164.csv,120,10750,5,36,200,164,200,42
human_120_10751_6_36_200_170.csv,120,10751,6,36,200,170,200,42
human_120_10752_6_36_200_156.csv,120,10752,6,36,200,156,200,42
human_120_10753_6_36_200_190.csv,120,10753,6,36,200,190,200,42
human_120_10754_6_36_200_175.csv,120,10754,6,36,200,175,200,42
human_120_10755_6_36_200_192.csv,120,10755,6,36,200,192,200,42
human_120_10756_6_36_200_175.csv,120,10756,6,36,200,175,200,42
human_120_10757_6_36_200_201.csv,120,10757,6,36,200,201,200,42
human_120_10758_6_36_200_176.csv,120,10758,6,36,200,176,200,42
human_120_10759_6_36_200_192.csv,120,10759,6,36,200,192,200,42
human_120_1075_4_4_200_166.csv,120,1075,4,4,200,166,200,42
human_120_10760_6_36_200_174.csv,120,10760,6,36,200,174,200,42
human_120_10761_6_36_200_175.csv,120,10761,6,36,200,175,200,42
human_120_10762_6_36_200_174.csv,120,10762,6,36,200,174,200,42
human_120_10763_6_36_200_192.csv,120,10763,6,36,200,192,200,42
human_120_10764_6_36_200_170.csv,120,10764,6,36,200,170,200,42
human_120_10765_6_36_200_182.csv,120,10765,6,36,200,182,200,42
human_120_10766_6_36_200_192.csv,120,10766,6,36,200,192,200,42
human_120_10767_6_36_200_167.csv,120,10767,6,36,200,167,200,42
human_120_10768_6_36_200_161.csv,120,10768,6,36,200,161,200,42
human_120_10769_6_36_200_178.csv,120,10769,6,36,200,178,200,42
human_120_1076_4_4_200_168.csv,120,1076,4,4,200,168,200,42
human_120_10770_6_36_200_170.csv,120,10770,6,36,200,170,200,42
human_120_10771_6_36_200_179.csv,120,10771,6,36,200,179,200,42
human_120_10772_6_36_200_150.csv,120,10772,6,36,200,150,200,42
human_120_10773_6_36_200_209.csv,120,10773,6,36,200,209,200,42
human_120_10774_6_36_200_176.csv,120,10774,6,36,200,176,200,42
human_120_10775_6_36_200_172.csv,120,10775,6,36,200,172,200,42
human_120_10776_6_36_200_168.csv,120,10776,6,36,200,168,200,42
human_120_10777_6_36_200_183.csv,120,10777,6,36,200,183,200,42
human_120_10778_6_36_200_172.csv,120,10778,6,36,200,172,200,42
human_120_10779_6_36_200_185.csv,120,10779,6,36,200,185,200,42
human_120_1077_4_4_200_184.csv,120,1077,4,4,200,184,200,42
human_120_10780_6_36_200_165.csv,120,10780,6,36,200,165,200,42
human_120_10781_6_36_200_187.csv,120,10781,6,36,200,187,200,42
human_120_10782_6_36_200_176.csv,120,10782,6,36,200,176,200,42
human_120_10783_6_36_200_170.csv,120,10783,6,36,200,170,200,42
human_120_10784_6_36_200_163.csv,120,10784,6,36,200,163,200,42
human_120_10785_6_36_200_196.csv,120,10785,6,36,200,196,200,42
human_120_10786_6_36_200_194.csv,120,10786,6,36,200,194,200,42
human_120_10787_6_36_200_185.csv,120,10787,6,36,200,185,200,42
human_120_10788_6_36_200_184.csv,120,10788,6,36,200,184,200,42
human_120_10789_6_36_200_177.csv,120,10789,6,36,200,177,200,42
human_120_1078_4_4_200_166.csv,120,1078,4,4,200,166,200,42
human_120_10790_6_36_200_192.csv,120,10790,6,36,200,192,200,42
human_120_10791_6_36_200_193.csv,120,10791,6,36,200,193,200,42
human_120_10792_6_36_200_154.csv,120,10792,6,36,200,154,200,42
human_120_10793_6_36_200_171.csv,120,10793,6,36,200,171,200,42
human_120_10794_6_36_200_185.csv,120,10794,6,36,200,185,200,42
human_120_10795_6_36_200_157.csv,120,10795,6,36,200,157,200,42
human_120_10796_6_36_200_192.csv,120,10796,6,36,200,192,200,42
human_120_10797_6_36_200_163.csv,120,10797,6,36,200,163,200,42
human_120_10798_6_36_200_186.csv,120,10798,6,36,200,186,200,42
human_120_10799_6_36_200_186.csv,120,10799,6,36,200,186,200,42
human_120_1079_4_4_200_187.csv,120,1079,4,4,200,187,200,42
human_120_107_3_1_200_207.csv,120,107,3,1,200,207,200,42
human_120_10800_6_36_200_194.csv,120,10800,6,36,200,194,200,42
human_120_10801_1_37_200_189.csv,120,10801,1,37,200,189,200,42
human_120_10802_1_37_200_200.csv,120,10802,1,37,200,200,200,42
human_120_10803_1_37_200_190.csv,120,10803,1,37,200,190,200,42
human_120_10804_1_37_200_195.csv,120,10804,1,37,200,195,200,42
human_120_10805_1_37_200_200.csv,120,10805,1,37,200,200,200,42
human_120_10806_1_37_200_200.csv,120,10806,1,37,200,200,200,42
human_120_10807_1_37_200_185.csv,120,10807,1,37,200,185,200,42
human_120_10808_1_37_200_195.csv,120,10808,1,37,200,195,200,42
human_120_10809_1_37_200_193.csv,120,10809,1,37,200,193,200,42
human_120_1080_4_4_200_163.csv,120,1080,4,4,200,163,200,42
human_120_10810_1_37_200_180.csv,120,10810,1,37,200,180,200,42
human_120_10811_1_37_200_200.csv,120,10811,1,37,200,200,200,42
human_120_10812_1_37_200_187.csv,120,10812,1,37,200,187,200,42
human_120_10813_1_37_200_200.csv,120,10813,1,37,200,200,200,42
human_120_10814_1_37_200_197.csv,120,10814,1,37,200,197,200,42
human_120_10815_1_37_200_200.csv,120,10815,1,37,200,200,200,42
human_120_10816_1_37_200_177.csv,120,10816,1,37,200,177,200,42
human_120_10817_1_37_200_200.csv,120,10817,1,37,200,200,200,42
human_120_10818_1_37_200_186.csv,120,10818,1,37,200,186,200,42
human_120_10819_1_37_200_200.csv,120,10819,1,37,200,200,200,42
human_120_1081_4_4_200_173.csv,120,1081,4,4,200,173,200,42
human_120_10820_1_37_200_199.csv,120,10820,1,37,200,199,200,42
human_120_10821_1_37_200_200.csv,120,10821,1,37,200,200,200,42
human_120_10822_1_37_200_200.csv,120,10822,1,37,200,200,200,42
human_120_10823_1_37_200_180.csv,120,10823,1,37,200,180,200,42
human_120_10824_1_37_200_200.csv,120,10824,1,37,200,200,200,42
human_120_10825_1_37_200_190.csv,120,10825,1,37,200,190,200,42
human_120_10826_1_37_200_195.csv,120,10826,1,37,200,195,200,42
human_120_10827_1_37_200_180.csv,120,10827,1,37,200,180,200,42
human_120_10828_1_37_200_195.csv,120,10828,1,37,200,195,200,42
human_120_10829_1_37_200_200.csv,120,10829,1,37,200,200,200,42
human_120_1082_4_4_200_168.csv,120,1082,4,4,200,168,200,42
human_120_10830_1_37_200_200.csv,120,10830,1,37,200,200,200,42
human_120_10831_1_37_200_200.csv,120,10831,1,37,200,200,200,42
human_120_10832_1_37_200_175.csv,120,10832,1,37,200,175,200,42
human_120_10833_1_37_200_200.csv,120,10833,1,37,200,200,200,42
human_120_10834_1_37_200_200.csv,120,10834,1,37,200,200,200,42
human_120_10835_1_37_200_190.csv,120,10835,1,37,200,190,200,42
human_120_10836_1_37_200_200.csv,120,10836,1,37,200,200,200,42
human_120_10837_1_37_200_190.csv,120,10837,1,37,200,190,200,42
human_120_10838_1_37_200_200.csv,120,10838,1,37,200,200,200,42
human_120_10839_1_37_200_170.csv,120,10839,1,37,200,170,200,42
human_120_1083_4_4_200_174.csv,120,1083,4,4,200,174,200,42
human_120_10840_1_37_200_200.csv,120,10840,1,37,200,200,200,42
human_120_10841_1_37_200_200.csv,120,10841,1,37,200,200,200,42
human_120_10842_1_37_200_200.csv,120,10842,1,37,200,200,200,42
human_120_10843_1_37_200_180.csv,120,10843,1,37,200,180,200,42
human_120_10844_1_37_200_200.csv,120,10844,1,37,200,200,200,42
human_120_10845_1_37_200_200.csv,120,10845,1,37,200,200,200,42
human_120_10846_1_37_200_195.csv,120,10846,1,37,200,195,200,42
human_120_10847_1_37_200_170.csv,120,10847,1,37,200,170,200,42
human_120_10848_1_37_200_200.csv,120,10848,1,37,200,200,200,42
human_120_10849_1_37_200_200.csv,120,10849,1,37,200,200,200,42
human_120_1084_4_4_200_188.csv,120,1084,4,4,200,188,200,42
human_120_10850_1_37_200_200.csv,120,10850,1,37,200,200,200,42
human_120_10851_2_37_200_179.csv,120,10851,2,37,200,179,200,42
human_120_10852_2_37_200_184.csv,120,10852,2,37,200,184,200,42
human_120_10853_2_37_200_186.csv,120,10853,2,37,200,186,200,42
human_120_10854_2_37_200_190.csv,120,10854,2,37,200,190,200,42
human_120_10855_2_37_200_189.csv,120,10855,2,37,200,189,200,42
human_120_10856_2_37_200_193.csv,120,10856,2,37,200,193,200,42
human_120_10857_2_37_200_195.csv,120,10857,2,37,200,195,200,42
human_120_10858_2_37_200_197.csv,120,10858,2,37,200,197,200,42
human_120_10859_2_37_200_189.csv,120,10859,2,37,200,189,200,42
human_120_1085_4_4_200_159.csv,120,1085,4,4,200,159,200,42
human_120_10860_2_37_200_184.csv,120,10860,2,37,200,184,200,42
human_120_10861_2_37_200_189.csv,120,10861,2,37,200,189,200,42
human_120_10862_2_37_200_173.csv,120,10862,2,37,200,173,200,42
human_120_10863_2_37_200_188.csv,120,10863,2,37,200,188,200,42
human_120_10864_2_37_200_200.csv,120,10864,2,37,200,200,200,42
human_120_10865_2_37_200_180.csv,120,10865,2,37,200,180,200,42
human_120_10866_2_37_200_202.csv,120,10866,2,37,200,202,200,42
human_120_10867_2_37_200_191.csv,120,10867,2,37,200,191,200,42
human_120_10868_2_37_200_198.csv,120,10868,2,37,200,198,200,42
human_120_10869_2_37_200_188.csv,120,10869,2,37,200,188,200,42
human_120_1086_4_4_200_168.csv,120,1086,4,4,200,168,200,42
human_120_10870_2_37_200_178.csv,120,10870,2,37,200,178,200,42
human_120_10871_2_37_200_182.csv,120,10871,2,37,200,182,200,42
human_120_10872_2_37_200_161.csv,120,10872,2,37,200,161,200,42
human_120_10873_2_37_200_203.csv,120,10873,2,37,200,203,200,42
human_120_10874_2_37_200_166.csv,120,10874,2,37,200,166,200,42
human_120_10875_2_37_200_204.csv,120,10875,2,37,200,204,200,42
human_120_10876_2_37_200_193.csv,120,10876,2,37,200,193,200,42
human_120_10877_2_37_200_183.csv,120,10877,2,37,200,183,200,42
human_120_10878_2_37_200_178.csv,120,10878,2,37,200,178,200,42
human_120_10879_2_37_200_178.csv,120,10879,2,37,200,178,200,42
human_120_1087_4_4_200_168.csv,120,1087,4,4,200,168,200,42
human_120_10880_2_37_200_209.csv,120,10880,2,37,200,209,200,42
human_120_10881_2_37_200_192.csv,120,10881,2,37,200,192,200,42
human_120_10882_2_37_200_191.csv,120,10882,2,37,200,191,200,42
human_120_10883_2_37_200_181.csv,120,10883,2,37,200,181,200,42
human_120_10884_2_37_200_170.csv,120,10884,2,37,200,170,200,42
human_120_10885_2_37_200_178.csv,120,10885,2,37,200,178,200,42
human_120_10886_2_37_200_164.csv,120,10886,2,37,200,164,200,42
human_120_10887_2_37_200_181.csv,120,10887,2,37,200,181,200,42
human_120_10888_2_37_200_175.csv,120,10888,2,37,200,175,200,42
human_120_10889_2_37_200_184.csv,120,10889,2,37,200,184,200,42
human_120_1088_4_4_200_182.csv,120,1088,4,4,200,182,200,42
human_120_10890_2_37_200_170.csv,120,10890,2,37,200,170,200,42
human_120_10891_2_37_200_208.csv,120,10891,2,37,200,208,200,42
human_120_10892_2_37_200_196.csv,120,10892,2,37,200,196,200,42
human_120_10893_2_37_200_182.csv,120,10893,2,37,200,182,200,42
human_120_10894_2_37_200_175.csv,120,10894,2,37,200,175,200,42
human_120_10895_2_37_200_178.csv,120,10895,2,37,200,178,200,42
human_120_10896_2_37_200_193.csv,120,10896,2,37,200,193,200,42
human_120_10897_2_37_200_188.csv,120,10897,2,37,200,188,200,42
human_120_10898_2_37_200_162.csv,120,10898,2,37,200,162,200,42
human_120_10899_2_37_200_186.csv,120,10899,2,37,200,186,200,42
human_120_1089_4_4_200_191.csv,120,1089,4,4,200,191,200,42
human_120_108_3_1_200_191.csv,120,108,3,1,200,191,200,42
human_120_10900_2_37_200_179.csv,120,10900,2,37,200,179,200,42
human_120_10901_3_37_200_160.csv,120,10901,3,37,200,160,200,42
human_120_10902_3_37_200_159.csv,120,10902,3,37,200,159,200,42
human_120_10903_3_37_200_210.csv,120,10903,3,37,200,210,200,42
human_120_10904_3_37_200_188.csv,120,10904,3,37,200,188,200,42
human_120_10905_3_37_200_183.csv,120,10905,3,37,200,183,200,42
human_120_10906_3_37_200_166.csv,120,10906,3,37,200,166,200,42
human_120_10907_3_37_200_170.csv,120,10907,3,37,200,170,200,42
human_120_10908_3_37_200_176.csv,120,10908,3,37,200,176,200,42
human_120_10909_3_37_200_155.csv,120,10909,3,37,200,155,200,42
human_120_1090_4_4_200_183.csv,120,1090,4,4,200,183,200,42
human_120_10910_3_37_200_192.csv,120,10910,3,37,200,192,200,42
human_120_10911_3_37_200_190.csv,120,10911,3,37,200,190,200,42
human_120_10912_3_37_200_165.csv,120,10912,3,37,200,165,200,42
human_120_10913_3_37_200_178.csv,120,10913,3,37,200,178,200,42
human_120_10914_3_37_200_182.csv,120,10914,3,37,200,182,200,42
human_120_10915_3_37_200_175.csv,120,10915,3,37,200,175,200,42
human_120_10916_3_37_200_180.csv,120,10916,3,37,200,180,200,42
human_120_10917_3_37_200_203.csv,120,10917,3,37,200,203,200,42
human_120_10918_3_37_200_175.csv,120,10918,3,37,200,175,200,42
human_120_10919_3_37_200_171.csv,120,10919,3,37,200,171,200,42
human_120_1091_4_4_200_175.csv,120,1091,4,4,200,175,200,42
human_120_10920_3_37_200_178.csv,120,10920,3,37,200,178,200,42
human_120_10921_3_37_200_182.csv,120,10921,3,37,200,182,200,42
human_120_10922_3_37_200_202.csv,120,10922,3,37,200,202,200,42
human_120_10923_3_37_200_194.csv,120,10923,3,37,200,194,200,42
human_120_10924_3_37_200_185.csv,120,10924,3,37,200,185,200,42
human_120_10925_3_37_200_177.csv,120,10925,3,37,200,177,200,42
human_120_10926_3_37_200_190.csv,120,10926,3,37,200,190,200,42
human_120_10927_3_37_200_186.csv,120,10927,3,37,200,186,200,42
human_120_10928_3_37_200_177.csv,120,10928,3,37,200,177,200,42
human_120_10929_3_37_200_157.csv,120,10929,3,37,200,157,200,42
human_120_1092_4_4_200_194.csv,120,1092,4,4,200,194,200,42
human_120_10930_3_37_200_178.csv,120,10930,3,37,200,178,200,42
human_120_10931_3_37_200_185.csv,120,10931,3,37,200,185,200,42
human_120_10932_3_37_200_174.csv,120,10932,3,37,200,174,200,42
human_120_10933_3_37_200_174.csv,120,10933,3,37,200,174,200,42
human_120_10934_3_37_200_160.csv,120,10934,3,37,200,160,200,42
human_120_10935_3_37_200_190.csv,120,10935,3,37,200,190,200,42
human_120_10936_3_37_200_160.csv,120,10936,3,37,200,160,200,42
human_120_10937_3_37_200_172.csv,120,10937,3,37,200,172,200,42
human_120_10938_3_37_200_165.csv,120,10938,3,37,200,165,200,42
human_120_10939_3_37_200_178.csv,120,10939,3,37,200,178,200,42
human_120_1093_4_4_200_173.csv,120,1093,4,4,200,173,200,42
human_120_10940_3_37_200_154.csv,120,10940,3,37,200,154,200,42
human_120_10941_3_37_200_179.csv,120,10941,3,37,200,179,200,42
human_120_10942_3_37_200_168.csv,120,10942,3,37,200,168,200,42
human_120_10943_3_37_200_151.csv,120,10943,3,37,200,151,200,42
human_120_10944_3_37_200_195.csv,120,10944,3,37,200,195,200,42
human_120_10945_3_37_200_158.csv,120,10945,3,37,200,158,200,42
human_120_10946_3_37_200_177.csv,120,10946,3,37,200,177,200,42
human_120_10947_3_37_200_178.csv,120,10947,3,37,200,178,200,42
human_120_10948_3_37_200_195.csv,120,10948,3,37,200,195,200,42
human_120_10949_3_37_200_180.csv,120,10949,3,37,200,180,200,42
human_120_1094_4_4_200_172.csv,120,1094,4,4,200,172,200,42
human_120_10950_3_37_200_167.csv,120,10950,3,37,200,167,200,42
human_120_10951_4_37_200_134.csv,120,10951,4,37,200,134,200,42
human_120_10952_4_37_200_172.csv,120,10952,4,37,200,172,200,42
human_120_10953_4_37_200_125.csv,120,10953,4,37,200,125,200,42
human_120_10954_4_37_200_124.csv,120,10954,4,37,200,124,200,42
human_120_10955_4_37_200_125.csv,120,10955,4,37,200,125,200,42
human_120_10956_4_37_200_120.csv,120,10956,4,37,200,120,200,42
human_120_10957_4_37_200_157.csv,120,10957,4,37,200,157,200,42
human_120_10958_4_37_200_152.csv,120,10958,4,37,200,152,200,42
human_120_10959_4_37_200_162.csv,120,10959,4,37,200,162,200,42
human_120_1095_4_4_200_190.csv,120,1095,4,4,200,190,200,42
human_120_10960_4_37_200_120.csv,120,10960,4,37,200,120,200,42
human_120_10961_4_37_200_136.csv,120,10961,4,37,200,136,200,42
human_120_10962_4_37_200_157.csv,120,10962,4,37,200,157,200,42
human_120_10963_4_37_200_125.csv,120,10963,4,37,200,125,200,42
human_120_10964_4_37_200_105.csv,120,10964,4,37,200,105,200,42
human_120_10965_4_37_200_110.csv,120,10965,4,37,200,110,200,42
human_120_10966_4_37_200_122.csv,120,10966,4,37,200,122,200,42
human_120_10967_4_37_200_119.csv,120,10967,4,37,200,119,200,42
human_120_10968_4_37_200_150.csv,120,10968,4,37,200,150,200,42
human_120_10969_4_37_200_138.csv,120,10969,4,37,200,138,200,42
human_120_1096_4_4_200_177.csv,120,1096,4,4,200,177,200,42
human_120_10970_4_37_200_121.csv,120,10970,4,37,200,121,200,42
human_120_10971_4_37_200_142.csv,120,10971,4,37,200,142,200,42
human_120_10972_4_37_200_145.csv,120,10972,4,37,200,145,200,42
human_120_10973_4_37_200_117.csv,120,10973,4,37,200,117,200,42
human_120_10974_4_37_200_152.csv,120,10974,4,37,200,152,200,42
human_120_10975_4_37_200_116.csv,120,10975,4,37,200,116,200,42
human_120_10976_4_37_200_119.csv,120,10976,4,37,200,119,200,42
human_120_10977_4_37_200_128.csv,120,10977,4,37,200,128,200,42
human_120_10978_4_37_200_157.csv,120,10978,4,37,200,157,200,42
human_120_10979_4_37_200_143.csv,120,10979,4,37,200,143,200,42
human_120_1097_4_4_200_175.csv,120,1097,4,4,200,175,200,42
human_120_10980_4_37_200_127.csv,120,10980,4,37,200,127,200,42
human_120_10981_4_37_200_129.csv,120,10981,4,37,200,129,200,42
human_120_10982_4_37_200_153.csv,120,10982,4,37,200,153,200,42
human_120_10983_4_37_200_110.csv,120,10983,4,37,200,110,200,42
human_120_10984_4_37_200_151.csv,120,10984,4,37,200,151,200,42
human_120_10985_4_37_200_153.csv,120,10985,4,37,200,153,200,42
human_120_10986_4_37_200_142.csv,120,10986,4,37,200,142,200,42
human_120_10987_4_37_200_161.csv,120,10987,4,37,200,161,200,42
human_120_10988_4_37_200_150.csv,120,10988,4,37,200,150,200,42
human_120_10989_4_37_200_132.csv,120,10989,4,37,200,132,200,42
human_120_1098_4_4_200_160.csv,120,1098,4,4,200,160,200,42
human_120_10990_4_37_200_134.csv,120,10990,4,37,200,134,200,42
human_120_10991_4_37_200_115.csv,120,10991,4,37,200,115,200,42
human_120_10992_4_37_200_148.csv,120,10992,4,37,200,148,200,42
human_120_10993_4_37_200_117.csv,120,10993,4,37,200,117,200,42
human_120_10994_4_37_200_148.csv,120,10994,4,37,200,148,200,42
human_120_10995_4_37_200_161.csv,120,10995,4,37,200,161,200,42
human_120_10996_4_37_200_158.csv,120,10996,4,37,200,158,200,42
human_120_10997_4_37_200_157.csv,120,10997,4,37,200,157,200,42
human_120_10998_4_37_200_142.csv,120,10998,4,37,200,142,200,42
human_120_10999_4_37_200_148.csv,120,10999,4,37,200,148,200,42
human_120_1099_4_4_200_186.csv,120,1099,4,4,200,186,200,42
human_120_109_3_1_200_211.csv,120,109,3,1,200,211,200,42
human_120_10_1_1_200_192.csv,120,10,1,1,200,192,200,42
human_120_11000_4_37_200_122.csv,120,11000,4,37,200,122,200,42
human_120_11001_5_37_200_179.csv,120,11001,5,37,200,179,200,42
human_120_11002_5_37_200_174.csv,120,11002,5,37,200,174,200,42
human_120_11003_5_37_200_171.csv,120,11003,5,37,200,171,200,42
human_120_11004_5_37_200_165.csv,120,11004,5,37,200,165,200,42
human_120_11005_5_37_200_189.csv,120,11005,5,37,200,189,200,42
human_120_11006_5_37_200_185.csv,120,11006,5,37,200,185,200,42
human_120_11007_5_37_200_184.csv,120,11007,5,37,200,184,200,42
human_120_11008_5_37_200_182.csv,120,11008,5,37,200,182,200,42
human_120_11009_5_37_200_171.csv,120,11009,5,37,200,171,200,42
human_120_1100_4_4_200_174.csv,120,1100,4,4,200,174,200,42
human_120_11010_5_37_200_194.csv,120,11010,5,37,200,194,200,42
human_120_11011_5_37_200_163.csv,120,11011,5,37,200,163,200,42
human_120_11012_5_37_200_151.csv,120,11012,5,37,200,151,200,42
human_120_11013_5_37_200_174.csv,120,11013,5,37,200,174,200,42
human_120_11014_5_37_200_167.csv,120,11014,5,37,200,167,200,42
human_120_11015_5_37_200_158.csv,120,11015,5,37,200,158,200,42
human_120_11016_5_37_200_175.csv,120,11016,5,37,200,175,200,42
human_120_11017_5_37_200_157.csv,120,11017,5,37,200,157,200,42
human_120_11018_5_37_200_179.csv,120,11018,5,37,200,179,200,42
human_120_11019_5_37_200_174.csv,120,11019,5,37,200,174,200,42
human_120_1101_5_4_200_159.csv,120,1101,5,4,200,159,200,42
human_120_11020_5_37_200_156.csv,120,11020,5,37,200,156,200,42
human_120_11021_5_37_200_178.csv,120,11021,5,37,200,178,200,42
human_120_11022_5_37_200_179.csv,120,11022,5,37,200,179,200,42
human_120_11023_5_37_200_162.csv,120,11023,5,37,200,162,200,42
human_120_11024_5_37_200_187.csv,120,11024,5,37,200,187,200,42
human_120_11025_5_37_200_143.csv,120,11025,5,37,200,143,200,42
human_120_11026_5_37_200_201.csv,120,11026,5,37,200,201,200,42
human_120_11027_5_37_200_186.csv,120,11027,5,37,200,186,200,42
human_120_11028_5_37_200_171.csv,120,11028,5,37,200,171,200,42
human_120_11029_5_37_200_176.csv,120,11029,5,37,200,176,200,42
human_120_1102_5_4_200_155.csv,120,1102,5,4,200,155,200,42
human_120_11030_5_37_200_194.csv,120,11030,5,37,200,194,200,42
human_120_11031_5_37_200_158.csv,120,11031,5,37,200,158,200,42
human_120_11032_5_37_200_186.csv,120,11032,5,37,200,186,200,42
human_120_11033_5_37_200_185.csv,120,11033,5,37,200,185,200,42
human_120_11034_5_37_200_169.csv,120,11034,5,37,200,169,200,42
human_120_11035_5_37_200_192.csv,120,11035,5,37,200,192,200,42
human_120_11036_5_37_200_154.csv,120,11036,5,37,200,154,200,42
human_120_11037_5_37_200_143.csv,120,11037,5,37,200,143,200,42
human_120_11038_5_37_200_200.csv,120,11038,5,37,200,200,200,42
human_120_11039_5_37_200_190.csv,120,11039,5,37,200,190,200,42
human_120_1103_5_4_200_155.csv,120,1103,5,4,200,155,200,42
human_120_11040_5_37_200_145.csv,120,11040,5,37,200,145,200,42
human_120_11041_5_37_200_144.csv,120,11041,5,37,200,144,200,42
human_120_11042_5_37_200_219.csv,120,11042,5,37,200,219,200,42
human_120_11043_5_37_200_186.csv,120,11043,5,37,200,186,200,42
human_120_11044_5_37_200_181.csv,120,11044,5,37,200,181,200,42
human_120_11045_5_37_200_198.csv,120,11045,5,37,200,198,200,42
human_120_11046_5_37_200_176.csv,120,11046,5,37,200,176,200,42
human_120_11047_5_37_200_190.csv,120,11047,5,37,200,190,200,42
human_120_11048_5_37_200_187.csv,120,11048,5,37,200,187,200,42
human_120_11049_5_37_200_174.csv,120,11049,5,37,200,174,200,42
human_120_1104_5_4_200_183.csv,120,1104,5,4,200,183,200,42
human_120_11050_5_37_200_173.csv,120,11050,5,37,200,173,200,42
human_120_11051_6_37_200_165.csv,120,11051,6,37,200,165,200,42
human_120_11052_6_37_200_180.csv,120,11052,6,37,200,180,200,42
human_120_11053_6_37_200_190.csv,120,11053,6,37,200,190,200,42
human_120_11054_6_37_200_154.csv,120,11054,6,37,200,154,200,42
human_120_11055_6_37_200_160.csv,120,11055,6,37,200,160,200,42
human_120_11056_6_37_200_153.csv,120,11056,6,37,200,153,200,42
human_120_11057_6_37_200_176.csv,120,11057,6,37,200,176,200,42
human_120_11058_6_37_200_158.csv,120,11058,6,37,200,158,200,42
human_120_11059_6_37_200_180.csv,120,11059,6,37,200,180,200,42
human_120_1105_5_4_200_157.csv,120,1105,5,4,200,157,200,42
human_120_11060_6_37_200_166.csv,120,11060,6,37,200,166,200,42
human_120_11061_6_37_200_182.csv,120,11061,6,37,200,182,200,42
human_120_11062_6_37_200_178.csv,120,11062,6,37,200,178,200,42
human_120_11063_6_37_200_150.csv,120,11063,6,37,200,150,200,42
human_120_11064_6_37_200_176.csv,120,11064,6,37,200,176,200,42
human_120_11065_6_37_200_155.csv,120,11065,6,37,200,155,200,42
human_120_11066_6_37_200_161.csv,120,11066,6,37,200,161,200,42
human_120_11067_6_37_200_154.csv,120,11067,6,37,200,154,200,42
human_120_11068_6_37_200_167.csv,120,11068,6,37,200,167,200,42
human_120_11069_6_37_200_159.csv,120,11069,6,37,200,159,200,42
human_120_1106_5_4_200_162.csv,120,1106,5,4,200,162,200,42
human_120_11070_6_37_200_165.csv,120,11070,6,37,200,165,200,42
human_120_11071_6_37_200_160.csv,120,11071,6,37,200,160,200,42
human_120_11072_6_37_200_181.csv,120,11072,6,37,200,181,200,42
human_120_11073_6_37_200_180.csv,120,11073,6,37,200,180,200,42
human_120_11074_6_37_200_148.csv,120,11074,6,37,200,148,200,42
human_120_11075_6_37_200_163.csv,120,11075,6,37,200,163,200,42
human_120_11076_6_37_200_154.csv,120,11076,6,37,200,154,200,42
human_120_11077_6_37_200_158.csv,120,11077,6,37,200,158,200,42
human_120_11078_6_37_200_160.csv,120,11078,6,37,200,160,200,42
human_120_11079_6_37_200_153.csv,120,11079,6,37,200,153,200,42
human_120_1107_5_4_200_160.csv,120,1107,5,4,200,160,200,42
human_120_11080_6_37_200_150.csv,120,11080,6,37,200,150,200,42
human_120_11081_6_37_200_151.csv,120,11081,6,37,200,151,200,42
human_120_11082_6_37_200_170.csv,120,11082,6,37,200,170,200,42
human_120_11083_6_37_200_173.csv,120,11083,6,37,200,173,200,42
human_120_11084_6_37_200_147.csv,120,11084,6,37,200,147,200,42
human_120_11085_6_37_200_165.csv,120,11085,6,37,200,165,200,42
human_120_11086_6_37_200_142.csv,120,11086,6,37,200,142,200,42
human_120_11087_6_37_200_165.csv,120,11087,6,37,200,165,200,42
human_120_11088_6_37_200_172.csv,120,11088,6,37,200,172,200,42
human_120_11089_6_37_200_160.csv,120,11089,6,37,200,160,200,42
human_120_1108_5_4_200_159.csv,120,1108,5,4,200,159,200,42
human_120_11090_6_37_200_163.csv,120,11090,6,37,200,163,200,42
human_120_11091_6_37_200_163.csv,120,11091,6,37,200,163,200,42
human_120_11092_6_37_200_182.csv,120,11092,6,37,200,182,200,42
human_120_11093_6_37_200_168.csv,120,11093,6,37,200,168,200,42
human_120_11094_6_37_200_150.csv,120,11094,6,37,200,150,200,42
human_120_11095_6_37_200_168.csv,120,11095,6,37,200,168,200,42
human_120_11096_6_37_200_173.csv,120,11096,6,37,200,173,200,42
human_120_11097_6_37_200_179.csv,120,11097,6,37,200,179,200,42
human_120_11098_6_37_200_160.csv,120,11098,6,37,200,160,200,42
human_120_11099_6_37_200_171.csv,120,11099,6,37,200,171,200,42
human_120_1109_5_4_200_167.csv,120,1109,5,4,200,167,200,42
human_120_110_3_1_200_202.csv,120,110,3,1,200,202,200,42
human_120_11100_6_37_200_169.csv,120,11100,6,37,200,169,200,42
human_120_11101_1_38_200_161.csv,120,11101,1,38,200,161,200,42
human_120_11102_1_38_200_173.csv,120,11102,1,38,200,173,200,42
human_120_11103_1_38_200_177.csv,120,11103,1,38,200,177,200,42
human_120_11104_1_38_200_165.csv,120,11104,1,38,200,165,200,42
human_120_11105_1_38_200_189.csv,120,11105,1,38,200,189,200,42
human_120_11106_1_38_200_157.csv,120,11106,1,38,200,157,200,42
human_120_11107_1_38_200_165.csv,120,11107,1,38,200,165,200,42
human_120_11108_1_38_200_163.csv,120,11108,1,38,200,163,200,42
human_120_11109_1_38_200_190.csv,120,11109,1,38,200,190,200,42
human_120_1110_5_4_200_164.csv,120,1110,5,4,200,164,200,42
human_120_11110_1_38_200_195.csv,120,11110,1,38,200,195,200,42
human_120_11111_1_38_200_170.csv,120,11111,1,38,200,170,200,42
human_120_11112_1_38_200_165.csv,120,11112,1,38,200,165,200,42
human_120_11113_1_38_200_183.csv,120,11113,1,38,200,183,200,42
human_120_11114_1_38_200_169.csv,120,11114,1,38,200,169,200,42
human_120_11115_1_38_200_175.csv,120,11115,1,38,200,175,200,42
human_120_11116_1_38_200_182.csv,120,11116,1,38,200,182,200,42
human_120_11117_1_38_200_182.csv,120,11117,1,38,200,182,200,42
human_120_11118_1_38_200_194.csv,120,11118,1,38,200,194,200,42
human_120_11119_1_38_200_183.csv,120,11119,1,38,200,183,200,42
human_120_1111_5_4_200_161.csv,120,1111,5,4,200,161,200,42
human_120_11120_1_38_200_170.csv,120,11120,1,38,200,170,200,42
human_120_11121_1_38_200_177.csv,120,11121,1,38,200,177,200,42
human_120_11122_1_38_200_155.csv,120,11122,1,38,200,155,200,42
human_120_11123_1_38_200_195.csv,120,11123,1,38,200,195,200,42
human_120_11124_1_38_200_185.csv,120,11124,1,38,200,185,200,42
human_120_11125_1_38_200_160.csv,120,11125,1,38,200,160,200,42
human_120_11126_1_38_200_186.csv,120,11126,1,38,200,186,200,42
human_120_11127_1_38_200_200.csv,120,11127,1,38,200,200,200,42
human_120_11128_1_38_200_145.csv,120,11128,1,38,200,145,200,42
human_120_11129_1_38_200_178.csv,120,11129,1,38,200,178,200,42
human_120_1112_5_4_200_173.csv,120,1112,5,4,200,173,200,42
human_120_11130_1_38_200_182.csv,120,11130,1,38,200,182,200,42
human_120_11131_1_38_200_174.csv,120,11131,1,38,200,174,200,42
human_120_11132_1_38_200_191.csv,120,11132,1,38,200,191,200,42
human_120_11133_1_38_200_190.csv,120,11133,1,38,200,190,200,42
human_120_11134_1_38_200_187.csv,120,11134,1,38,200,187,200,42
human_120_11135_1_38_200_174.csv,120,11135,1,38,200,174,200,42
human_120_11136_1_38_200_188.csv,120,11136,1,38,200,188,200,42
human_120_11137_1_38_200_190.csv,120,11137,1,38,200,190,200,42
human_120_11138_1_38_200_185.csv,120,11138,1,38,200,185,200,42
human_120_11139_1_38_200_195.csv,120,11139,1,38,200,195,200,42
human_120_1113_5_4_200_172.csv,120,1113,5,4,200,172,200,42
human_120_11140_1_38_200_189.csv,120,11140,1,38,200,189,200,42
human_120_11141_1_38_200_193.csv,120,11141,1,38,200,193,200,42
human_120_11142_1_38_200_198.csv,120,11142,1,38,200,198,200,42
human_120_11143_1_38_200_161.csv,120,11143,1,38,200,161,200,42
human_120_11144_1_38_200_175.csv,120,11144,1,38,200,175,200,42
human_120_11145_1_38_200_195.csv,120,11145,1,38,200,195,200,42
human_120_11146_1_38_200_150.csv,120,11146,1,38,200,150,200,42
human_120_11147_1_38_200_189.csv,120,11147,1,38,200,189,200,42
human_120_11148_1_38_200_165.csv,120,11148,1,38,200,165,200,42
human_120_11149_1_38_200_181.csv,120,11149,1,38,200,181,200,42
human_120_1114_5_4_200_161.csv,120,1114,5,4,200,161,200,42
human_120_11150_1_38_200_150.csv,120,11150,1,38,200,150,200,42
human_120_11151_2_38_200_186.csv,120,11151,2,38,200,186,200,42
human_120_11152_2_38_200_186.csv,120,11152,2,38,200,186,200,42
human_120_11153_2_38_200_183.csv,120,11153,2,38,200,183,200,42
human_120_11154_2_38_200_178.csv,120,11154,2,38,200,178,200,42
human_120_11155_2_38_200_181.csv,120,11155,2,38,200,181,200,42
human_120_11156_2_38_200_170.csv,120,11156,2,38,200,170,200,42
human_120_11157_2_38_200_190.csv,120,11157,2,38,200,190,200,42
human_120_11158_2_38_200_182.csv,120,11158,2,38,200,182,200,42
human_120_11159_2_38_200_186.csv,120,11159,2,38,200,186,200,42
human_120_1115_5_4_200_168.csv,120,1115,5,4,200,168,200,42
human_120_11160_2_38_200_184.csv,120,11160,2,38,200,184,200,42
human_120_11161_2_38_200_188.csv,120,11161,2,38,200,188,200,42
human_120_11162_2_38_200_173.csv,120,11162,2,38,200,173,200,42
human_120_11163_2_38_200_186.csv,120,11163,2,38,200,186,200,42
human_120_11164_2_38_200_181.csv,120,11164,2,38,200,181,200,42
human_120_11165_2_38_200_188.csv,120,11165,2,38,200,188,200,42
human_120_11166_2_38_200_185.csv,120,11166,2,38,200,185,200,42
human_120_11167_2_38_200_188.csv,120,11167,2,38,200,188,200,42
human_120_11168_2_38_200_186.csv,120,11168,2,38,200,186,200,42
human_120_11169_2_38_200_177.csv,120,11169,2,38,200,177,200,42
human_120_1116_5_4_200_186.csv,120,1116,5,4,200,186,200,42
human_120_11170_2_38_200_180.csv,120,11170,2,38,200,180,200,42
human_120_11171_2_38_200_168.csv,120,11171,2,38,200,168,200,42
human_120_11172_2_38_200_175.csv,120,11172,2,38,200,175,200,42
human_120_11173_2_38_200_176.csv,120,11173,2,38,200,176,200,42
human_120_11174_2_38_200_176.csv,120,11174,2,38,200,176,200,42
human_120_11175_2_38_200_189.csv,120,11175,2,38,200,189,200,42
human_120_11176_2_38_200_189.csv,120,11176,2,38,200,189,200,42
human_120_11177_2_38_200_169.csv,120,11177,2,38,200,169,200,42
human_120_11178_2_38_200_177.csv,120,11178,2,38,200,177,200,42
human_120_11179_2_38_200_152.csv,120,11179,2,38,200,152,200,42
human_120_1117_5_4_200_200.csv,120,1117,5,4,200,200,200,42
human_120_11180_2_38_200_180.csv,120,11180,2,38,200,180,200,42
human_120_11181_2_38_200_174.csv,120,11181,2,38,200,174,200,42
human_120_11182_2_38_200_188.csv,120,11182,2,38,200,188,200,42
human_120_11183_2_38_200_180.csv,120,11183,2,38,200,180,200,42
human_120_11184_2_38_200_167.csv,120,11184,2,38,200,167,200,42
human_120_11185_2_38_200_201.csv,120,11185,2,38,200,201,200,42
human_120_11186_2_38_200_176.csv,120,11186,2,38,200,176,200,42
human_120_11187_2_38_200_182.csv,120,11187,2,38,200,182,200,42
human_120_11188_2_38_200_182.csv,120,11188,2,38,200,182,200,42
human_120_11189_2_38_200_180.csv,120,11189,2,38,200,180,200,42
human_120_1118_5_4_200_173.csv,120,1118,5,4,200,173,200,42
human_120_11190_2_38_200_183.csv,120,11190,2,38,200,183,200,42
human_120_11191_2_38_200_187.csv,120,11191,2,38,200,187,200,42
human_120_11192_2_38_200_182.csv,120,11192,2,38,200,182,200,42
human_120_11193_2_38_200_156.csv,120,11193,2,38,200,156,200,42
human_120_11194_2_38_200_194.csv,120,11194,2,38,200,194,200,42
human_120_11195_2_38_200_190.csv,120,11195,2,38,200,190,200,42
human_120_11196_2_38_200_188.csv,120,11196,2,38,200,188,200,42
human_120_11197_2_38_200_186.csv,120,11197,2,38,200,186,200,42
human_120_11198_2_38_200_181.csv,120,11198,2,38,200,181,200,42
human_120_11199_2_38_200_181.csv,120,11199,2,38,200,181,200,42
human_120_1119_5_4_200_181.csv,120,1119,5,4,200,181,200,42
human_120_111_3_1_200_184.csv,120,111,3,1,200,184,200,42
human_120_11200_2_38_200_181.csv,120,11200,2,38,200,181,200,42
human_120_11201_3_38_200_195.csv,120,11201,3,38,200,195,200,42
human_120_11202_3_38_200_169.csv,120,11202,3,38,200,169,200,42
human_120_11203_3_38_200_200.csv,120,11203,3,38,200,200,200,42
human_120_11204_3_38_200_176.csv,120,11204,3,38,200,176,200,42
human_120_11205_3_38_200_200.csv,120,11205,3,38,200,200,200,42
human_120_11206_3_38_200_180.csv,120,11206,3,38,200,180,200,42
human_120_11207_3_38_200_186.csv,120,11207,3,38,200,186,200,42
human_120_11208_3_38_200_174.csv,120,11208,3,38,200,174,200,42
human_120_11209_3_38_200_191.csv,120,11209,3,38,200,191,200,42
human_120_1120_5_4_200_197.csv,120,1120,5,4,200,197,200,42
human_120_11210_3_38_200_184.csv,120,11210,3,38,200,184,200,42
human_120_11211_3_38_200_175.csv,120,11211,3,38,200,175,200,42
human_120_11212_3_38_200_177.csv,120,11212,3,38,200,177,200,42
human_120_11213_3_38_200_188.csv,120,11213,3,38,200,188,200,42
human_120_11214_3_38_200_180.csv,120,11214,3,38,200,180,200,42
human_120_11215_3_38_200_186.csv,120,11215,3,38,200,186,200,42
human_120_11216_3_38_200_178.csv,120,11216,3,38,200,178,200,42
human_120_11217_3_38_200_184.csv,120,11217,3,38,200,184,200,42
human_120_11218_3_38_200_178.csv,120,11218,3,38,200,178,200,42
human_120_11219_3_38_200_187.csv,120,11219,3,38,200,187,200,42
human_120_1121_5_4_200_178.csv,120,1121,5,4,200,178,200,42
human_120_11220_3_38_200_198.csv,120,11220,3,38,200,198,200,42
human_120_11221_3_38_200_174.csv,120,11221,3,38,200,174,200,42
human_120_11222_3_38_200_177.csv,120,11222,3,38,200,177,200,42
human_120_11223_3_38_200_187.csv,120,11223,3,38,200,187,200,42
human_120_11224_3_38_200_179.csv,120,11224,3,38,200,179,200,42
human_120_11225_3_38_200_190.csv,120,11225,3,38,200,190,200,42
human_120_11226_3_38_200_190.csv,120,11226,3,38,200,190,200,42
human_120_11227_3_38_200_185.csv,120,11227,3,38,200,185,200,42
human_120_11228_3_38_200_177.csv,120,11228,3,38,200,177,200,42
human_120_11229_3_38_200_140.csv,120,11229,3,38,200,140,200,42
human_120_1122_5_4_200_171.csv,120,1122,5,4,200,171,200,42
human_120_11230_3_38_200_187.csv,120,11230,3,38,200,187,200,42
human_120_11231_3_38_200_188.csv,120,11231,3,38,200,188,200,42
human_120_11232_3_38_200_173.csv,120,11232,3,38,200,173,200,42
human_120_11233_3_38_200_195.csv,120,11233,3,38,200,195,200,42
human_120_11234_3_38_200_188.csv,120,11234,3,38,200,188,200,42
human_120_11235_3_38_200_181.csv,120,11235,3,38,200,181,200,42
human_120_11236_3_38_200_194.csv,120,11236,3,38,200,194,200,42
human_120_11237_3_38_200_185.csv,120,11237,3,38,200,185,200,42
human_120_11238_3_38_200_178.csv,120,11238,3,38,200,178,200,42
human_120_11239_3_38_200_176.csv,120,11239,3,38,200,176,200,42
human_120_1123_5_4_200_172.csv,120,1123,5,4,200,172,200,42
human_120_11240_3_38_200_187.csv,120,11240,3,38,200,187,200,42
human_120_11241_3_38_200_185.csv,120,11241,3,38,200,185,200,42
human_120_11242_3_38_200_165.csv,120,11242,3,38,200,165,200,42
human_120_11243_3_38_200_172.csv,120,11243,3,38,200,172,200,42
human_120_11244_3_38_200_163.csv,120,11244,3,38,200,163,200,42
human_120_11245_3_38_200_166.csv,120,11245,3,38,200,166,200,42
human_120_11246_3_38_200_172.csv,120,11246,3,38,200,172,200,42
human_120_11247_3_38_200_190.csv,120,11247,3,38,200,190,200,42
human_120_11248_3_38_200_176.csv,120,11248,3,38,200,176,200,42
human_120_11249_3_38_200_185.csv,120,11249,3,38,200,185,200,42
human_120_1124_5_4_200_180.csv,120,1124,5,4,200,180,200,42
human_120_11250_3_38_200_175.csv,120,11250,3,38,200,175,200,42
human_120_11251_4_38_200_153.csv,120,11251,4,38,200,153,200,42
human_120_11252_4_38_200_165.csv,120,11252,4,38,200,165,200,42
human_120_11253_4_38_200_159.csv,120,11253,4,38,200,159,200,42
human_120_11254_4_38_200_155.csv,120,11254,4,38,200,155,200,42
human_120_11255_4_38_200_139.csv,120,11255,4,38,200,139,200,42
human_120_11256_4_38_200_160.csv,120,11256,4,38,200,160,200,42
human_120_11257_4_38_200_145.csv,120,11257,4,38,200,145,200,42
human_120_11258_4_38_200_148.csv,120,11258,4,38,200,148,200,42
human_120_11259_4_38_200_151.csv,120,11259,4,38,200,151,200,42
human_120_1125_5_4_200_164.csv,120,1125,5,4,200,164,200,42
human_120_11260_4_38_200_144.csv,120,11260,4,38,200,144,200,42
human_120_11261_4_38_200_150.csv,120,11261,4,38,200,150,200,42
human_120_11262_4_38_200_158.csv,120,11262,4,38,200,158,200,42
human_120_11263_4_38_200_162.csv,120,11263,4,38,200,162,200,42
human_120_11264_4_38_200_151.csv,120,11264,4,38,200,151,200,42
human_120_11265_4_38_200_156.csv,120,11265,4,38,200,156,200,42
human_120_11266_4_38_200_159.csv,120,11266,4,38,200,159,200,42
human_120_11267_4_38_200_151.csv,120,11267,4,38,200,151,200,42
human_120_11268_4_38_200_133.csv,120,11268,4,38,200,133,200,42
human_120_11269_4_38_200_150.csv,120,11269,4,38,200,150,200,42
human_120_1126_5_4_200_185.csv,120,1126,5,4,200,185,200,42
human_120_11270_4_38_200_151.csv,120,11270,4,38,200,151,200,42
human_120_11271_4_38_200_126.csv,120,11271,4,38,200,126,200,42
human_120_11272_4_38_200_163.csv,120,11272,4,38,200,163,200,42
human_120_11273_4_38_200_126.csv,120,11273,4,38,200,126,200,42
human_120_11274_4_38_200_133.csv,120,11274,4,38,200,133,200,42
human_120_11275_4_38_200_165.csv,120,11275,4,38,200,165,200,42
human_120_11276_4_38_200_140.csv,120,11276,4,38,200,140,200,42
human_120_11277_4_38_200_138.csv,120,11277,4,38,200,138,200,42
human_120_11278_4_38_200_166.csv,120,11278,4,38,200,166,200,42
human_120_11279_4_38_200_167.csv,120,11279,4,38,200,167,200,42
human_120_1127_5_4_200_172.csv,120,1127,5,4,200,172,200,42
human_120_11280_4_38_200_164.csv,120,11280,4,38,200,164,200,42
human_120_11281_4_38_200_151.csv,120,11281,4,38,200,151,200,42
human_120_11282_4_38_200_155.csv,120,11282,4,38,200,155,200,42
human_120_11283_4_38_200_131.csv,120,11283,4,38,200,131,200,42
human_120_11284_4_38_200_121.csv,120,11284,4,38,200,121,200,42
human_120_11285_4_38_200_168.csv,120,11285,4,38,200,168,200,42
human_120_11286_4_38_200_142.csv,120,11286,4,38,200,142,200,42
human_120_11287_4_38_200_184.csv,120,11287,4,38,200,184,200,42
human_120_11288_4_38_200_153.csv,120,11288,4,38,200,153,200,42
human_120_11289_4_38_200_157.csv,120,11289,4,38,200,157,200,42
human_120_1128_5_4_200_181.csv,120,1128,5,4,200,181,200,42
human_120_11290_4_38_200_142.csv,120,11290,4,38,200,142,200,42
human_120_11291_4_38_200_124.csv,120,11291,4,38,200,124,200,42
human_120_11292_4_38_200_146.csv,120,11292,4,38,200,146,200,42
human_120_11293_4_38_200_153.csv,120,11293,4,38,200,153,200,42
human_120_11294_4_38_200_126.csv,120,11294,4,38,200,126,200,42
human_120_11295_4_38_200_186.csv,120,11295,4,38,200,186,200,42
human_120_11296_4_38_200_152.csv,120,11296,4,38,200,152,200,42
human_120_11297_4_38_200_155.csv,120,11297,4,38,200,155,200,42
human_120_11298_4_38_200_156.csv,120,11298,4,38,200,156,200,42
human_120_11299_4_38_200_150.csv,120,11299,4,38,200,150,200,42
human_120_1129_5_4_200_161.csv,120,1129,5,4,200,161,200,42
human_120_112_3_1_200_182.csv,120,112,3,1,200,182,200,42
human_120_11300_4_38_200_177.csv,120,11300,4,38,200,177,200,42
human_120_11301_5_38_200_185.csv,120,11301,5,38,200,185,200,42
human_120_11302_5_38_200_175.csv,120,11302,5,38,200,175,200,42
human_120_11303_5_38_200_200.csv,120,11303,5,38,200,200,200,42
human_120_11304_5_38_200_200.csv,120,11304,5,38,200,200,200,42
human_120_11305_5_38_200_200.csv,120,11305,5,38,200,200,200,42
human_120_11306_5_38_200_190.csv,120,11306,5,38,200,190,200,42
human_120_11307_5_38_200_198.csv,120,11307,5,38,200,198,200,42
human_120_11308_5_38_200_202.csv,120,11308,5,38,200,202,200,42
human_120_11309_5_38_200_193.csv,120,11309,5,38,200,193,200,42
human_120_1130_5_4_200_196.csv,120,1130,5,4,200,196,200,42
human_120_11310_5_38_200_198.csv,120,11310,5,38,200,198,200,42
human_120_11311_5_38_200_193.csv,120,11311,5,38,200,193,200,42
human_120_11312_5_38_200_193.csv,120,11312,5,38,200,193,200,42
human_120_11313_5_38_200_193.csv,120,11313,5,38,200,193,200,42
human_120_11314_5_38_200_203.csv,120,11314,5,38,200,203,200,42
human_120_11315_5_38_200_197.csv,120,11315,5,38,200,197,200,42
human_120_11316_5_38_200_192.csv,120,11316,5,38,200,192,200,42
human_120_11317_5_38_200_193.csv,120,11317,5,38,200,193,200,42
human_120_11318_5_38_200_185.csv,120,11318,5,38,200,185,200,42
human_120_11319_5_38_200_200.csv,120,11319,5,38,200,200,200,42
human_120_1131_5_4_200_167.csv,120,1131,5,4,200,167,200,42
human_120_11320_5_38_200_202.csv,120,11320,5,38,200,202,200,42
human_120_11321_5_38_200_185.csv,120,11321,5,38,200,185,200,42
human_120_11322_5_38_200_195.csv,120,11322,5,38,200,195,200,42
human_120_11323_5_38_200_203.csv,120,11323,5,38,200,203,200,42
human_120_11324_5_38_200_177.csv,120,11324,5,38,200,177,200,42
human_120_11325_5_38_200_189.csv,120,11325,5,38,200,189,200,42
human_120_11326_5_38_200_180.csv,120,11326,5,38,200,180,200,42
human_120_11327_5_38_200_186.csv,120,11327,5,38,200,186,200,42
human_120_11328_5_38_200_205.csv,120,11328,5,38,200,205,200,42
human_120_11329_5_38_200_171.csv,120,11329,5,38,200,171,200,42
human_120_1132_5_4_200_169.csv,120,1132,5,4,200,169,200,42
human_120_11330_5_38_200_195.csv,120,11330,5,38,200,195,200,42
human_120_11331_5_38_200_197.csv,120,11331,5,38,200,197,200,42
human_120_11332_5_38_200_191.csv,120,11332,5,38,200,191,200,42
human_120_11333_5_38_200_206.csv,120,11333,5,38,200,206,200,42
human_120_11334_5_38_200_177.csv,120,11334,5,38,200,177,200,42
human_120_11335_5_38_200_200.csv,120,11335,5,38,200,200,200,42
human_120_11336_5_38_200_200.csv,120,11336,5,38,200,200,200,42
human_120_11337_5_38_200_200.csv,120,11337,5,38,200,200,200,42
human_120_11338_5_38_200_180.csv,120,11338,5,38,200,180,200,42
human_120_11339_5_38_200_205.csv,120,11339,5,38,200,205,200,42
human_120_1133_5_4_200_175.csv,120,1133,5,4,200,175,200,42
human_120_11340_5_38_200_184.csv,120,11340,5,38,200,184,200,42
human_120_11341_5_38_200_205.csv,120,11341,5,38,200,205,200,42
human_120_11342_5_38_200_181.csv,120,11342,5,38,200,181,200,42
human_120_11343_5_38_200_191.csv,120,11343,5,38,200,191,200,42
human_120_11344_5_38_200_205.csv,120,11344,5,38,200,205,200,42
human_120_11345_5_38_200_174.csv,120,11345,5,38,200,174,200,42
human_120_11346_5_38_200_199.csv,120,11346,5,38,200,199,200,42
human_120_11347_5_38_200_198.csv,120,11347,5,38,200,198,200,42
human_120_11348_5_38_200_191.csv,120,11348,5,38,200,191,200,42
human_120_11349_5_38_200_182.csv,120,11349,5,38,200,182,200,42
human_120_1134_5_4_200_174.csv,120,1134,5,4,200,174,200,42
human_120_11350_5_38_200_197.csv,120,11350,5,38,200,197,200,42
human_120_11351_6_38_200_180.csv,120,11351,6,38,200,180,200,42
human_120_11352_6_38_200_184.csv,120,11352,6,38,200,184,200,42
human_120_11353_6_38_200_175.csv,120,11353,6,38,200,175,200,42
human_120_11354_6_38_200_190.csv,120,11354,6,38,200,190,200,42
human_120_11355_6_38_200_195.csv,120,11355,6,38,200,195,200,42
human_120_11356_6_38_200_180.csv,120,11356,6,38,200,180,200,42
human_120_11357_6_38_200_172.csv,120,11357,6,38,200,172,200,42
human_120_11358_6_38_200_170.csv,120,11358,6,38,200,170,200,42
human_120_11359_6_38_200_200.csv,120,11359,6,38,200,200,200,42
human_120_1135_5_4_200_172.csv,120,1135,5,4,200,172,200,42
human_120_11360_6_38_200_175.csv,120,11360,6,38,200,175,200,42
human_120_11361_6_38_200_183.csv,120,11361,6,38,200,183,200,42
human_120_11362_6_38_200_200.csv,120,11362,6,38,200,200,200,42
human_120_11363_6_38_200_183.csv,120,11363,6,38,200,183,200,42
human_120_11364_6_38_200_172.csv,120,11364,6,38,200,172,200,42
human_120_11365_6_38_200_175.csv,120,11365,6,38,200,175,200,42
human_120_11366_6_38_200_160.csv,120,11366,6,38,200,160,200,42
human_120_11367_6_38_200_170.csv,120,11367,6,38,200,170,200,42
human_120_11368_6_38_200_173.csv,120,11368,6,38,200,173,200,42
human_120_11369_6_38_200_180.csv,120,11369,6,38,200,180,200,42
human_120_1136_5_4_200_168.csv,120,1136,5,4,200,168,200,42
human_120_11370_6_38_200_188.csv,120,11370,6,38,200,188,200,42
human_120_11371_6_38_200_187.csv,120,11371,6,38,200,187,200,42
human_120_11372_6_38_200_167.csv,120,11372,6,38,200,167,200,42
human_120_11373_6_38_200_170.csv,120,11373,6,38,200,170,200,42
human_120_11374_6_38_200_166.csv,120,11374,6,38,200,166,200,42
human_120_11375_6_38_200_150.csv,120,11375,6,38,200,150,200,42
human_120_11376_6_38_200_204.csv,120,11376,6,38,200,204,200,42
human_120_11377_6_38_200_181.csv,120,11377,6,38,200,181,200,42
human_120_11378_6_38_200_170.csv,120,11378,6,38,200,170,200,42
human_120_11379_6_38_200_171.csv,120,11379,6,38,200,171,200,42
human_120_1137_5_4_200_176.csv,120,1137,5,4,200,176,200,42
human_120_11380_6_38_200_177.csv,120,11380,6,38,200,177,200,42
human_120_11381_6_38_200_171.csv,120,11381,6,38,200,171,200,42
human_120_11382_6_38_200_181.csv,120,11382,6,38,200,181,200,42
human_120_11383_6_38_200_180.csv,120,11383,6,38,200,180,200,42
human_120_11384_6_38_200_183.csv,120,11384,6,38,200,183,200,42
human_120_11385_6_38_200_170.csv,120,11385,6,38,200,170,200,42
human_120_11386_6_38_200_160.csv,120,11386,6,38,200,160,200,42
human_120_11387_6_38_200_171.csv,120,11387,6,38,200,171,200,42
human_120_11388_6_38_200_166.csv,120,11388,6,38,200,166,200,42
human_120_11389_6_38_200_166.csv,120,11389,6,38,200,166,200,42
human_120_1138_5_4_200_162.csv,120,1138,5,4,200,162,200,42
human_120_11390_6_38_200_166.csv,120,11390,6,38,200,166,200,42
human_120_11391_6_38_200_176.csv,120,11391,6,38,200,176,200,42
human_120_11392_6_38_200_162.csv,120,11392,6,38,200,162,200,42
human_120_11393_6_38_200_163.csv,120,11393,6,38,200,163,200,42
human_120_11394_6_38_200_165.csv,120,11394,6,38,200,165,200,42
human_120_11395_6_38_200_156.csv,120,11395,6,38,200,156,200,42
human_120_11396_6_38_200_173.csv,120,11396,6,38,200,173,200,42
human_120_11397_6_38_200_156.csv,120,11397,6,38,200,156,200,42
human_120_11398_6_38_200_166.csv,120,11398,6,38,200,166,200,42
human_120_11399_6_38_200_180.csv,120,11399,6,38,200,180,200,42
human_120_1139_5_4_200_175.csv,120,1139,5,4,200,175,200,42
human_120_113_3_1_200_183.csv,120,113,3,1,200,183,200,42
human_120_11400_6_38_200_156.csv,120,11400,6,38,200,156,200,42
human_120_11401_1_39_200_160.csv,120,11401,1,39,200,160,200,42
human_120_11402_1_39_200_163.csv,120,11402,1,39,200,163,200,42
human_120_11403_1_39_200_190.csv,120,11403,1,39,200,190,200,42
human_120_11404_1_39_200_195.csv,120,11404,1,39,200,195,200,42
human_120_11405_1_39_200_180.csv,120,11405,1,39,200,180,200,42
human_120_11406_1_39_200_163.csv,120,11406,1,39,200,163,200,42
human_120_11407_1_39_200_150.csv,120,11407,1,39,200,150,200,42
human_120_11408_1_39_200_187.csv,120,11408,1,39,200,187,200,42
human_120_11409_1_39_200_200.csv,120,11409,1,39,200,200,200,42
human_120_1140_5_4_200_162.csv,120,1140,5,4,200,162,200,42
human_120_11410_1_39_200_185.csv,120,11410,1,39,200,185,200,42
human_120_11411_1_39_200_178.csv,120,11411,1,39,200,178,200,42
human_120_11412_1_39_200_170.csv,120,11412,1,39,200,170,200,42
human_120_11413_1_39_200_175.csv,120,11413,1,39,200,175,200,42
human_120_11414_1_39_200_174.csv,120,11414,1,39,200,174,200,42
human_120_11415_1_39_200_176.csv,120,11415,1,39,200,176,200,42
human_120_11416_1_39_200_168.csv,120,11416,1,39,200,168,200,42
human_120_11417_1_39_200_178.csv,120,11417,1,39,200,178,200,42
human_120_11418_1_39_200_191.csv,120,11418,1,39,200,191,200,42
human_120_11419_1_39_200_180.csv,120,11419,1,39,200,180,200,42
human_120_1141_5_4_200_178.csv,120,1141,5,4,200,178,200,42
human_120_11420_1_39_200_174.csv,120,11420,1,39,200,174,200,42
human_120_11421_1_39_200_182.csv,120,11421,1,39,200,182,200,42
human_120_11422_1_39_200_157.csv,120,11422,1,39,200,157,200,42
human_120_11423_1_39_200_179.csv,120,11423,1,39,200,179,200,42
human_120_11424_1_39_200_185.csv,120,11424,1,39,200,185,200,42
human_120_11425_1_39_200_166.csv,120,11425,1,39,200,166,200,42
human_120_11426_1_39_200_180.csv,120,11426,1,39,200,180,200,42
human_120_11427_1_39_200_205.csv,120,11427,1,39,200,205,200,42
human_120_11428_1_39_200_182.csv,120,11428,1,39,200,182,200,42
human_120_11429_1_39_200_194.csv,120,11429,1,39,200,194,200,42
human_120_1142_5_4_200_170.csv,120,1142,5,4,200,170,200,42
human_120_11430_1_39_200_190.csv,120,11430,1,39,200,190,200,42
human_120_11431_1_39_200_203.csv,120,11431,1,39,200,203,200,42
human_120_11432_1_39_200_181.csv,120,11432,1,39,200,181,200,42
human_120_11433_1_39_200_172.csv,120,11433,1,39,200,172,200,42
human_120_11434_1_39_200_179.csv,120,11434,1,39,200,179,200,42
human_120_11435_1_39_200_187.csv,120,11435,1,39,200,187,200,42
human_120_11436_1_39_200_206.csv,120,11436,1,39,200,206,200,42
human_120_11437_1_39_200_183.csv,120,11437,1,39,200,183,200,42
human_120_11438_1_39_200_202.csv,120,11438,1,39,200,202,200,42
human_120_11439_1_39_200_196.csv,120,11439,1,39,200,196,200,42
human_120_1143_5_4_200_161.csv,120,1143,5,4,200,161,200,42
human_120_11440_1_39_200_179.csv,120,11440,1,39,200,179,200,42
human_120_11441_1_39_200_200.csv,120,11441,1,39,200,200,200,42
human_120_11442_1_39_200_161.csv,120,11442,1,39,200,161,200,42
human_120_11443_1_39_200_174.csv,120,11443,1,39,200,174,200,42
human_120_11444_1_39_200_182.csv,120,11444,1,39,200,182,200,42
human_120_11445_1_39_200_154.csv,120,11445,1,39,200,154,200,42
human_120_11446_1_39_200_177.csv,120,11446,1,39,200,177,200,42
human_120_11447_1_39_200_167.csv,120,11447,1,39,200,167,200,42
human_120_11448_1_39_200_176.csv,120,11448,1,39,200,176,200,42
human_120_11449_1_39_200_155.csv,120,11449,1,39,200,155,200,42
human_120_1144_5_4_200_159.csv,120,1144,5,4,200,159,200,42
human_120_11450_1_39_200_185.csv,120,11450,1,39,200,185,200,42
human_120_11451_2_39_200_192.csv,120,11451,2,39,200,192,200,42
human_120_11452_2_39_200_190.csv,120,11452,2,39,200,190,200,42
human_120_11453_2_39_200_195.csv,120,11453,2,39,200,195,200,42
human_120_11454_2_39_200_195.csv,120,11454,2,39,200,195,200,42
human_120_11455_2_39_200_200.csv,120,11455,2,39,200,200,200,42
human_120_11456_2_39_200_205.csv,120,11456,2,39,200,205,200,42
human_120_11457_2_39_200_200.csv,120,11457,2,39,200,200,200,42
human_120_11458_2_39_200_204.csv,120,11458,2,39,200,204,200,42
human_120_11459_2_39_200_195.csv,120,11459,2,39,200,195,200,42
human_120_1145_5_4_200_178.csv,120,1145,5,4,200,178,200,42
human_120_11460_2_39_200_191.csv,120,11460,2,39,200,191,200,42
human_120_11461_2_39_200_202.csv,120,11461,2,39,200,202,200,42
human_120_11462_2_39_200_200.csv,120,11462,2,39,200,200,200,42
human_120_11463_2_39_200_202.csv,120,11463,2,39,200,202,200,42
human_120_11464_2_39_200_209.csv,120,11464,2,39,200,209,200,42
human_120_11465_2_39_200_201.csv,120,11465,2,39,200,201,200,42
human_120_11466_2_39_200_200.csv,120,11466,2,39,200,200,200,42
human_120_11467_2_39_200_200.csv,120,11467,2,39,200,200,200,42
human_120_11468_2_39_200_200.csv,120,11468,2,39,200,200,200,42
human_120_11469_2_39_200_201.csv,120,11469,2,39,200,201,200,42
human_120_1146_5_4_200_171.csv,120,1146,5,4,200,171,200,42
human_120_11470_2_39_200_200.csv,120,11470,2,39,200,200,200,42
human_120_11471_2_39_200_200.csv,120,11471,2,39,200,200,200,42
human_120_11472_2_39_200_182.csv,120,11472,2,39,200,182,200,42
human_120_11473_2_39_200_205.csv,120,11473,2,39,200,205,200,42
human_120_11474_2_39_200_193.csv,120,11474,2,39,200,193,200,42
human_120_11475_2_39_200_197.csv,120,11475,2,39,200,197,200,42
human_120_11476_2_39_200_208.csv,120,11476,2,39,200,208,200,42
human_120_11477_2_39_200_188.csv,120,11477,2,39,200,188,200,42
human_120_11478_2_39_200_205.csv,120,11478,2,39,200,205,200,42
human_120_11479_2_39_200_206.csv,120,11479,2,39,200,206,200,42
human_120_1147_5_4_200_167.csv,120,1147,5,4,200,167,200,42
human_120_11480_2_39_200_206.csv,120,11480,2,39,200,206,200,42
human_120_11481_2_39_200_200.csv,120,11481,2,39,200,200,200,42
human_120_11482_2_39_200_195.csv,120,11482,2,39,200,195,200,42
human_120_11483_2_39_200_200.csv,120,11483,2,39,200,200,200,42
human_120_11484_2_39_200_204.csv,120,11484,2,39,200,204,200,42
human_120_11485_2_39_200_200.csv,120,11485,2,39,200,200,200,42
human_120_11486_2_39_200_200.csv,120,11486,2,39,200,200,200,42
human_120_11487_2_39_200_206.csv,120,11487,2,39,200,206,200,42
human_120_11488_2_39_200_192.csv,120,11488,2,39,200,192,200,42
human_120_11489_2_39_200_200.csv,120,11489,2,39,200,200,200,42
human_120_1148_5_4_200_171.csv,120,1148,5,4,200,171,200,42
human_120_11490_2_39_200_195.csv,120,11490,2,39,200,195,200,42
human_120_11491_2_39_200_205.csv,120,11491,2,39,200,205,200,42
human_120_11492_2_39_200_195.csv,120,11492,2,39,200,195,200,42
human_120_11493_2_39_200_203.csv,120,11493,2,39,200,203,200,42
human_120_11494_2_39_200_207.csv,120,11494,2,39,200,207,200,42
human_120_11495_2_39_200_195.csv,120,11495,2,39,200,195,200,42
human_120_11496_2_39_200_204.csv,120,11496,2,39,200,204,200,42
human_120_11497_2_39_200_205.csv,120,11497,2,39,200,205,200,42
human_120_11498_2_39_200_195.csv,120,11498,2,39,200,195,200,42
human_120_11499_2_39_200_207.csv,120,11499,2,39,200,207,200,42
human_120_1149_5_4_200_172.csv,120,1149,5,4,200,172,200,42
human_120_114_3_1_200_188.csv,120,114,3,1,200,188,200,42
human_120_11500_2_39_200_188.csv,120,11500,2,39,200,188,200,42
human_120_11501_3_39_200_183.csv,120,11501,3,39,200,183,200,42
human_120_11502_3_39_200_185.csv,120,11502,3,39,200,185,200,42
human_120_11503_3_39_200_180.csv,120,11503,3,39,200,180,200,42
human_120_11504_3_39_200_183.csv,120,11504,3,39,200,183,200,42
human_120_11505_3_39_200_160.csv,120,11505,3,39,200,160,200,42
human_120_11506_3_39_200_176.csv,120,11506,3,39,200,176,200,42
human_120_11507_3_39_200_171.csv,120,11507,3,39,200,171,200,42
human_120_11508_3_39_200_170.csv,120,11508,3,39,200,170,200,42
human_120_11509_3_39_200_195.csv,120,11509,3,39,200,195,200,42
human_120_1150_5_4_200_182.csv,120,1150,5,4,200,182,200,42
human_120_11510_3_39_200_187.csv,120,11510,3,39,200,187,200,42
human_120_11511_3_39_200_169.csv,120,11511,3,39,200,169,200,42
human_120_11512_3_39_200_176.csv,120,11512,3,39,200,176,200,42
human_120_11513_3_39_200_191.csv,120,11513,3,39,200,191,200,42
human_120_11514_3_39_200_200.csv,120,11514,3,39,200,200,200,42
human_120_11515_3_39_200_200.csv,120,11515,3,39,200,200,200,42
human_120_11516_3_39_200_165.csv,120,11516,3,39,200,165,200,42
human_120_11517_3_39_200_183.csv,120,11517,3,39,200,183,200,42
human_120_11518_3_39_200_171.csv,120,11518,3,39,200,171,200,42
human_120_11519_3_39_200_180.csv,120,11519,3,39,200,180,200,42
human_120_1151_6_4_200_194.csv,120,1151,6,4,200,194,200,42
human_120_11520_3_39_200_200.csv,120,11520,3,39,200,200,200,42
human_120_11521_3_39_200_200.csv,120,11521,3,39,200,200,200,42
human_120_11522_3_39_200_185.csv,120,11522,3,39,200,185,200,42
human_120_11523_3_39_200_200.csv,120,11523,3,39,200,200,200,42
human_120_11524_3_39_200_194.csv,120,11524,3,39,200,194,200,42
human_120_11525_3_39_200_200.csv,120,11525,3,39,200,200,200,42
human_120_11526_3_39_200_204.csv,120,11526,3,39,200,204,200,42
human_120_11527_3_39_200_191.csv,120,11527,3,39,200,191,200,42
human_120_11528_3_39_200_195.csv,120,11528,3,39,200,195,200,42
human_120_11529_3_39_200_195.csv,120,11529,3,39,200,195,200,42
human_120_1152_6_4_200_200.csv,120,1152,6,4,200,200,200,42
human_120_11530_3_39_200_161.csv,120,11530,3,39,200,161,200,42
human_120_11531_3_39_200_173.csv,120,11531,3,39,200,173,200,42
human_120_11532_3_39_200_198.csv,120,11532,3,39,200,198,200,42
human_120_11533_3_39_200_192.csv,120,11533,3,39,200,192,200,42
human_120_11534_3_39_200_175.csv,120,11534,3,39,200,175,200,42
human_120_11535_3_39_200_172.csv,120,11535,3,39,200,172,200,42
human_120_11536_3_39_200_193.csv,120,11536,3,39,200,193,200,42
human_120_11537_3_39_200_197.csv,120,11537,3,39,200,197,200,42
human_120_11538_3_39_200_154.csv,120,11538,3,39,200,154,200,42
human_120_11539_3_39_200_190.csv,120,11539,3,39,200,190,200,42
human_120_1153_6_4_200_203.csv,120,1153,6,4,200,203,200,42
human_120_11540_3_39_200_200.csv,120,11540,3,39,200,200,200,42
human_120_11541_3_39_200_198.csv,120,11541,3,39,200,198,200,42
human_120_11542_3_39_200_198.csv,120,11542,3,39,200,198,200,42
human_120_11543_3_39_200_200.csv,120,11543,3,39,200,200,200,42
human_120_11544_3_39_200_200.csv,120,11544,3,39,200,200,200,42
human_120_11545_3_39_200_202.csv,120,11545,3,39,200,202,200,42
human_120_11546_3_39_200_200.csv,120,11546,3,39,200,200,200,42
human_120_11547_3_39_200_187.csv,120,11547,3,39,200,187,200,42
human_120_11548_3_39_200_192.csv,120,11548,3,39,200,192,200,42
human_120_11549_3_39_200_202.csv,120,11549,3,39,200,202,200,42
human_120_1154_6_4_200_191.csv,120,1154,6,4,200,191,200,42
human_120_11550_3_39_200_200.csv,120,11550,3,39,200,200,200,42
human_120_11551_4_39_200_121.csv,120,11551,4,39,200,121,200,42
human_120_11552_4_39_200_166.csv,120,11552,4,39,200,166,200,42
human_120_11553_4_39_200_165.csv,120,11553,4,39,200,165,200,42
human_120_11554_4_39_200_164.csv,120,11554,4,39,200,164,200,42
human_120_11555_4_39_200_149.csv,120,11555,4,39,200,149,200,42
human_120_11556_4_39_200_176.csv,120,11556,4,39,200,176,200,42
human_120_11557_4_39_200_150.csv,120,11557,4,39,200,150,200,42
human_120_11558_4_39_200_158.csv,120,11558,4,39,200,158,200,42
human_120_11559_4_39_200_154.csv,120,11559,4,39,200,154,200,42
human_120_1155_6_4_200_199.csv,120,1155,6,4,200,199,200,42
human_120_11560_4_39_200_155.csv,120,11560,4,39,200,155,200,42
human_120_11561_4_39_200_139.csv,120,11561,4,39,200,139,200,42
human_120_11562_4_39_200_150.csv,120,11562,4,39,200,150,200,42
human_120_11563_4_39_200_172.csv,120,11563,4,39,200,172,200,42
human_120_11564_4_39_200_154.csv,120,11564,4,39,200,154,200,42
human_120_11565_4_39_200_140.csv,120,11565,4,39,200,140,200,42
human_120_11566_4_39_200_158.csv,120,11566,4,39,200,158,200,42
human_120_11567_4_39_200_176.csv,120,11567,4,39,200,176,200,42
human_120_11568_4_39_200_156.csv,120,11568,4,39,200,156,200,42
human_120_11569_4_39_200_164.csv,120,11569,4,39,200,164,200,42
human_120_1156_6_4_200_198.csv,120,1156,6,4,200,198,200,42
human_120_11570_4_39_200_174.csv,120,11570,4,39,200,174,200,42
human_120_11571_4_39_200_168.csv,120,11571,4,39,200,168,200,42
human_120_11572_4_39_200_155.csv,120,11572,4,39,200,155,200,42
human_120_11573_4_39_200_147.csv,120,11573,4,39,200,147,200,42
human_120_11574_4_39_200_175.csv,120,11574,4,39,200,175,200,42
human_120_11575_4_39_200_166.csv,120,11575,4,39,200,166,200,42
human_120_11576_4_39_200_168.csv,120,11576,4,39,200,168,200,42
human_120_11577_4_39_200_160.csv,120,11577,4,39,200,160,200,42
human_120_11578_4_39_200_150.csv,120,11578,4,39,200,150,200,42
human_120_11579_4_39_200_160.csv,120,11579,4,39,200,160,200,42
human_120_1157_6_4_200_202.csv,120,1157,6,4,200,202,200,42
human_120_11580_4_39_200_177.csv,120,11580,4,39,200,177,200,42
human_120_11581_4_39_200_165.csv,120,11581,4,39,200,165,200,42
human_120_11582_4_39_200_186.csv,120,11582,4,39,200,186,200,42
human_120_11583_4_39_200_140.csv,120,11583,4,39,200,140,200,42
human_120_11584_4_39_200_174.csv,120,11584,4,39,200,174,200,42
human_120_11585_4_39_200_160.csv,120,11585,4,39,200,160,200,42
human_120_11586_4_39_200_196.csv,120,11586,4,39,200,196,200,42
human_120_11587_4_39_200_157.csv,120,11587,4,39,200,157,200,42
human_120_11588_4_39_200_158.csv,120,11588,4,39,200,158,200,42
human_120_11589_4_39_200_148.csv,120,11589,4,39,200,148,200,42
human_120_1158_6_4_200_197.csv,120,1158,6,4,200,197,200,42
human_120_11590_4_39_200_145.csv,120,11590,4,39,200,145,200,42
human_120_11591_4_39_200_159.csv,120,11591,4,39,200,159,200,42
human_120_11592_4_39_200_163.csv,120,11592,4,39,200,163,200,42
human_120_11593_4_39_200_178.csv,120,11593,4,39,200,178,200,42
human_120_11594_4_39_200_172.csv,120,11594,4,39,200,172,200,42
human_120_11595_4_39_200_162.csv,120,11595,4,39,200,162,200,42
human_120_11596_4_39_200_175.csv,120,11596,4,39,200,175,200,42
human_120_11597_4_39_200_168.csv,120,11597,4,39,200,168,200,42
human_120_11598_4_39_200_180.csv,120,11598,4,39,200,180,200,42
human_120_11599_4_39_200_160.csv,120,11599,4,39,200,160,200,42
human_120_1159_6_4_200_200.csv,120,1159,6,4,200,200,200,42
human_120_115_3_1_200_187.csv,120,115,3,1,200,187,200,42
human_120_11600_4_39_200_155.csv,120,11600,4,39,200,155,200,42
human_120_11601_5_39_200_169.csv,120,11601,5,39,200,169,200,42
human_120_11602_5_39_200_168.csv,120,11602,5,39,200,168,200,42
human_120_11603_5_39_200_185.csv,120,11603,5,39,200,185,200,42
human_120_11604_5_39_200_180.csv,120,11604,5,39,200,180,200,42
human_120_11605_5_39_200_180.csv,120,11605,5,39,200,180,200,42
human_120_11606_5_39_200_200.csv,120,11606,5,39,200,200,200,42
human_120_11607_5_39_200_181.csv,120,11607,5,39,200,181,200,42
human_120_11608_5_39_200_173.csv,120,11608,5,39,200,173,200,42
human_120_11609_5_39_200_173.csv,120,11609,5,39,200,173,200,42
human_120_1160_6_4_200_194.csv,120,1160,6,4,200,194,200,42
human_120_11610_5_39_200_200.csv,120,11610,5,39,200,200,200,42
human_120_11611_5_39_200_168.csv,120,11611,5,39,200,168,200,42
human_120_11612_5_39_200_197.csv,120,11612,5,39,200,197,200,42
human_120_11613_5_39_200_190.csv,120,11613,5,39,200,190,200,42
human_120_11614_5_39_200_199.csv,120,11614,5,39,200,199,200,42
human_120_11615_5_39_200_185.csv,120,11615,5,39,200,185,200,42
human_120_11616_5_39_200_165.csv,120,11616,5,39,200,165,200,42
human_120_11617_5_39_200_210.csv,120,11617,5,39,200,210,200,42
human_120_11618_5_39_200_180.csv,120,11618,5,39,200,180,200,42
human_120_11619_5_39_200_170.csv,120,11619,5,39,200,170,200,42
human_120_1161_6_4_200_199.csv,120,1161,6,4,200,199,200,42
human_120_11620_5_39_200_195.csv,120,11620,5,39,200,195,200,42
human_120_11621_5_39_200_188.csv,120,11621,5,39,200,188,200,42
human_120_11622_5_39_200_195.csv,120,11622,5,39,200,195,200,42
human_120_11623_5_39_200_179.csv,120,11623,5,39,200,179,200,42
human_120_11624_5_39_200_176.csv,120,11624,5,39,200,176,200,42
human_120_11625_5_39_200_171.csv,120,11625,5,39,200,171,200,42
human_120_11626_5_39_200_188.csv,120,11626,5,39,200,188,200,42
human_120_11627_5_39_200_191.csv,120,11627,5,39,200,191,200,42
human_120_11628_5_39_200_190.csv,120,11628,5,39,200,190,200,42
human_120_11629_5_39_200_190.csv,120,11629,5,39,200,190,200,42
human_120_1162_6_4_200_205.csv,120,1162,6,4,200,205,200,42
human_120_11630_5_39_200_190.csv,120,11630,5,39,200,190,200,42
human_120_11631_5_39_200_178.csv,120,11631,5,39,200,178,200,42
human_120_11632_5_39_200_205.csv,120,11632,5,39,200,205,200,42
human_120_11633_5_39_200_189.csv,120,11633,5,39,200,189,200,42
human_120_11634_5_39_200_187.csv,120,11634,5,39,200,187,200,42
human_120_11635_5_39_200_192.csv,120,11635,5,39,200,192,200,42
human_120_11636_5_39_200_187.csv,120,11636,5,39,200,187,200,42
human_120_11637_5_39_200_192.csv,120,11637,5,39,200,192,200,42
human_120_11638_5_39_200_171.csv,120,11638,5,39,200,171,200,42
human_120_11639_5_39_200_182.csv,120,11639,5,39,200,182,200,42
human_120_1163_6_4_200_196.csv,120,1163,6,4,200,196,200,42
human_120_11640_5_39_200_163.csv,120,11640,5,39,200,163,200,42
human_120_11641_5_39_200_166.csv,120,11641,5,39,200,166,200,42
human_120_11642_5_39_200_179.csv,120,11642,5,39,200,179,200,42
human_120_11643_5_39_200_167.csv,120,11643,5,39,200,167,200,42
human_120_11644_5_39_200_188.csv,120,11644,5,39,200,188,200,42
human_120_11645_5_39_200_178.csv,120,11645,5,39,200,178,200,42
human_120_11646_5_39_200_171.csv,120,11646,5,39,200,171,200,42
human_120_11647_5_39_200_186.csv,120,11647,5,39,200,186,200,42
human_120_11648_5_39_200_168.csv,120,11648,5,39,200,168,200,42
human_120_11649_5_39_200_177.csv,120,11649,5,39,200,177,200,42
human_120_1164_6_4_200_197.csv,120,1164,6,4,200,197,200,42
human_120_11650_5_39_200_184.csv,120,11650,5,39,200,184,200,42
human_120_11651_6_39_200_160.csv,120,11651,6,39,200,160,200,42
human_120_11652_6_39_200_175.csv,120,11652,6,39,200,175,200,42
human_120_11653_6_39_200_182.csv,120,11653,6,39,200,182,200,42
human_120_11654_6_39_200_166.csv,120,11654,6,39,200,166,200,42
human_120_11655_6_39_200_165.csv,120,11655,6,39,200,165,200,42
human_120_11656_6_39_200_163.csv,120,11656,6,39,200,163,200,42
human_120_11657_6_39_200_173.csv,120,11657,6,39,200,173,200,42
human_120_11658_6_39_200_172.csv,120,11658,6,39,200,172,200,42
human_120_11659_6_39_200_170.csv,120,11659,6,39,200,170,200,42
human_120_1165_6_4_200_196.csv,120,1165,6,4,200,196,200,42
human_120_11660_6_39_200_179.csv,120,11660,6,39,200,179,200,42
human_120_11661_6_39_200_167.csv,120,11661,6,39,200,167,200,42
human_120_11662_6_39_200_167.csv,120,11662,6,39,200,167,200,42
human_120_11663_6_39_200_178.csv,120,11663,6,39,200,178,200,42
human_120_11664_6_39_200_169.csv,120,11664,6,39,200,169,200,42
human_120_11665_6_39_200_185.csv,120,11665,6,39,200,185,200,42
human_120_11666_6_39_200_170.csv,120,11666,6,39,200,170,200,42
human_120_11667_6_39_200_175.csv,120,11667,6,39,200,175,200,42
human_120_11668_6_39_200_160.csv,120,11668,6,39,200,160,200,42
human_120_11669_6_39_200_155.csv,120,11669,6,39,200,155,200,42
human_120_1166_6_4_200_198.csv,120,1166,6,4,200,198,200,42
human_120_11670_6_39_200_173.csv,120,11670,6,39,200,173,200,42
human_120_11671_6_39_200_162.csv,120,11671,6,39,200,162,200,42
human_120_11672_6_39_200_175.csv,120,11672,6,39,200,175,200,42
human_120_11673_6_39_200_170.csv,120,11673,6,39,200,170,200,42
human_120_11674_6_39_200_166.csv,120,11674,6,39,200,166,200,42
human_120_11675_6_39_200_180.csv,120,11675,6,39,200,180,200,42
human_120_11676_6_39_200_170.csv,120,11676,6,39,200,170,200,42
human_120_11677_6_39_200_170.csv,120,11677,6,39,200,170,200,42
human_120_11678_6_39_200_181.csv,120,11678,6,39,200,181,200,42
human_120_11679_6_39_200_161.csv,120,11679,6,39,200,161,200,42
human_120_1167_6_4_200_195.csv,120,1167,6,4,200,195,200,42
human_120_11680_6_39_200_182.csv,120,11680,6,39,200,182,200,42
human_120_11681_6_39_200_145.csv,120,11681,6,39,200,145,200,42
human_120_11682_6_39_200_162.csv,120,11682,6,39,200,162,200,42
human_120_11683_6_39_200_162.csv,120,11683,6,39,200,162,200,42
human_120_11684_6_39_200_150.csv,120,11684,6,39,200,150,200,42
human_120_11685_6_39_200_150.csv,120,11685,6,39,200,150,200,42
human_120_11686_6_39_200_153.csv,120,11686,6,39,200,153,200,42
human_120_11687_6_39_200_161.csv,120,11687,6,39,200,161,200,42
human_120_11688_6_39_200_172.csv,120,11688,6,39,200,172,200,42
human_120_11689_6_39_200_158.csv,120,11689,6,39,200,158,200,42
human_120_1168_6_4_200_189.csv,120,1168,6,4,200,189,200,42
human_120_11690_6_39_200_150.csv,120,11690,6,39,200,150,200,42
human_120_11691_6_39_200_157.csv,120,11691,6,39,200,157,200,42
human_120_11692_6_39_200_161.csv,120,11692,6,39,200,161,200,42
human_120_11693_6_39_200_150.csv,120,11693,6,39,200,150,200,42
human_120_11694_6_39_200_164.csv,120,11694,6,39,200,164,200,42
human_120_11695_6_39_200_157.csv,120,11695,6,39,200,157,200,42
human_120_11696_6_39_200_160.csv,120,11696,6,39,200,160,200,42
human_120_11697_6_39_200_160.csv,120,11697,6,39,200,160,200,42
human_120_11698_6_39_200_157.csv,120,11698,6,39,200,157,200,42
human_120_11699_6_39_200_167.csv,120,11699,6,39,200,167,200,42
human_120_1169_6_4_200_200.csv,120,1169,6,4,200,200,200,42
human_120_116_3_1_200_190.csv,120,116,3,1,200,190,200,42
human_120_11700_6_39_200_175.csv,120,11700,6,39,200,175,200,42
human_120_11701_1_40_200_160.csv,120,11701,1,40,200,160,200,42
human_120_11702_1_40_200_155.csv,120,11702,1,40,200,155,200,42
human_120_11703_1_40_200_190.csv,120,11703,1,40,200,190,200,42
human_120_11704_1_40_200_163.csv,120,11704,1,40,200,163,200,42
human_120_11705_1_40_200_145.csv,120,11705,1,40,200,145,200,42
human_120_11706_1_40_200_158.csv,120,11706,1,40,200,158,200,42
human_120_11707_1_40_200_163.csv,120,11707,1,40,200,163,200,42
human_120_11708_1_40_200_144.csv,120,11708,1,40,200,144,200,42
human_120_11709_1_40_200_184.csv,120,11709,1,40,200,184,200,42
human_120_1170_6_4_200_203.csv,120,1170,6,4,200,203,200,42
human_120_11710_1_40_200_189.csv,120,11710,1,40,200,189,200,42
human_120_11711_1_40_200_183.csv,120,11711,1,40,200,183,200,42
human_120_11712_1_40_200_171.csv,120,11712,1,40,200,171,200,42
human_120_11713_1_40_200_184.csv,120,11713,1,40,200,184,200,42
human_120_11714_1_40_200_190.csv,120,11714,1,40,200,190,200,42
human_120_11715_1_40_200_173.csv,120,11715,1,40,200,173,200,42
human_120_11716_1_40_200_173.csv,120,11716,1,40,200,173,200,42
human_120_11717_1_40_200_195.csv,120,11717,1,40,200,195,200,42
human_120_11718_1_40_200_193.csv,120,11718,1,40,200,193,200,42
human_120_11719_1_40_200_189.csv,120,11719,1,40,200,189,200,42
human_120_1171_6_4_200_198.csv,120,1171,6,4,200,198,200,42
human_120_11720_1_40_200_167.csv,120,11720,1,40,200,167,200,42
human_120_11721_1_40_200_214.csv,120,11721,1,40,200,214,200,42
human_120_11722_1_40_200_155.csv,120,11722,1,40,200,155,200,42
human_120_11723_1_40_200_190.csv,120,11723,1,40,200,190,200,42
human_120_11724_1_40_200_195.csv,120,11724,1,40,200,195,200,42
human_120_11725_1_40_200_188.csv,120,11725,1,40,200,188,200,42
human_120_11726_1_40_200_183.csv,120,11726,1,40,200,183,200,42
human_120_11727_1_40_200_195.csv,120,11727,1,40,200,195,200,42
human_120_11728_1_40_200_190.csv,120,11728,1,40,200,190,200,42
human_120_11729_1_40_200_194.csv,120,11729,1,40,200,194,200,42
human_120_1172_6_4_200_199.csv,120,1172,6,4,200,199,200,42
human_120_11730_1_40_200_203.csv,120,11730,1,40,200,203,200,42
human_120_11731_1_40_200_182.csv,120,11731,1,40,200,182,200,42
human_120_11732_1_40_200_198.csv,120,11732,1,40,200,198,200,42
human_120_11733_1_40_200_185.csv,120,11733,1,40,200,185,200,42
human_120_11734_1_40_200_182.csv,120,11734,1,40,200,182,200,42
human_120_11735_1_40_200_204.csv,120,11735,1,40,200,204,200,42
human_120_11736_1_40_200_187.csv,120,11736,1,40,200,187,200,42
human_120_11737_1_40_200_192.csv,120,11737,1,40,200,192,200,42
human_120_11738_1_40_200_200.csv,120,11738,1,40,200,200,200,42
human_120_11739_1_40_200_195.csv,120,11739,1,40,200,195,200,42
human_120_1173_6_4_200_193.csv,120,1173,6,4,200,193,200,42
human_120_11740_1_40_200_200.csv,120,11740,1,40,200,200,200,42
human_120_11741_1_40_200_193.csv,120,11741,1,40,200,193,200,42
human_120_11742_1_40_200_195.csv,120,11742,1,40,200,195,200,42
human_120_11743_1_40_200_187.csv,120,11743,1,40,200,187,200,42
human_120_11744_1_40_200_200.csv,120,11744,1,40,200,200,200,42
human_120_11745_1_40_200_192.csv,120,11745,1,40,200,192,200,42
human_120_11746_1_40_200_207.csv,120,11746,1,40,200,207,200,42
human_120_11747_1_40_200_191.csv,120,11747,1,40,200,191,200,42
human_120_11748_1_40_200_193.csv,120,11748,1,40,200,193,200,42
human_120_11749_1_40_200_195.csv,120,11749,1,40,200,195,200,42
human_120_1174_6_4_200_208.csv,120,1174,6,4,200,208,200,42
human_120_11750_1_40_200_193.csv,120,11750,1,40,200,193,200,42
human_120_11751_2_40_200_183.csv,120,11751,2,40,200,183,200,42
human_120_11752_2_40_200_190.csv,120,11752,2,40,200,190,200,42
human_120_11753_2_40_200_188.csv,120,11753,2,40,200,188,200,42
human_120_11754_2_40_200_204.csv,120,11754,2,40,200,204,200,42
human_120_11755_2_40_200_175.csv,120,11755,2,40,200,175,200,42
human_120_11756_2_40_200_195.csv,120,11756,2,40,200,195,200,42
human_120_11757_2_40_200_185.csv,120,11757,2,40,200,185,200,42
human_120_11758_2_40_200_186.csv,120,11758,2,40,200,186,200,42
human_120_11759_2_40_200_190.csv,120,11759,2,40,200,190,200,42
human_120_1175_6_4_200_192.csv,120,1175,6,4,200,192,200,42
human_120_11760_2_40_200_192.csv,120,11760,2,40,200,192,200,42
human_120_11761_2_40_200_192.csv,120,11761,2,40,200,192,200,42
human_120_11762_2_40_200_170.csv,120,11762,2,40,200,170,200,42
human_120_11763_2_40_200_177.csv,120,11763,2,40,200,177,200,42
human_120_11764_2_40_200_208.csv,120,11764,2,40,200,208,200,42
human_120_11765_2_40_200_190.csv,120,11765,2,40,200,190,200,42
human_120_11766_2_40_200_182.csv,120,11766,2,40,200,182,200,42
human_120_11767_2_40_200_205.csv,120,11767,2,40,200,205,200,42
human_120_11768_2_40_200_197.csv,120,11768,2,40,200,197,200,42
human_120_11769_2_40_200_194.csv,120,11769,2,40,200,194,200,42
human_120_1176_6_4_200_193.csv,120,1176,6,4,200,193,200,42
human_120_11770_2_40_200_196.csv,120,11770,2,40,200,196,200,42
human_120_11771_2_40_200_200.csv,120,11771,2,40,200,200,200,42
human_120_11772_2_40_200_193.csv,120,11772,2,40,200,193,200,42
human_120_11773_2_40_200_193.csv,120,11773,2,40,200,193,200,42
human_120_11774_2_40_200_200.csv,120,11774,2,40,200,200,200,42
human_120_11775_2_40_200_195.csv,120,11775,2,40,200,195,200,42
human_120_11776_2_40_200_188.csv,120,11776,2,40,200,188,200,42
human_120_11777_2_40_200_208.csv,120,11777,2,40,200,208,200,42
human_120_11778_2_40_200_175.csv,120,11778,2,40,200,175,200,42
human_120_11779_2_40_200_192.csv,120,11779,2,40,200,192,200,42
human_120_1177_6_4_200_191.csv,120,1177,6,4,200,191,200,42
human_120_11780_2_40_200_206.csv,120,11780,2,40,200,206,200,42
human_120_11781_2_40_200_199.csv,120,11781,2,40,200,199,200,42
human_120_11782_2_40_200_205.csv,120,11782,2,40,200,205,200,42
human_120_11783_2_40_200_190.csv,120,11783,2,40,200,190,200,42
human_120_11784_2_40_200_181.csv,120,11784,2,40,200,181,200,42
human_120_11785_2_40_200_204.csv,120,11785,2,40,200,204,200,42
human_120_11786_2_40_200_193.csv,120,11786,2,40,200,193,200,42
human_120_11787_2_40_200_198.csv,120,11787,2,40,200,198,200,42
human_120_11788_2_40_200_199.csv,120,11788,2,40,200,199,200,42
human_120_11789_2_40_200_189.csv,120,11789,2,40,200,189,200,42
human_120_1178_6_4_200_190.csv,120,1178,6,4,200,190,200,42
human_120_11790_2_40_200_171.csv,120,11790,2,40,200,171,200,42
human_120_11791_2_40_200_189.csv,120,11791,2,40,200,189,200,42
human_120_11792_2_40_200_188.csv,120,11792,2,40,200,188,200,42
human_120_11793_2_40_200_200.csv,120,11793,2,40,200,200,200,42
human_120_11794_2_40_200_180.csv,120,11794,2,40,200,180,200,42
human_120_11795_2_40_200_189.csv,120,11795,2,40,200,189,200,42
human_120_11796_2_40_200_171.csv,120,11796,2,40,200,171,200,42
human_120_11797_2_40_200_202.csv,120,11797,2,40,200,202,200,42
human_120_11798_2_40_200_200.csv,120,11798,2,40,200,200,200,42
human_120_11799_2_40_200_190.csv,120,11799,2,40,200,190,200,42
human_120_1179_6_4_200_197.csv,120,1179,6,4,200,197,200,42
human_120_117_3_1_200_186.csv,120,117,3,1,200,186,200,42
human_120_11800_2_40_200_203.csv,120,11800,2,40,200,203,200,42
human_120_11801_3_40_200_194.csv,120,11801,3,40,200,194,200,42
human_120_11802_3_40_200_172.csv,120,11802,3,40,200,172,200,42
human_120_11803_3_40_200_178.csv,120,11803,3,40,200,178,200,42
human_120_11804_3_40_200_173.csv,120,11804,3,40,200,173,200,42
human_120_11805_3_40_200_181.csv,120,11805,3,40,200,181,200,42
human_120_11806_3_40_200_183.csv,120,11806,3,40,200,183,200,42
human_120_11807_3_40_200_186.csv,120,11807,3,40,200,186,200,42
human_120_11808_3_40_200_182.csv,120,11808,3,40,200,182,200,42
human_120_11809_3_40_200_185.csv,120,11809,3,40,200,185,200,42
human_120_1180_6_4_200_199.csv,120,1180,6,4,200,199,200,42
human_120_11810_3_40_200_185.csv,120,11810,3,40,200,185,200,42
human_120_11811_3_40_200_180.csv,120,11811,3,40,200,180,200,42
human_120_11812_3_40_200_186.csv,120,11812,3,40,200,186,200,42
human_120_11813_3_40_200_189.csv,120,11813,3,40,200,189,200,42
human_120_11814_3_40_200_187.csv,120,11814,3,40,200,187,200,42
human_120_11815_3_40_200_176.csv,120,11815,3,40,200,176,200,42
human_120_11816_3_40_200_179.csv,120,11816,3,40,200,179,200,42
human_120_11817_3_40_200_186.csv,120,11817,3,40,200,186,200,42
human_120_11818_3_40_200_182.csv,120,11818,3,40,200,182,200,42
human_120_11819_3_40_200_189.csv,120,11819,3,40,200,189,200,42
human_120_1181_6_4_200_197.csv,120,1181,6,4,200,197,200,42
human_120_11820_3_40_200_187.csv,120,11820,3,40,200,187,200,42
human_120_11821_3_40_200_191.csv,120,11821,3,40,200,191,200,42
human_120_11822_3_40_200_200.csv,120,11822,3,40,200,200,200,42
human_120_11823_3_40_200_180.csv,120,11823,3,40,200,180,200,42
human_120_11824_3_40_200_190.csv,120,11824,3,40,200,190,200,42
human_120_11825_3_40_200_195.csv,120,11825,3,40,200,195,200,42
human_120_11826_3_40_200_194.csv,120,11826,3,40,200,194,200,42
human_120_11827_3_40_200_181.csv,120,11827,3,40,200,181,200,42
human_120_11828_3_40_200_186.csv,120,11828,3,40,200,186,200,42
human_120_11829_3_40_200_180.csv,120,11829,3,40,200,180,200,42
human_120_1182_6_4_200_198.csv,120,1182,6,4,200,198,200,42
human_120_11830_3_40_200_193.csv,120,11830,3,40,200,193,200,42
human_120_11831_3_40_200_205.csv,120,11831,3,40,200,205,200,42
human_120_11832_3_40_200_190.csv,120,11832,3,40,200,190,200,42
human_120_11833_3_40_200_185.csv,120,11833,3,40,200,185,200,42
human_120_11834_3_40_200_194.csv,120,11834,3,40,200,194,200,42
human_120_11835_3_40_200_189.csv,120,11835,3,40,200,189,200,42
human_120_11836_3_40_200_181.csv,120,11836,3,40,200,181,200,42
human_120_11837_3_40_200_183.csv,120,11837,3,40,200,183,200,42
human_120_11838_3_40_200_180.csv,120,11838,3,40,200,180,200,42
human_120_11839_3_40_200_185.csv,120,11839,3,40,200,185,200,42
human_120_1183_6_4_200_191.csv,120,1183,6,4,200,191,200,42
human_120_11840_3_40_200_183.csv,120,11840,3,40,200,183,200,42
human_120_11841_3_40_200_187.csv,120,11841,3,40,200,187,200,42
human_120_11842_3_40_200_186.csv,120,11842,3,40,200,186,200,42
human_120_11843_3_40_200_181.csv,120,11843,3,40,200,181,200,42
human_120_11844_3_40_200_188.csv,120,11844,3,40,200,188,200,42
human_120_11845_3_40_200_187.csv,120,11845,3,40,200,187,200,42
human_120_11846_3_40_200_185.csv,120,11846,3,40,200,185,200,42
human_120_11847_3_40_200_192.csv,120,11847,3,40,200,192,200,42
human_120_11848_3_40_200_177.csv,120,11848,3,40,200,177,200,42
human_120_11849_3_40_200_180.csv,120,11849,3,40,200,180,200,42
human_120_1184_6_4_200_197.csv,120,1184,6,4,200,197,200,42
human_120_11850_3_40_200_191.csv,120,11850,3,40,200,191,200,42
human_120_11851_4_40_200_188.csv,120,11851,4,40,200,188,200,42
human_120_11852_4_40_200_177.csv,120,11852,4,40,200,177,200,42
human_120_11853_4_40_200_172.csv,120,11853,4,40,200,172,200,42
human_120_11854_4_40_200_194.csv,120,11854,4,40,200,194,200,42
human_120_11855_4_40_200_178.csv,120,11855,4,40,200,178,200,42
human_120_11856_4_40_200_176.csv,120,11856,4,40,200,176,200,42
human_120_11857_4_40_200_167.csv,120,11857,4,40,200,167,200,42
human_120_11858_4_40_200_160.csv,120,11858,4,40,200,160,200,42
human_120_11859_4_40_200_163.csv,120,11859,4,40,200,163,200,42
human_120_1185_6_4_200_201.csv,120,1185,6,4,200,201,200,42
human_120_11860_4_40_200_158.csv,120,11860,4,40,200,158,200,42
human_120_11861_4_40_200_170.csv,120,11861,4,40,200,170,200,42
human_120_11862_4_40_200_160.csv,120,11862,4,40,200,160,200,42
human_120_11863_4_40_200_155.csv,120,11863,4,40,200,155,200,42
human_120_11864_4_40_200_177.csv,120,11864,4,40,200,177,200,42
human_120_11865_4_40_200_161.csv,120,11865,4,40,200,161,200,42
human_120_11866_4_40_200_171.csv,120,11866,4,40,200,171,200,42
human_120_11867_4_40_200_164.csv,120,11867,4,40,200,164,200,42
human_120_11868_4_40_200_167.csv,120,11868,4,40,200,167,200,42
human_120_11869_4_40_200_180.csv,120,11869,4,40,200,180,200,42
human_120_1186_6_4_200_189.csv,120,1186,6,4,200,189,200,42
human_120_11870_4_40_200_164.csv,120,11870,4,40,200,164,200,42
human_120_11871_4_40_200_172.csv,120,11871,4,40,200,172,200,42
human_120_11872_4_40_200_155.csv,120,11872,4,40,200,155,200,42
human_120_11873_4_40_200_171.csv,120,11873,4,40,200,171,200,42
human_120_11874_4_40_200_165.csv,120,11874,4,40,200,165,200,42
human_120_11875_4_40_200_165.csv,120,11875,4,40,200,165,200,42
human_120_11876_4_40_200_164.csv,120,11876,4,40,200,164,200,42
human_120_11877_4_40_200_165.csv,120,11877,4,40,200,165,200,42
human_120_11878_4_40_200_145.csv,120,11878,4,40,200,145,200,42
human_120_11879_4_40_200_160.csv,120,11879,4,40,200,160,200,42
human_120_1187_6_4_200_201.csv,120,1187,6,4,200,201,200,42
human_120_11880_4_40_200_167.csv,120,11880,4,40,200,167,200,42
human_120_11881_4_40_200_175.csv,120,11881,4,40,200,175,200,42
human_120_11882_4_40_200_160.csv,120,11882,4,40,200,160,200,42
human_120_11883_4_40_200_171.csv,120,11883,4,40,200,171,200,42
human_120_11884_4_40_200_155.csv,120,11884,4,40,200,155,200,42
human_120_11885_4_40_200_169.csv,120,11885,4,40,200,169,200,42
human_120_11886_4_40_200_161.csv,120,11886,4,40,200,161,200,42
human_120_11887_4_40_200_156.csv,120,11887,4,40,200,156,200,42
human_120_11888_4_40_200_177.csv,120,11888,4,40,200,177,200,42
human_120_11889_4_40_200_155.csv,120,11889,4,40,200,155,200,42
human_120_1188_6_4_200_198.csv,120,1188,6,4,200,198,200,42
human_120_11890_4_40_200_176.csv,120,11890,4,40,200,176,200,42
human_120_11891_4_40_200_173.csv,120,11891,4,40,200,173,200,42
human_120_11892_4_40_200_154.csv,120,11892,4,40,200,154,200,42
human_120_11893_4_40_200_152.csv,120,11893,4,40,200,152,200,42
human_120_11894_4_40_200_179.csv,120,11894,4,40,200,179,200,42
human_120_11895_4_40_200_152.csv,120,11895,4,40,200,152,200,42
human_120_11896_4_40_200_165.csv,120,11896,4,40,200,165,200,42
human_120_11897_4_40_200_153.csv,120,11897,4,40,200,153,200,42
human_120_11898_4_40_200_173.csv,120,11898,4,40,200,173,200,42
human_120_11899_4_40_200_153.csv,120,11899,4,40,200,153,200,42
human_120_1189_6_4_200_200.csv,120,1189,6,4,200,200,200,42
human_120_118_3_1_200_207.csv,120,118,3,1,200,207,200,42
human_120_11900_4_40_200_150.csv,120,11900,4,40,200,150,200,42
human_120_11901_5_40_200_177.csv,120,11901,5,40,200,177,200,42
human_120_11902_5_40_200_173.csv,120,11902,5,40,200,173,200,42
human_120_11903_5_40_200_175.csv,120,11903,5,40,200,175,200,42
human_120_11904_5_40_200_184.csv,120,11904,5,40,200,184,200,42
human_120_11905_5_40_200_171.csv,120,11905,5,40,200,171,200,42
human_120_11906_5_40_200_200.csv,120,11906,5,40,200,200,200,42
human_120_11907_5_40_200_170.csv,120,11907,5,40,200,170,200,42
human_120_11908_5_40_200_190.csv,120,11908,5,40,200,190,200,42
human_120_11909_5_40_200_185.csv,120,11909,5,40,200,185,200,42
human_120_1190_6_4_200_204.csv,120,1190,6,4,200,204,200,42
human_120_11910_5_40_200_194.csv,120,11910,5,40,200,194,200,42
human_120_11911_5_40_200_155.csv,120,11911,5,40,200,155,200,42
human_120_11912_5_40_200_187.csv,120,11912,5,40,200,187,200,42
human_120_11913_5_40_200_170.csv,120,11913,5,40,200,170,200,42
human_120_11914_5_40_200_190.csv,120,11914,5,40,200,190,200,42
human_120_11915_5_40_200_189.csv,120,11915,5,40,200,189,200,42
human_120_11916_5_40_200_175.csv,120,11916,5,40,200,175,200,42
human_120_11917_5_40_200_195.csv,120,11917,5,40,200,195,200,42
human_120_11918_5_40_200_180.csv,120,11918,5,40,200,180,200,42
human_120_11919_5_40_200_200.csv,120,11919,5,40,200,200,200,42
human_120_1191_6_4_200_191.csv,120,1191,6,4,200,191,200,42
human_120_11920_5_40_200_190.csv,120,11920,5,40,200,190,200,42
human_120_11921_5_40_200_180.csv,120,11921,5,40,200,180,200,42
human_120_11922_5_40_200_185.csv,120,11922,5,40,200,185,200,42
human_120_11923_5_40_200_187.csv,120,11923,5,40,200,187,200,42
human_120_11924_5_40_200_183.csv,120,11924,5,40,200,183,200,42
human_120_11925_5_40_200_182.csv,120,11925,5,40,200,182,200,42
human_120_11926_5_40_200_184.csv,120,11926,5,40,200,184,200,42
human_120_11927_5_40_200_173.csv,120,11927,5,40,200,173,200,42
human_120_11928_5_40_200_200.csv,120,11928,5,40,200,200,200,42
human_120_11929_5_40_200_184.csv,120,11929,5,40,200,184,200,42
human_120_1192_6_4_200_195.csv,120,1192,6,4,200,195,200,42
human_120_11930_5_40_200_192.csv,120,11930,5,40,200,192,200,42
human_120_11931_5_40_200_195.csv,120,11931,5,40,200,195,200,42
human_120_11932_5_40_200_186.csv,120,11932,5,40,200,186,200,42
human_120_11933_5_40_200_190.csv,120,11933,5,40,200,190,200,42
human_120_11934_5_40_200_195.csv,120,11934,5,40,200,195,200,42
human_120_11935_5_40_200_193.csv,120,11935,5,40,200,193,200,42
human_120_11936_5_40_200_172.csv,120,11936,5,40,200,172,200,42
human_120_11937_5_40_200_193.csv,120,11937,5,40,200,193,200,42
human_120_11938_5_40_200_185.csv,120,11938,5,40,200,185,200,42
human_120_11939_5_40_200_193.csv,120,11939,5,40,200,193,200,42
human_120_1193_6_4_200_194.csv,120,1193,6,4,200,194,200,42
human_120_11940_5_40_200_187.csv,120,11940,5,40,200,187,200,42
human_120_11941_5_40_200_190.csv,120,11941,5,40,200,190,200,42
human_120_11942_5_40_200_192.csv,120,11942,5,40,200,192,200,42
human_120_11943_5_40_200_185.csv,120,11943,5,40,200,185,200,42
human_120_11944_5_40_200_180.csv,120,11944,5,40,200,180,200,42
human_120_11945_5_40_200_200.csv,120,11945,5,40,200,200,200,42
human_120_11946_5_40_200_187.csv,120,11946,5,40,200,187,200,42
human_120_11947_5_40_200_178.csv,120,11947,5,40,200,178,200,42
human_120_11948_5_40_200_199.csv,120,11948,5,40,200,199,200,42
human_120_11949_5_40_200_174.csv,120,11949,5,40,200,174,200,42
human_120_1194_6_4_200_197.csv,120,1194,6,4,200,197,200,42
human_120_11950_5_40_200_185.csv,120,11950,5,40,200,185,200,42
human_120_11951_6_40_200_183.csv,120,11951,6,40,200,183,200,42
human_120_11952_6_40_200_185.csv,120,11952,6,40,200,185,200,42
human_120_11953_6_40_200_183.csv,120,11953,6,40,200,183,200,42
human_120_11954_6_40_200_200.csv,120,11954,6,40,200,200,200,42
human_120_11955_6_40_200_187.csv,120,11955,6,40,200,187,200,42
human_120_11956_6_40_200_184.csv,120,11956,6,40,200,184,200,42
human_120_11957_6_40_200_184.csv,120,11957,6,40,200,184,200,42
human_120_11958_6_40_200_192.csv,120,11958,6,40,200,192,200,42
human_120_11959_6_40_200_184.csv,120,11959,6,40,200,184,200,42
human_120_1195_6_4_200_205.csv,120,1195,6,4,200,205,200,42
human_120_11960_6_40_200_190.csv,120,11960,6,40,200,190,200,42
human_120_11961_6_40_200_187.csv,120,11961,6,40,200,187,200,42
human_120_11962_6_40_200_182.csv,120,11962,6,40,200,182,200,42
human_120_11963_6_40_200_200.csv,120,11963,6,40,200,200,200,42
human_120_11964_6_40_200_184.csv,120,11964,6,40,200,184,200,42
human_120_11965_6_40_200_186.csv,120,11965,6,40,200,186,200,42
human_120_11966_6_40_200_200.csv,120,11966,6,40,200,200,200,42
human_120_11967_6_40_200_195.csv,120,11967,6,40,200,195,200,42
human_120_11968_6_40_200_180.csv,120,11968,6,40,200,180,200,42
human_120_11969_6_40_200_172.csv,120,11969,6,40,200,172,200,42
human_120_1196_6_4_200_198.csv,120,1196,6,4,200,198,200,42
human_120_11970_6_40_200_194.csv,120,11970,6,40,200,194,200,42
human_120_11971_6_40_200_189.csv,120,11971,6,40,200,189,200,42
human_120_11972_6_40_200_190.csv,120,11972,6,40,200,190,200,42
human_120_11973_6_40_200_179.csv,120,11973,6,40,200,179,200,42
human_120_11974_6_40_200_195.csv,120,11974,6,40,200,195,200,42
human_120_11975_6_40_200_185.csv,120,11975,6,40,200,185,200,42
human_120_11976_6_40_200_187.csv,120,11976,6,40,200,187,200,42
human_120_11977_6_40_200_190.csv,120,11977,6,40,200,190,200,42
human_120_11978_6_40_200_194.csv,120,11978,6,40,200,194,200,42
human_120_11979_6_40_200_180.csv,120,11979,6,40,200,180,200,42
human_120_1197_6_4_200_192.csv,120,1197,6,4,200,192,200,42
human_120_11980_6_40_200_195.csv,120,11980,6,40,200,195,200,42
human_120_11981_6_40_200_188.csv,120,11981,6,40,200,188,200,42
human_120_11982_6_40_200_200.csv,120,11982,6,40,200,200,200,42
human_120_11983_6_40_200_189.csv,120,11983,6,40,200,189,200,42
human_120_11984_6_40_200_190.csv,120,11984,6,40,200,190,200,42
human_120_11985_6_40_200_189.csv,120,11985,6,40,200,189,200,42
human_120_11986_6_40_200_190.csv,120,11986,6,40,200,190,200,42
human_120_11987_6_40_200_184.csv,120,11987,6,40,200,184,200,42
human_120_11988_6_40_200_194.csv,120,11988,6,40,200,194,200,42
human_120_11989_6_40_200_195.csv,120,11989,6,40,200,195,200,42
human_120_1198_6_4_200_200.csv,120,1198,6,4,200,200,200,42
human_120_11990_6_40_200_184.csv,120,11990,6,40,200,184,200,42
human_120_11991_6_40_200_188.csv,120,11991,6,40,200,188,200,42
human_120_11992_6_40_200_195.csv,120,11992,6,40,200,195,200,42
human_120_11993_6_40_200_188.csv,120,11993,6,40,200,188,200,42
human_120_11994_6_40_200_182.csv,120,11994,6,40,200,182,200,42
human_120_11995_6_40_200_195.csv,120,11995,6,40,200,195,200,42
human_120_11996_6_40_200_186.csv,120,11996,6,40,200,186,200,42
human_120_11997_6_40_200_185.csv,120,11997,6,40,200,185,200,42
human_120_11998_6_40_200_202.csv,120,11998,6,40,200,202,200,42
human_120_11999_6_40_200_191.csv,120,11999,6,40,200,191,200,42
human_120_1199_6_4_200_193.csv,120,1199,6,4,200,193,200,42
human_120_119_3_1_200_187.csv,120,119,3,1,200,187,200,42
human_120_11_1_1_200_211.csv,120,11,1,1,200,211,200,42
human_120_12000_6_40_200_191.csv,120,12000,6,40,200,191,200,42
human_120_1200_6_4_200_198.csv,120,1200,6,4,200,198,200,42
human_120_1201_1_5_200_189.csv,120,1201,1,5,200,189,200,42
human_120_1202_1_5_200_194.csv,120,1202,1,5,200,194,200,42
human_120_1203_1_5_200_177.csv,120,1203,1,5,200,177,200,42
human_120_1204_1_5_200_187.csv,120,1204,1,5,200,187,200,42
human_120_1205_1_5_200_180.csv,120,1205,1,5,200,180,200,42
human_120_1206_1_5_200_162.csv,120,1206,1,5,200,162,200,42
human_120_1207_1_5_200_182.csv,120,1207,1,5,200,182,200,42
human_120_1208_1_5_200_178.csv,120,1208,1,5,200,178,200,42
human_120_1209_1_5_200_187.csv,120,1209,1,5,200,187,200,42
human_120_120_3_1_200_194.csv,120,120,3,1,200,194,200,42
human_120_1210_1_5_200_173.csv,120,1210,1,5,200,173,200,42
human_120_1211_1_5_200_181.csv,120,1211,1,5,200,181,200,42
human_120_1212_1_5_200_192.csv,120,1212,1,5,200,192,200,42
human_120_1213_1_5_200_191.csv,120,1213,1,5,200,191,200,42
human_120_1214_1_5_200_191.csv,120,1214,1,5,200,191,200,42
human_120_1215_1_5_200_195.csv,120,1215,1,5,200,195,200,42
human_120_1216_1_5_200_188.csv,120,1216,1,5,200,188,200,42
human_120_1217_1_5_200_185.csv,120,1217,1,5,200,185,200,42
human_120_1218_1_5_200_197.csv,120,1218,1,5,200,197,200,42
human_120_1219_1_5_200_206.csv,120,1219,1,5,200,206,200,42
human_120_121_3_1_200_193.csv,120,121,3,1,200,193,200,42
human_120_1220_1_5_200_192.csv,120,1220,1,5,200,192,200,42
human_120_1221_1_5_200_192.csv,120,1221,1,5,200,192,200,42
human_120_1222_1_5_200_192.csv,120,1222,1,5,200,192,200,42
human_120_1223_1_5_200_195.csv,120,1223,1,5,200,195,200,42
human_120_1224_1_5_200_200.csv,120,1224,1,5,200,200,200,42
human_120_1225_1_5_200_195.csv,120,1225,1,5,200,195,200,42
human_120_1226_1_5_200_193.csv,120,1226,1,5,200,193,200,42
human_120_1227_1_5_200_194.csv,120,1227,1,5,200,194,200,42
human_120_1228_1_5_200_200.csv,120,1228,1,5,200,200,200,42
human_120_1229_1_5_200_196.csv,120,1229,1,5,200,196,200,42
human_120_122_3_1_200_188.csv,120,122,3,1,200,188,200,42
human_120_1230_1_5_200_200.csv,120,1230,1,5,200,200,200,42
human_120_1231_1_5_200_193.csv,120,1231,1,5,200,193,200,42
human_120_1232_1_5_200_188.csv,120,1232,1,5,200,188,200,42
human_120_1233_1_5_200_200.csv,120,1233,1,5,200,200,200,42
human_120_1234_1_5_200_201.csv,120,1234,1,5,200,201,200,42
human_120_1235_1_5_200_196.csv,120,1235,1,5,200,196,200,42
human_120_1236_1_5_200_208.csv,120,1236,1,5,200,208,200,42
human_120_1237_1_5_200_180.csv,120,1237,1,5,200,180,200,42
human_120_1238_1_5_200_200.csv,120,1238,1,5,200,200,200,42
human_120_1239_1_5_200_195.csv,120,1239,1,5,200,195,200,42
human_120_123_3_1_200_190.csv,120,123,3,1,200,190,200,42
human_120_1240_1_5_200_196.csv,120,1240,1,5,200,196,200,42
human_120_1241_1_5_200_196.csv,120,1241,1,5,200,196,200,42
human_120_1242_1_5_200_200.csv,120,1242,1,5,200,200,200,42
human_120_1243_1_5_200_196.csv,120,1243,1,5,200,196,200,42
human_120_1244_1_5_200_194.csv,120,1244,1,5,200,194,200,42
human_120_1245_1_5_200_208.csv,120,1245,1,5,200,208,200,42
human_120_1246_1_5_200_198.csv,120,1246,1,5,200,198,200,42
human_120_1247_1_5_200_190.csv,120,1247,1,5,200,190,200,42
human_120_1248_1_5_200_200.csv,120,1248,1,5,200,200,200,42
human_120_1249_1_5_200_187.csv,120,1249,1,5,200,187,200,42
human_120_124_3_1_200_196.csv,120,124,3,1,200,196,200,42
human_120_1250_1_5_200_200.csv,120,1250,1,5,200,200,200,42
human_120_1251_2_5_200_196.csv,120,1251,2,5,200,196,200,42
human_120_1252_2_5_200_180.csv,120,1252,2,5,200,180,200,42
human_120_1253_2_5_200_189.csv,120,1253,2,5,200,189,200,42
human_120_1254_2_5_200_187.csv,120,1254,2,5,200,187,200,42
human_120_1255_2_5_200_200.csv,120,1255,2,5,200,200,200,42
human_120_1256_2_5_200_192.csv,120,1256,2,5,200,192,200,42
human_120_1257_2_5_200_187.csv,120,1257,2,5,200,187,200,42
human_120_1258_2_5_200_191.csv,120,1258,2,5,200,191,200,42
human_120_1259_2_5_200_181.csv,120,1259,2,5,200,181,200,42
human_120_125_3_1_200_198.csv,120,125,3,1,200,198,200,42
human_120_1260_2_5_200_190.csv,120,1260,2,5,200,190,200,42
human_120_1261_2_5_200_185.csv,120,1261,2,5,200,185,200,42
human_120_1262_2_5_200_183.csv,120,1262,2,5,200,183,200,42
human_120_1263_2_5_200_189.csv,120,1263,2,5,200,189,200,42
human_120_1264_2_5_200_216.csv,120,1264,2,5,200,216,200,42
human_120_1265_2_5_200_187.csv,120,1265,2,5,200,187,200,42
human_120_1266_2_5_200_190.csv,120,1266,2,5,200,190,200,42
human_120_1267_2_5_200_200.csv,120,1267,2,5,200,200,200,42
human_120_1268_2_5_200_195.csv,120,1268,2,5,200,195,200,42
human_120_1269_2_5_200_187.csv,120,1269,2,5,200,187,200,42
human_120_126_3_1_200_193.csv,120,126,3,1,200,193,200,42
human_120_1270_2_5_200_181.csv,120,1270,2,5,200,181,200,42
human_120_1271_2_5_200_183.csv,120,1271,2,5,200,183,200,42
human_120_1272_2_5_200_200.csv,120,1272,2,5,200,200,200,42
human_120_1273_2_5_200_195.csv,120,1273,2,5,200,195,200,42
human_120_1274_2_5_200_193.csv,120,1274,2,5,200,193,200,42
human_120_1275_2_5_200_200.csv,120,1275,2,5,200,200,200,42
human_120_1276_2_5_200_186.csv,120,1276,2,5,200,186,200,42
human_120_1277_2_5_200_195.csv,120,1277,2,5,200,195,200,42
human_120_1278_2_5_200_176.csv,120,1278,2,5,200,176,200,42
human_120_1279_2_5_200_186.csv,120,1279,2,5,200,186,200,42
human_120_127_3_1_200_193.csv,120,127,3,1,200,193,200,42
human_120_1280_2_5_200_192.csv,120,1280,2,5,200,192,200,42
human_120_1281_2_5_200_182.csv,120,1281,2,5,200,182,200,42
human_120_1282_2_5_200_221.csv,120,1282,2,5,200,221,200,42
human_120_1283_2_5_200_194.csv,120,1283,2,5,200,194,200,42
human_120_1284_2_5_200_200.csv,120,1284,2,5,200,200,200,42
human_120_1285_2_5_200_196.csv,120,1285,2,5,200,196,200,42
human_120_1286_2_5_200_186.csv,120,1286,2,5,200,186,200,42
human_120_1287_2_5_200_188.csv,120,1287,2,5,200,188,200,42
human_120_1288_2_5_200_176.csv,120,1288,2,5,200,176,200,42
human_120_1289_2_5_200_184.csv,120,1289,2,5,200,184,200,42
human_120_128_3_1_200_205.csv,120,128,3,1,200,205,200,42
human_120_1290_2_5_200_176.csv,120,1290,2,5,200,176,200,42
human_120_1291_2_5_200_203.csv,120,1291,2,5,200,203,200,42
human_120_1292_2_5_200_185.csv,120,1292,2,5,200,185,200,42
human_120_1293_2_5_200_193.csv,120,1293,2,5,200,193,200,42
human_120_1294_2_5_200_207.csv,120,1294,2,5,200,207,200,42
human_120_1295_2_5_200_182.csv,120,1295,2,5,200,182,200,42
human_120_1296_2_5_200_189.csv,120,1296,2,5,200,189,200,42
human_120_1297_2_5_200_180.csv,120,1297,2,5,200,180,200,42
human_120_1298_2_5_200_159.csv,120,1298,2,5,200,159,200,42
human_120_1299_2_5_200_200.csv,120,1299,2,5,200,200,200,42
human_120_129_3_1_200_195.csv,120,129,3,1,200,195,200,42
human_120_12_1_1_200_177.csv,120,12,1,1,200,177,200,42
human_120_1300_2_5_200_200.csv,120,1300,2,5,200,200,200,42
human_120_1301_3_5_200_185.csv,120,1301,3,5,200,185,200,42
human_120_1302_3_5_200_198.csv,120,1302,3,5,200,198,200,42
human_120_1303_3_5_200_198.csv,120,1303,3,5,200,198,200,42
human_120_1304_3_5_200_184.csv,120,1304,3,5,200,184,200,42
human_120_1305_3_5_200_198.csv,120,1305,3,5,200,198,200,42
human_120_1306_3_5_200_204.csv,120,1306,3,5,200,204,200,42
human_120_1307_3_5_200_166.csv,120,1307,3,5,200,166,200,42
human_120_1308_3_5_200_218.csv,120,1308,3,5,200,218,200,42
human_120_1309_3_5_200_209.csv,120,1309,3,5,200,209,200,42
human_120_130_3_1_200_197.csv,120,130,3,1,200,197,200,42
human_120_1310_3_5_200_206.csv,120,1310,3,5,200,206,200,42
human_120_1311_3_5_200_184.csv,120,1311,3,5,200,184,200,42
human_120_1312_3_5_200_200.csv,120,1312,3,5,200,200,200,42
human_120_1313_3_5_200_189.csv,120,1313,3,5,200,189,200,42
human_120_1314_3_5_200_200.csv,120,1314,3,5,200,200,200,42
human_120_1315_3_5_200_192.csv,120,1315,3,5,200,192,200,42
human_120_1316_3_5_200_186.csv,120,1316,3,5,200,186,200,42
human_120_1317_3_5_200_176.csv,120,1317,3,5,200,176,200,42
human_120_1318_3_5_200_219.csv,120,1318,3,5,200,219,200,42
human_120_1319_3_5_200_209.csv,120,1319,3,5,200,209,200,42
human_120_131_3_1_200_194.csv,120,131,3,1,200,194,200,42
human_120_1320_3_5_200_162.csv,120,1320,3,5,200,162,200,42
human_120_1321_3_5_200_227.csv,120,1321,3,5,200,227,200,42
human_120_1322_3_5_200_192.csv,120,1322,3,5,200,192,200,42
human_120_1323_3_5_200_187.csv,120,1323,3,5,200,187,200,42
human_120_1324_3_5_200_212.csv,120,1324,3,5,200,212,200,42
human_120_1325_3_5_200_203.csv,120,1325,3,5,200,203,200,42
human_120_1326_3_5_200_189.csv,120,1326,3,5,200,189,200,42
human_120_1327_3_5_200_210.csv,120,1327,3,5,200,210,200,42
human_120_1328_3_5_200_203.csv,120,1328,3,5,200,203,200,42
human_120_1329_3_5_200_194.csv,120,1329,3,5,200,194,200,42
human_120_132_3_1_200_193.csv,120,132,3,1,200,193,200,42
human_120_1330_3_5_200_208.csv,120,1330,3,5,200,208,200,42
human_120_1331_3_5_200_194.csv,120,1331,3,5,200,194,200,42
human_120_1332_3_5_200_188.csv,120,1332,3,5,200,188,200,42
human_120_1333_3_5_200_202.csv,120,1333,3,5,200,202,200,42
human_120_1334_3_5_200_196.csv,120,1334,3,5,200,196,200,42
human_120_1335_3_5_200_198.csv,120,1335,3,5,200,198,200,42
human_120_1336_3_5_200_189.csv,120,1336,3,5,200,189,200,42
human_120_1337_3_5_200_189.csv,120,1337,3,5,200,189,200,42
human_120_1338_3_5_200_195.csv,120,1338,3,5,200,195,200,42
human_120_1339_3_5_200_197.csv,120,1339,3,5,200,197,200,42
human_120_133_3_1_200_192.csv,120,133,3,1,200,192,200,42
human_120_1340_3_5_200_197.csv,120,1340,3,5,200,197,200,42
human_120_1341_3_5_200_196.csv,120,1341,3,5,200,196,200,42
human_120_1342_3_5_200_198.csv,120,1342,3,5,200,198,200,42
human_120_1343_3_5_200_193.csv,120,1343,3,5,200,193,200,42
human_120_1344_3_5_200_197.csv,120,1344,3,5,200,197,200,42
human_120_1345_3_5_200_200.csv,120,1345,3,5,200,200,200,42
human_120_1346_3_5_200_193.csv,120,1346,3,5,200,193,200,42
human_120_1347_3_5_200_192.csv,120,1347,3,5,200,192,200,42
human_120_1348_3_5_200_200.csv,120,1348,3,5,200,200,200,42
human_120_1349_3_5_200_186.csv,120,1349,3,5,200,186,200,42
human_120_134_3_1_200_195.csv,120,134,3,1,200,195,200,42
human_120_1350_3_5_200_200.csv,120,1350,3,5,200,200,200,42
human_120_1351_4_5_200_123.csv,120,1351,4,5,200,123,200,42
human_120_1352_4_5_200_112.csv,120,1352,4,5,200,112,200,42
human_120_1353_4_5_200_141.csv,120,1353,4,5,200,141,200,42
human_120_1354_4_5_200_126.csv,120,1354,4,5,200,126,200,42
human_120_1355_4_5_200_140.csv,120,1355,4,5,200,140,200,42
human_120_1356_4_5_200_149.csv,120,1356,4,5,200,149,200,42
human_120_1357_4_5_200_120.csv,120,1357,4,5,200,120,200,42
human_120_1358_4_5_200_144.csv,120,1358,4,5,200,144,200,42
human_120_1359_4_5_200_150.csv,120,1359,4,5,200,150,200,42
human_120_135_3_1_200_196.csv,120,135,3,1,200,196,200,42
human_120_1360_4_5_200_160.csv,120,1360,4,5,200,160,200,42
human_120_1361_4_5_200_149.csv,120,1361,4,5,200,149,200,42
human_120_1362_4_5_200_124.csv,120,1362,4,5,200,124,200,42
human_120_1363_4_5_200_148.csv,120,1363,4,5,200,148,200,42
human_120_1364_4_5_200_118.csv,120,1364,4,5,200,118,200,42
human_120_1365_4_5_200_193.csv,120,1365,4,5,200,193,200,42
human_120_1366_4_5_200_143.csv,120,1366,4,5,200,143,200,42
human_120_1367_4_5_200_125.csv,120,1367,4,5,200,125,200,42
human_120_1368_4_5_200_130.csv,120,1368,4,5,200,130,200,42
human_120_1369_4_5_200_122.csv,120,1369,4,5,200,122,200,42
human_120_136_3_1_200_186.csv,120,136,3,1,200,186,200,42
human_120_1370_4_5_200_120.csv,120,1370,4,5,200,120,200,42
human_120_1371_4_5_200_126.csv,120,1371,4,5,200,126,200,42
human_120_1372_4_5_200_144.csv,120,1372,4,5,200,144,200,42
human_120_1373_4_5_200_121.csv,120,1373,4,5,200,121,200,42
human_120_1374_4_5_200_124.csv,120,1374,4,5,200,124,200,42
human_120_1375_4_5_200_153.csv,120,1375,4,5,200,153,200,42
human_120_1376_4_5_200_155.csv,120,1376,4,5,200,155,200,42
human_120_1377_4_5_200_125.csv,120,1377,4,5,200,125,200,42
human_120_1378_4_5_200_161.csv,120,1378,4,5,200,161,200,42
human_120_1379_4_5_200_133.csv,120,1379,4,5,200,133,200,42
human_120_137_3_1_200_202.csv,120,137,3,1,200,202,200,42
human_120_1380_4_5_200_132.csv,120,1380,4,5,200,132,200,42
human_120_1381_4_5_200_147.csv,120,1381,4,5,200,147,200,42
human_120_1382_4_5_200_160.csv,120,1382,4,5,200,160,200,42
human_120_1383_4_5_200_138.csv,120,1383,4,5,200,138,200,42
human_120_1384_4_5_200_178.csv,120,1384,4,5,200,178,200,42
human_120_1385_4_5_200_143.csv,120,1385,4,5,200,143,200,42
human_120_1386_4_5_200_163.csv,120,1386,4,5,200,163,200,42
human_120_1387_4_5_200_136.csv,120,1387,4,5,200,136,200,42
human_120_1388_4_5_200_162.csv,120,1388,4,5,200,162,200,42
human_120_1389_4_5_200_141.csv,120,1389,4,5,200,141,200,42
human_120_138_3_1_200_188.csv,120,138,3,1,200,188,200,42
human_120_1390_4_5_200_144.csv,120,1390,4,5,200,144,200,42
human_120_1391_4_5_200_173.csv,120,1391,4,5,200,173,200,42
human_120_1392_4_5_200_130.csv,120,1392,4,5,200,130,200,42
human_120_1393_4_5_200_137.csv,120,1393,4,5,200,137,200,42
human_120_1394_4_5_200_148.csv,120,1394,4,5,200,148,200,42
human_120_1395_4_5_200_139.csv,120,1395,4,5,200,139,200,42
human_120_1396_4_5_200_150.csv,120,1396,4,5,200,150,200,42
human_120_1397_4_5_200_152.csv,120,1397,4,5,200,152,200,42
human_120_1398_4_5_200_139.csv,120,1398,4,5,200,139,200,42
human_120_1399_4_5_200_142.csv,120,1399,4,5,200,142,200,42
human_120_139_3_1_200_193.csv,120,139,3,1,200,193,200,42
human_120_13_1_1_200_182.csv,120,13,1,1,200,182,200,42
human_120_1400_4_5_200_149.csv,120,1400,4,5,200,149,200,42
human_120_1401_5_5_200_154.csv,120,1401,5,5,200,154,200,42
human_120_1402_5_5_200_150.csv,120,1402,5,5,200,150,200,42
human_120_1403_5_5_200_151.csv,120,1403,5,5,200,151,200,42
human_120_1404_5_5_200_142.csv,120,1404,5,5,200,142,200,42
human_120_1405_5_5_200_152.csv,120,1405,5,5,200,152,200,42
human_120_1406_5_5_200_166.csv,120,1406,5,5,200,166,200,42
human_120_1407_5_5_200_157.csv,120,1407,5,5,200,157,200,42
human_120_1408_5_5_200_156.csv,120,1408,5,5,200,156,200,42
human_120_1409_5_5_200_144.csv,120,1409,5,5,200,144,200,42
human_120_140_3_1_200_204.csv,120,140,3,1,200,204,200,42
human_120_1410_5_5_200_151.csv,120,1410,5,5,200,151,200,42
human_120_1411_5_5_200_142.csv,120,1411,5,5,200,142,200,42
human_120_1412_5_5_200_179.csv,120,1412,5,5,200,179,200,42
human_120_1413_5_5_200_158.csv,120,1413,5,5,200,158,200,42
human_120_1414_5_5_200_158.csv,120,1414,5,5,200,158,200,42
human_120_1415_5_5_200_168.csv,120,1415,5,5,200,168,200,42
human_120_1416_5_5_200_159.csv,120,1416,5,5,200,159,200,42
human_120_1417_5_5_200_145.csv,120,1417,5,5,200,145,200,42
human_120_1418_5_5_200_152.csv,120,1418,5,5,200,152,200,42
human_120_1419_5_5_200_156.csv,120,1419,5,5,200,156,200,42
human_120_141_3_1_200_178.csv,120,141,3,1,200,178,200,42
human_120_1420_5_5_200_145.csv,120,1420,5,5,200,145,200,42
human_120_1421_5_5_200_156.csv,120,1421,5,5,200,156,200,42
human_120_1422_5_5_200_155.csv,120,1422,5,5,200,155,200,42
human_120_1423_5_5_200_166.csv,120,1423,5,5,200,166,200,42
human_120_1424_5_5_200_164.csv,120,1424,5,5,200,164,200,42
human_120_1425_5_5_200_162.csv,120,1425,5,5,200,162,200,42
human_120_1426_5_5_200_155.csv,120,1426,5,5,200,155,200,42
human_120_1427_5_5_200_145.csv,120,1427,5,5,200,145,200,42
human_120_1428_5_5_200_163.csv,120,1428,5,5,200,163,200,42
human_120_1429_5_5_200_150.csv,120,1429,5,5,200,150,200,42
human_120_142_3_1_200_205.csv,120,142,3,1,200,205,200,42
human_120_1430_5_5_200_158.csv,120,1430,5,5,200,158,200,42
human_120_1431_5_5_200_150.csv,120,1431,5,5,200,150,200,42
human_120_1432_5_5_200_167.csv,120,1432,5,5,200,167,200,42
human_120_1433_5_5_200_158.csv,120,1433,5,5,200,158,200,42
human_120_1434_5_5_200_140.csv,120,1434,5,5,200,140,200,42
human_120_1435_5_5_200_158.csv,120,1435,5,5,200,158,200,42
human_120_1436_5_5_200_178.csv,120,1436,5,5,200,178,200,42
human_120_1437_5_5_200_145.csv,120,1437,5,5,200,145,200,42
human_120_1438_5_5_200_168.csv,120,1438,5,5,200,168,200,42
human_120_1439_5_5_200_155.csv,120,1439,5,5,200,155,200,42
human_120_143_3_1_200_191.csv,120,143,3,1,200,191,200,42
human_120_1440_5_5_200_165.csv,120,1440,5,5,200,165,200,42
human_120_1441_5_5_200_169.csv,120,1441,5,5,200,169,200,42
human_120_1442_5_5_200_158.csv,120,1442,5,5,200,158,200,42
human_120_1443_5_5_200_162.csv,120,1443,5,5,200,162,200,42
human_120_1444_5_5_200_167.csv,120,1444,5,5,200,167,200,42
human_120_1445_5_5_200_150.csv,120,1445,5,5,200,150,200,42
human_120_1446_5_5_200_148.csv,120,1446,5,5,200,148,200,42
human_120_1447_5_5_200_162.csv,120,1447,5,5,200,162,200,42
human_120_1448_5_5_200_163.csv,120,1448,5,5,200,163,200,42
human_120_1449_5_5_200_169.csv,120,1449,5,5,200,169,200,42
human_120_144_3_1_200_192.csv,120,144,3,1,200,192,200,42
human_120_1450_5_5_200_177.csv,120,1450,5,5,200,177,200,42
human_120_1451_6_5_200_178.csv,120,1451,6,5,200,178,200,42
human_120_1452_6_5_200_173.csv,120,1452,6,5,200,173,200,42
human_120_1453_6_5_200_176.csv,120,1453,6,5,200,176,200,42
human_120_1454_6_5_200_182.csv,120,1454,6,5,200,182,200,42
human_120_1455_6_5_200_177.csv,120,1455,6,5,200,177,200,42
human_120_1456_6_5_200_184.csv,120,1456,6,5,200,184,200,42
human_120_1457_6_5_200_168.csv,120,1457,6,5,200,168,200,42
human_120_1458_6_5_200_190.csv,120,1458,6,5,200,190,200,42
human_120_1459_6_5_200_175.csv,120,1459,6,5,200,175,200,42
human_120_145_3_1_200_182.csv,120,145,3,1,200,182,200,42
human_120_1460_6_5_200_160.csv,120,1460,6,5,200,160,200,42
human_120_1461_6_5_200_175.csv,120,1461,6,5,200,175,200,42
human_120_1462_6_5_200_167.csv,120,1462,6,5,200,167,200,42
human_120_1463_6_5_200_169.csv,120,1463,6,5,200,169,200,42
human_120_1464_6_5_200_178.csv,120,1464,6,5,200,178,200,42
human_120_1465_6_5_200_169.csv,120,1465,6,5,200,169,200,42
human_120_1466_6_5_200_172.csv,120,1466,6,5,200,172,200,42
human_120_1467_6_5_200_189.csv,120,1467,6,5,200,189,200,42
human_120_1468_6_5_200_161.csv,120,1468,6,5,200,161,200,42
human_120_1469_6_5_200_171.csv,120,1469,6,5,200,171,200,42
human_120_146_3_1_200_196.csv,120,146,3,1,200,196,200,42
human_120_1470_6_5_200_173.csv,120,1470,6,5,200,173,200,42
human_120_1471_6_5_200_175.csv,120,1471,6,5,200,175,200,42
human_120_1472_6_5_200_179.csv,120,1472,6,5,200,179,200,42
human_120_1473_6_5_200_190.csv,120,1473,6,5,200,190,200,42
human_120_1474_6_5_200_190.csv,120,1474,6,5,200,190,200,42
human_120_1475_6_5_200_164.csv,120,1475,6,5,200,164,200,42
human_120_1476_6_5_200_185.csv,120,1476,6,5,200,185,200,42
human_120_1477_6_5_200_173.csv,120,1477,6,5,200,173,200,42
human_120_1478_6_5_200_179.csv,120,1478,6,5,200,179,200,42
human_120_1479_6_5_200_172.csv,120,1479,6,5,200,172,200,42
human_120_147_3_1_200_188.csv,120,147,3,1,200,188,200,42
human_120_1480_6_5_200_185.csv,120,1480,6,5,200,185,200,42
human_120_1481_6_5_200_174.csv,120,1481,6,5,200,174,200,42
human_120_1482_6_5_200_188.csv,120,1482,6,5,200,188,200,42
human_120_1483_6_5_200_182.csv,120,1483,6,5,200,182,200,42
human_120_1484_6_5_200_172.csv,120,1484,6,5,200,172,200,42
human_120_1485_6_5_200_187.csv,120,1485,6,5,200,187,200,42
human_120_1486_6_5_200_175.csv,120,1486,6,5,200,175,200,42
human_120_1487_6_5_200_194.csv,120,1487,6,5,200,194,200,42
human_120_1488_6_5_200_178.csv,120,1488,6,5,200,178,200,42
human_120_1489_6_5_200_168.csv,120,1489,6,5,200,168,200,42
human_120_148_3_1_200_164.csv,120,148,3,1,200,164,200,42
human_120_1490_6_5_200_188.csv,120,1490,6,5,200,188,200,42
human_120_1491_6_5_200_176.csv,120,1491,6,5,200,176,200,42
human_120_1492_6_5_200_182.csv,120,1492,6,5,200,182,200,42
human_120_1493_6_5_200_198.csv,120,1493,6,5,200,198,200,42
human_120_1494_6_5_200_178.csv,120,1494,6,5,200,178,200,42
human_120_1495_6_5_200_172.csv,120,1495,6,5,200,172,200,42
human_120_1496_6_5_200_186.csv,120,1496,6,5,200,186,200,42
human_120_1497_6_5_200_181.csv,120,1497,6,5,200,181,200,42
human_120_1498_6_5_200_188.csv,120,1498,6,5,200,188,200,42
human_120_1499_6_5_200_194.csv,120,1499,6,5,200,194,200,42
human_120_149_3_1_200_188.csv,120,149,3,1,200,188,200,42
human_120_14_1_1_200_198.csv,120,14,1,1,200,198,200,42
human_120_1500_6_5_200_183.csv,120,1500,6,5,200,183,200,42
human_120_1501_1_6_200_193.csv,120,1501,1,6,200,193,200,42
human_120_1502_1_6_200_191.csv,120,1502,1,6,200,191,200,42
human_120_1503_1_6_200_170.csv,120,1503,1,6,200,170,200,42
human_120_1504_1_6_200_193.csv,120,1504,1,6,200,193,200,42
human_120_1505_1_6_200_187.csv,120,1505,1,6,200,187,200,42
human_120_1506_1_6_200_156.csv,120,1506,1,6,200,156,200,42
human_120_1507_1_6_200_182.csv,120,1507,1,6,200,182,200,42
human_120_1508_1_6_200_207.csv,120,1508,1,6,200,207,200,42
human_120_1509_1_6_200_184.csv,120,1509,1,6,200,184,200,42
human_120_150_3_1_200_203.csv,120,150,3,1,200,203,200,42
human_120_1510_1_6_200_189.csv,120,1510,1,6,200,189,200,42
human_120_1511_1_6_200_185.csv,120,1511,1,6,200,185,200,42
human_120_1512_1_6_200_185.csv,120,1512,1,6,200,185,200,42
human_120_1513_1_6_200_193.csv,120,1513,1,6,200,193,200,42
human_120_1514_1_6_200_184.csv,120,1514,1,6,200,184,200,42
human_120_1515_1_6_200_186.csv,120,1515,1,6,200,186,200,42
human_120_1516_1_6_200_200.csv,120,1516,1,6,200,200,200,42
human_120_1517_1_6_200_186.csv,120,1517,1,6,200,186,200,42
human_120_1518_1_6_200_185.csv,120,1518,1,6,200,185,200,42
human_120_1519_1_6_200_177.csv,120,1519,1,6,200,177,200,42
human_120_151_4_1_200_199.csv,120,151,4,1,200,199,200,42
human_120_1520_1_6_200_194.csv,120,1520,1,6,200,194,200,42
human_120_1521_1_6_200_174.csv,120,1521,1,6,200,174,200,42
human_120_1522_1_6_200_187.csv,120,1522,1,6,200,187,200,42
human_120_1523_1_6_200_191.csv,120,1523,1,6,200,191,200,42
human_120_1524_1_6_200_194.csv,120,1524,1,6,200,194,200,42
human_120_1525_1_6_200_184.csv,120,1525,1,6,200,184,200,42
human_120_1526_1_6_200_202.csv,120,1526,1,6,200,202,200,42
human_120_1527_1_6_200_189.csv,120,1527,1,6,200,189,200,42
human_120_1528_1_6_200_204.csv,120,1528,1,6,200,204,200,42
human_120_1529_1_6_200_171.csv,120,1529,1,6,200,171,200,42
human_120_152_4_1_200_187.csv,120,152,4,1,200,187,200,42
human_120_1530_1_6_200_204.csv,120,1530,1,6,200,204,200,42
human_120_1531_1_6_200_191.csv,120,1531,1,6,200,191,200,42
human_120_1532_1_6_200_181.csv,120,1532,1,6,200,181,200,42
human_120_1533_1_6_200_185.csv,120,1533,1,6,200,185,200,42
human_120_1534_1_6_200_190.csv,120,1534,1,6,200,190,200,42
human_120_1535_1_6_200_194.csv,120,1535,1,6,200,194,200,42
human_120_1536_1_6_200_180.csv,120,1536,1,6,200,180,200,42
human_120_1537_1_6_200_193.csv,120,1537,1,6,200,193,200,42
human_120_1538_1_6_200_174.csv,120,1538,1,6,200,174,200,42
human_120_1539_1_6_200_194.csv,120,1539,1,6,200,194,200,42
human_120_153_4_1_200_165.csv,120,153,4,1,200,165,200,42
human_120_1540_1_6_200_194.csv,120,1540,1,6,200,194,200,42
human_120_1541_1_6_200_186.csv,120,1541,1,6,200,186,200,42
human_120_1542_1_6_200_183.csv,120,1542,1,6,200,183,200,42
human_120_1543_1_6_200_186.csv,120,1543,1,6,200,186,200,42
human_120_1544_1_6_200_200.csv,120,1544,1,6,200,200,200,42
human_120_1545_1_6_200_178.csv,120,1545,1,6,200,178,200,42
human_120_1546_1_6_200_194.csv,120,1546,1,6,200,194,200,42
human_120_1547_1_6_200_191.csv,120,1547,1,6,200,191,200,42
human_120_1548_1_6_200_197.csv,120,1548,1,6,200,197,200,42
human_120_1549_1_6_200_184.csv,120,1549,1,6,200,184,200,42
human_120_154_4_1_200_182.csv,120,154,4,1,200,182,200,42
human_120_1550_1_6_200_193.csv,120,1550,1,6,200,193,200,42
human_120_1551_2_6_200_196.csv,120,1551,2,6,200,196,200,42
human_120_1552_2_6_200_200.csv,120,1552,2,6,200,200,200,42
human_120_1553_2_6_200_196.csv,120,1553,2,6,200,196,200,42
human_120_1554_2_6_200_206.csv,120,1554,2,6,200,206,200,42
human_120_1555_2_6_200_196.csv,120,1555,2,6,200,196,200,42
human_120_1556_2_6_200_192.csv,120,1556,2,6,200,192,200,42
human_120_1557_2_6_200_197.csv,120,1557,2,6,200,197,200,42
human_120_1558_2_6_200_196.csv,120,1558,2,6,200,196,200,42
human_120_1559_2_6_200_195.csv,120,1559,2,6,200,195,200,42
human_120_155_4_1_200_206.csv,120,155,4,1,200,206,200,42
human_120_1560_2_6_200_197.csv,120,1560,2,6,200,197,200,42
human_120_1561_2_6_200_200.csv,120,1561,2,6,200,200,200,42
human_120_1562_2_6_200_200.csv,120,1562,2,6,200,200,200,42
human_120_1563_2_6_200_177.csv,120,1563,2,6,200,177,200,42
human_120_1564_2_6_200_200.csv,120,1564,2,6,200,200,200,42
human_120_1565_2_6_200_187.csv,120,1565,2,6,200,187,200,42
human_120_1566_2_6_200_195.csv,120,1566,2,6,200,195,200,42
human_120_1567_2_6_200_200.csv,120,1567,2,6,200,200,200,42
human_120_1568_2_6_200_200.csv,120,1568,2,6,200,200,200,42
human_120_1569_2_6_200_212.csv,120,1569,2,6,200,212,200,42
human_120_156_4_1_200_180.csv,120,156,4,1,200,180,200,42
human_120_1570_2_6_200_194.csv,120,1570,2,6,200,194,200,42
human_120_1571_2_6_200_195.csv,120,1571,2,6,200,195,200,42
human_120_1572_2_6_200_200.csv,120,1572,2,6,200,200,200,42
human_120_1573_2_6_200_192.csv,120,1573,2,6,200,192,200,42
human_120_1574_2_6_200_200.csv,120,1574,2,6,200,200,200,42
human_120_1575_2_6_200_200.csv,120,1575,2,6,200,200,200,42
human_120_1576_2_6_200_196.csv,120,1576,2,6,200,196,200,42
human_120_1577_2_6_200_200.csv,120,1577,2,6,200,200,200,42
human_120_1578_2_6_200_200.csv,120,1578,2,6,200,200,200,42
human_120_1579_2_6_200_200.csv,120,1579,2,6,200,200,200,42
human_120_157_4_1_200_196.csv,120,157,4,1,200,196,200,42
human_120_1580_2_6_200_200.csv,120,1580,2,6,200,200,200,42
human_120_1581_2_6_200_200.csv,120,1581,2,6,200,200,200,42
human_120_1582_2_6_200_192.csv,120,1582,2,6,200,192,200,42
human_120_1583_2_6_200_200.csv,120,1583,2,6,200,200,200,42
human_120_1584_2_6_200_200.csv,120,1584,2,6,200,200,200,42
human_120_1585_2_6_200_200.csv,120,1585,2,6,200,200,200,42
human_120_1586_2_6_200_200.csv,120,1586,2,6,200,200,200,42
human_120_1587_2_6_200_194.csv,120,1587,2,6,200,194,200,42
human_120_1588_2_6_200_200.csv,120,1588,2,6,200,200,200,42
human_120_1589_2_6_200_193.csv,120,1589,2,6,200,193,200,42
human_120_158_4_1_200_182.csv,120,158,4,1,200,182,200,42
human_120_1590_2_6_200_197.csv,120,1590,2,6,200,197,200,42
human_120_1591_2_6_200_200.csv,120,1591,2,6,200,200,200,42
human_120_1592_2_6_200_200.csv,120,1592,2,6,200,200,200,42
human_120_1593_2_6_200_195.csv,120,1593,2,6,200,195,200,42
human_120_1594_2_6_200_200.csv,120,1594,2,6,200,200,200,42
human_120_1595_2_6_200_200.csv,120,1595,2,6,200,200,200,42
human_120_1596_2_6_200_198.csv,120,1596,2,6,200,198,200,42
human_120_1597_2_6_200_200.csv,120,1597,2,6,200,200,200,42
human_120_1598_2_6_200_189.csv,120,1598,2,6,200,189,200,42
human_120_1599_2_6_200_200.csv,120,1599,2,6,200,200,200,42
human_120_159_4_1_200_178.csv,120,159,4,1,200,178,200,42
human_120_15_1_1_200_187.csv,120,15,1,1,200,187,200,42
human_120_1600_2_6_200_200.csv,120,1600,2,6,200,200,200,42
human_120_1601_3_6_200_180.csv,120,1601,3,6,200,180,200,42
human_120_1602_3_6_200_170.csv,120,1602,3,6,200,170,200,42
human_120_1603_3_6_200_190.csv,120,1603,3,6,200,190,200,42
human_120_1604_3_6_200_183.csv,120,1604,3,6,200,183,200,42
human_120_1605_3_6_200_193.csv,120,1605,3,6,200,193,200,42
human_120_1606_3_6_200_188.csv,120,1606,3,6,200,188,200,42
human_120_1607_3_6_200_189.csv,120,1607,3,6,200,189,200,42
human_120_1608_3_6_200_201.csv,120,1608,3,6,200,201,200,42
human_120_1609_3_6_200_195.csv,120,1609,3,6,200,195,200,42
human_120_160_4_1_200_183.csv,120,160,4,1,200,183,200,42
human_120_1610_3_6_200_193.csv,120,1610,3,6,200,193,200,42
human_120_1611_3_6_200_211.csv,120,1611,3,6,200,211,200,42
human_120_1612_3_6_200_197.csv,120,1612,3,6,200,197,200,42
human_120_1613_3_6_200_194.csv,120,1613,3,6,200,194,200,42
human_120_1614_3_6_200_192.csv,120,1614,3,6,200,192,200,42
human_120_1615_3_6_200_200.csv,120,1615,3,6,200,200,200,42
human_120_1616_3_6_200_210.csv,120,1616,3,6,200,210,200,42
human_120_1617_3_6_200_204.csv,120,1617,3,6,200,204,200,42
human_120_1618_3_6_200_200.csv,120,1618,3,6,200,200,200,42
human_120_1619_3_6_200_198.csv,120,1619,3,6,200,198,200,42
human_120_161_4_1_200_194.csv,120,161,4,1,200,194,200,42
human_120_1620_3_6_200_212.csv,120,1620,3,6,200,212,200,42
human_120_1621_3_6_200_204.csv,120,1621,3,6,200,204,200,42
human_120_1622_3_6_200_203.csv,120,1622,3,6,200,203,200,42
human_120_1623_3_6_200_205.csv,120,1623,3,6,200,205,200,42
human_120_1624_3_6_200_204.csv,120,1624,3,6,200,204,200,42
human_120_1625_3_6_200_202.csv,120,1625,3,6,200,202,200,42
human_120_1626_3_6_200_199.csv,120,1626,3,6,200,199,200,42
human_120_1627_3_6_200_207.csv,120,1627,3,6,200,207,200,42
human_120_1628_3_6_200_204.csv,120,1628,3,6,200,204,200,42
human_120_1629_3_6_200_201.csv,120,1629,3,6,200,201,200,42
human_120_162_4_1_200_186.csv,120,162,4,1,200,186,200,42
human_120_1630_3_6_200_196.csv,120,1630,3,6,200,196,200,42
human_120_1631_3_6_200_203.csv,120,1631,3,6,200,203,200,42
human_120_1632_3_6_200_202.csv,120,1632,3,6,200,202,200,42
human_120_1633_3_6_200_213.csv,120,1633,3,6,200,213,200,42
human_120_1634_3_6_200_193.csv,120,1634,3,6,200,193,200,42
human_120_1635_3_6_200_193.csv,120,1635,3,6,200,193,200,42
human_120_1636_3_6_200_213.csv,120,1636,3,6,200,213,200,42
human_120_1637_3_6_200_200.csv,120,1637,3,6,200,200,200,42
human_120_1638_3_6_200_200.csv,120,1638,3,6,200,200,200,42
human_120_1639_3_6_200_198.csv,120,1639,3,6,200,198,200,42
human_120_163_4_1_200_188.csv,120,163,4,1,200,188,200,42
human_120_1640_3_6_200_207.csv,120,1640,3,6,200,207,200,42
human_120_1641_3_6_200_203.csv,120,1641,3,6,200,203,200,42
human_120_1642_3_6_200_200.csv,120,1642,3,6,200,200,200,42
human_120_1643_3_6_200_197.csv,120,1643,3,6,200,197,200,42
human_120_1644_3_6_200_204.csv,120,1644,3,6,200,204,200,42
human_120_1645_3_6_200_199.csv,120,1645,3,6,200,199,200,42
human_120_1646_3_6_200_212.csv,120,1646,3,6,200,212,200,42
human_120_1647_3_6_200_208.csv,120,1647,3,6,200,208,200,42
human_120_1648_3_6_200_209.csv,120,1648,3,6,200,209,200,42
human_120_1649_3_6_200_201.csv,120,1649,3,6,200,201,200,42
human_120_164_4_1_200_199.csv,120,164,4,1,200,199,200,42
human_120_1650_3_6_200_199.csv,120,1650,3,6,200,199,200,42
human_120_1651_4_6_200_193.csv,120,1651,4,6,200,193,200,42
human_120_1652_4_6_200_185.csv,120,1652,4,6,200,185,200,42
human_120_1653_4_6_200_200.csv,120,1653,4,6,200,200,200,42
human_120_1654_4_6_200_173.csv,120,1654,4,6,200,173,200,42
human_120_1655_4_6_200_195.csv,120,1655,4,6,200,195,200,42
human_120_1656_4_6_200_193.csv,120,1656,4,6,200,193,200,42
human_120_1657_4_6_200_177.csv,120,1657,4,6,200,177,200,42
human_120_1658_4_6_200_221.csv,120,1658,4,6,200,221,200,42
human_120_1659_4_6_200_170.csv,120,1659,4,6,200,170,200,42
human_120_165_4_1_200_190.csv,120,165,4,1,200,190,200,42
human_120_1660_4_6_200_191.csv,120,1660,4,6,200,191,200,42
human_120_1661_4_6_200_193.csv,120,1661,4,6,200,193,200,42
human_120_1662_4_6_200_200.csv,120,1662,4,6,200,200,200,42
human_120_1663_4_6_200_183.csv,120,1663,4,6,200,183,200,42
human_120_1664_4_6_200_188.csv,120,1664,4,6,200,188,200,42
human_120_1665_4_6_200_195.csv,120,1665,4,6,200,195,200,42
human_120_1666_4_6_200_178.csv,120,1666,4,6,200,178,200,42
human_120_1667_4_6_200_167.csv,120,1667,4,6,200,167,200,42
human_120_1668_4_6_200_181.csv,120,1668,4,6,200,181,200,42
human_120_1669_4_6_200_176.csv,120,1669,4,6,200,176,200,42
human_120_166_4_1_200_174.csv,120,166,4,1,200,174,200,42
human_120_1670_4_6_200_182.csv,120,1670,4,6,200,182,200,42
human_120_1671_4_6_200_192.csv,120,1671,4,6,200,192,200,42
human_120_1672_4_6_200_192.csv,120,1672,4,6,200,192,200,42
human_120_1673_4_6_200_184.csv,120,1673,4,6,200,184,200,42
human_120_1674_4_6_200_192.csv,120,1674,4,6,200,192,200,42
human_120_1675_4_6_200_185.csv,120,1675,4,6,200,185,200,42
human_120_1676_4_6_200_193.csv,120,1676,4,6,200,193,200,42
human_120_1677_4_6_200_192.csv,120,1677,4,6,200,192,200,42
human_120_1678_4_6_200_190.csv,120,1678,4,6,200,190,200,42
human_120_1679_4_6_200_196.csv,120,1679,4,6,200,196,200,42
human_120_167_4_1_200_192.csv,120,167,4,1,200,192,200,42
human_120_1680_4_6_200_178.csv,120,1680,4,6,200,178,200,42
human_120_1681_4_6_200_195.csv,120,1681,4,6,200,195,200,42
human_120_1682_4_6_200_205.csv,120,1682,4,6,200,205,200,42
human_120_1683_4_6_200_187.csv,120,1683,4,6,200,187,200,42
human_120_1684_4_6_200_194.csv,120,1684,4,6,200,194,200,42
human_120_1685_4_6_200_187.csv,120,1685,4,6,200,187,200,42
human_120_1686_4_6_200_194.csv,120,1686,4,6,200,194,200,42
human_120_1687_4_6_200_200.csv,120,1687,4,6,200,200,200,42
human_120_1688_4_6_200_189.csv,120,1688,4,6,200,189,200,42
human_120_1689_4_6_200_195.csv,120,1689,4,6,200,195,200,42
human_120_168_4_1_200_177.csv,120,168,4,1,200,177,200,42
human_120_1690_4_6_200_185.csv,120,1690,4,6,200,185,200,42
human_120_1691_4_6_200_197.csv,120,1691,4,6,200,197,200,42
human_120_1692_4_6_200_186.csv,120,1692,4,6,200,186,200,42
human_120_1693_4_6_200_192.csv,120,1693,4,6,200,192,200,42
human_120_1694_4_6_200_180.csv,120,1694,4,6,200,180,200,42
human_120_1695_4_6_200_191.csv,120,1695,4,6,200,191,200,42
human_120_1696_4_6_200_190.csv,120,1696,4,6,200,190,200,42
human_120_1697_4_6_200_192.csv,120,1697,4,6,200,192,200,42
human_120_1698_4_6_200_210.csv,120,1698,4,6,200,210,200,42
human_120_1699_4_6_200_200.csv,120,1699,4,6,200,200,200,42
human_120_169_4_1_200_213.csv,120,169,4,1,200,213,200,42
human_120_16_1_1_200_184.csv,120,16,1,1,200,184,200,42
human_120_1700_4_6_200_179.csv,120,1700,4,6,200,179,200,42
human_120_1701_5_6_200_183.csv,120,1701,5,6,200,183,200,42
human_120_1702_5_6_200_162.csv,120,1702,5,6,200,162,200,42
human_120_1703_5_6_200_181.csv,120,1703,5,6,200,181,200,42
human_120_1704_5_6_200_192.csv,120,1704,5,6,200,192,200,42
human_120_1705_5_6_200_178.csv,120,1705,5,6,200,178,200,42
human_120_1706_5_6_200_184.csv,120,1706,5,6,200,184,200,42
human_120_1707_5_6_200_183.csv,120,1707,5,6,200,183,200,42
human_120_1708_5_6_200_177.csv,120,1708,5,6,200,177,200,42
human_120_1709_5_6_200_181.csv,120,1709,5,6,200,181,200,42
human_120_170_4_1_200_187.csv,120,170,4,1,200,187,200,42
human_120_1710_5_6_200_179.csv,120,1710,5,6,200,179,200,42
human_120_1711_5_6_200_187.csv,120,1711,5,6,200,187,200,42
human_120_1712_5_6_200_174.csv,120,1712,5,6,200,174,200,42
human_120_1713_5_6_200_183.csv,120,1713,5,6,200,183,200,42
human_120_1714_5_6_200_178.csv,120,1714,5,6,200,178,200,42
human_120_1715_5_6_200_173.csv,120,1715,5,6,200,173,200,42
human_120_1716_5_6_200_188.csv,120,1716,5,6,200,188,200,42
human_120_1717_5_6_200_192.csv,120,1717,5,6,200,192,200,42
human_120_1718_5_6_200_183.csv,120,1718,5,6,200,183,200,42
human_120_1719_5_6_200_182.csv,120,1719,5,6,200,182,200,42
human_120_171_4_1_200_180.csv,120,171,4,1,200,180,200,42
human_120_1720_5_6_200_190.csv,120,1720,5,6,200,190,200,42
human_120_1721_5_6_200_184.csv,120,1721,5,6,200,184,200,42
human_120_1722_5_6_200_194.csv,120,1722,5,6,200,194,200,42
human_120_1723_5_6_200_180.csv,120,1723,5,6,200,180,200,42
human_120_1724_5_6_200_202.csv,120,1724,5,6,200,202,200,42
human_120_1725_5_6_200_180.csv,120,1725,5,6,200,180,200,42
human_120_1726_5_6_200_191.csv,120,1726,5,6,200,191,200,42
human_120_1727_5_6_200_183.csv,120,1727,5,6,200,183,200,42
human_120_1728_5_6_200_196.csv,120,1728,5,6,200,196,200,42
human_120_1729_5_6_200_181.csv,120,1729,5,6,200,181,200,42
human_120_172_4_1_200_183.csv,120,172,4,1,200,183,200,42
human_120_1730_5_6_200_199.csv,120,1730,5,6,200,199,200,42
human_120_1731_5_6_200_183.csv,120,1731,5,6,200,183,200,42
human_120_1732_5_6_200_194.csv,120,1732,5,6,200,194,200,42
human_120_1733_5_6_200_189.csv,120,1733,5,6,200,189,200,42
human_120_1734_5_6_200_179.csv,120,1734,5,6,200,179,200,42
human_120_1735_5_6_200_192.csv,120,1735,5,6,200,192,200,42
human_120_1736_5_6_200_187.csv,120,1736,5,6,200,187,200,42
human_120_1737_5_6_200_196.csv,120,1737,5,6,200,196,200,42
human_120_1738_5_6_200_175.csv,120,1738,5,6,200,175,200,42
human_120_1739_5_6_200_187.csv,120,1739,5,6,200,187,200,42
human_120_173_4_1_200_194.csv,120,173,4,1,200,194,200,42
human_120_1740_5_6_200_185.csv,120,1740,5,6,200,185,200,42
human_120_1741_5_6_200_183.csv,120,1741,5,6,200,183,200,42
human_120_1742_5_6_200_194.csv,120,1742,5,6,200,194,200,42
human_120_1743_5_6_200_193.csv,120,1743,5,6,200,193,200,42
human_120_1744_5_6_200_196.csv,120,1744,5,6,200,196,200,42
human_120_1745_5_6_200_199.csv,120,1745,5,6,200,199,200,42
human_120_1746_5_6_200_192.csv,120,1746,5,6,200,192,200,42
human_120_1747_5_6_200_197.csv,120,1747,5,6,200,197,200,42
human_120_1748_5_6_200_201.csv,120,1748,5,6,200,201,200,42
human_120_1749_5_6_200_182.csv,120,1749,5,6,200,182,200,42
human_120_174_4_1_200_208.csv,120,174,4,1,200,208,200,42
human_120_1750_5_6_200_191.csv,120,1750,5,6,200,191,200,42
human_120_1751_6_6_200_176.csv,120,1751,6,6,200,176,200,42
human_120_1752_6_6_200_194.csv,120,1752,6,6,200,194,200,42
human_120_1753_6_6_200_180.csv,120,1753,6,6,200,180,200,42
human_120_1754_6_6_200_179.csv,120,1754,6,6,200,179,200,42
human_120_1755_6_6_200_185.csv,120,1755,6,6,200,185,200,42
human_120_1756_6_6_200_184.csv,120,1756,6,6,200,184,200,42
human_120_1757_6_6_200_190.csv,120,1757,6,6,200,190,200,42
human_120_1758_6_6_200_182.csv,120,1758,6,6,200,182,200,42
human_120_1759_6_6_200_176.csv,120,1759,6,6,200,176,200,42
human_120_175_4_1_200_177.csv,120,175,4,1,200,177,200,42
human_120_1760_6_6_200_183.csv,120,1760,6,6,200,183,200,42
human_120_1761_6_6_200_186.csv,120,1761,6,6,200,186,200,42
human_120_1762_6_6_200_181.csv,120,1762,6,6,200,181,200,42
human_120_1763_6_6_200_182.csv,120,1763,6,6,200,182,200,42
human_120_1764_6_6_200_181.csv,120,1764,6,6,200,181,200,42
human_120_1765_6_6_200_189.csv,120,1765,6,6,200,189,200,42
human_120_1766_6_6_200_198.csv,120,1766,6,6,200,198,200,42
human_120_1767_6_6_200_196.csv,120,1767,6,6,200,196,200,42
human_120_1768_6_6_200_193.csv,120,1768,6,6,200,193,200,42
human_120_1769_6_6_200_182.csv,120,1769,6,6,200,182,200,42
human_120_176_4_1_200_170.csv,120,176,4,1,200,170,200,42
human_120_1770_6_6_200_193.csv,120,1770,6,6,200,193,200,42
human_120_1771_6_6_200_189.csv,120,1771,6,6,200,189,200,42
human_120_1772_6_6_200_188.csv,120,1772,6,6,200,188,200,42
human_120_1773_6_6_200_201.csv,120,1773,6,6,200,201,200,42
human_120_1774_6_6_200_191.csv,120,1774,6,6,200,191,200,42
human_120_1775_6_6_200_193.csv,120,1775,6,6,200,193,200,42
human_120_1776_6_6_200_190.csv,120,1776,6,6,200,190,200,42
human_120_1777_6_6_200_204.csv,120,1777,6,6,200,204,200,42
human_120_1778_6_6_200_177.csv,120,1778,6,6,200,177,200,42
human_120_1779_6_6_200_177.csv,120,1779,6,6,200,177,200,42
human_120_177_4_1_200_184.csv,120,177,4,1,200,184,200,42
human_120_1780_6_6_200_194.csv,120,1780,6,6,200,194,200,42
human_120_1781_6_6_200_187.csv,120,1781,6,6,200,187,200,42
human_120_1782_6_6_200_195.csv,120,1782,6,6,200,195,200,42
human_120_1783_6_6_200_190.csv,120,1783,6,6,200,190,200,42
human_120_1784_6_6_200_183.csv,120,1784,6,6,200,183,200,42
human_120_1785_6_6_200_182.csv,120,1785,6,6,200,182,200,42
human_120_1786_6_6_200_189.csv,120,1786,6,6,200,189,200,42
human_120_1787_6_6_200_194.csv,120,1787,6,6,200,194,200,42
human_120_1788_6_6_200_187.csv,120,1788,6,6,200,187,200,42
human_120_1789_6_6_200_205.csv,120,1789,6,6,200,205,200,42
human_120_178_4_1_200_169.csv,120,178,4,1,200,169,200,42
human_120_1790_6_6_200_190.csv,120,1790,6,6,200,190,200,42
human_120_1791_6_6_200_190.csv,120,1791,6,6,200,190,200,42
human_120_1792_6_6_200_199.csv,120,1792,6,6,200,199,200,42
human_120_1793_6_6_200_186.csv,120,1793,6,6,200,186,200,42
human_120_1794_6_6_200_202.csv,120,1794,6,6,200,202,200,42
human_120_1795_6_6_200_192.csv,120,1795,6,6,200,192,200,42
human_120_1796_6_6_200_180.csv,120,1796,6,6,200,180,200,42
human_120_1797_6_6_200_187.csv,120,1797,6,6,200,187,200,42
human_120_1798_6_6_200_186.csv,120,1798,6,6,200,186,200,42
human_120_1799_6_6_200_190.csv,120,1799,6,6,200,190,200,42
human_120_179_4_1_200_193.csv,120,179,4,1,200,193,200,42
human_120_17_1_1_200_177.csv,120,17,1,1,200,177,200,42
human_120_1800_6_6_200_188.csv,120,1800,6,6,200,188,200,42
human_120_1801_1_7_200_202.csv,120,1801,1,7,200,202,200,42
human_120_1802_1_7_200_197.csv,120,1802,1,7,200,197,200,42
human_120_1803_1_7_200_158.csv,120,1803,1,7,200,158,200,42
human_120_1804_1_7_200_163.csv,120,1804,1,7,200,163,200,42
human_120_1805_1_7_200_186.csv,120,1805,1,7,200,186,200,42
human_120_1806_1_7_200_184.csv,120,1806,1,7,200,184,200,42
human_120_1807_1_7_200_189.csv,120,1807,1,7,200,189,200,42
human_120_1808_1_7_200_187.csv,120,1808,1,7,200,187,200,42
human_120_1809_1_7_200_203.csv,120,1809,1,7,200,203,200,42
human_120_180_4_1_200_168.csv,120,180,4,1,200,168,200,42
human_120_1810_1_7_200_181.csv,120,1810,1,7,200,181,200,42
human_120_1811_1_7_200_197.csv,120,1811,1,7,200,197,200,42
human_120_1812_1_7_200_211.csv,120,1812,1,7,200,211,200,42
human_120_1813_1_7_200_186.csv,120,1813,1,7,200,186,200,42
human_120_1814_1_7_200_178.csv,120,1814,1,7,200,178,200,42
human_120_1815_1_7_200_189.csv,120,1815,1,7,200,189,200,42
human_120_1816_1_7_200_194.csv,120,1816,1,7,200,194,200,42
human_120_1817_1_7_200_177.csv,120,1817,1,7,200,177,200,42
human_120_1818_1_7_200_187.csv,120,1818,1,7,200,187,200,42
human_120_1819_1_7_200_198.csv,120,1819,1,7,200,198,200,42
human_120_181_4_1_200_197.csv,120,181,4,1,200,197,200,42
human_120_1820_1_7_200_191.csv,120,1820,1,7,200,191,200,42
human_120_1821_1_7_200_185.csv,120,1821,1,7,200,185,200,42
human_120_1822_1_7_200_189.csv,120,1822,1,7,200,189,200,42
human_120_1823_1_7_200_193.csv,120,1823,1,7,200,193,200,42
human_120_1824_1_7_200_191.csv,120,1824,1,7,200,191,200,42
human_120_1825_1_7_200_184.csv,120,1825,1,7,200,184,200,42
human_120_1826_1_7_200_189.csv,120,1826,1,7,200,189,200,42
human_120_1827_1_7_200_188.csv,120,1827,1,7,200,188,200,42
human_120_1828_1_7_200_186.csv,120,1828,1,7,200,186,200,42
human_120_1829_1_7_200_200.csv,120,1829,1,7,200,200,200,42
human_120_182_4_1_200_184.csv,120,182,4,1,200,184,200,42
human_120_1830_1_7_200_190.csv,120,1830,1,7,200,190,200,42
human_120_1831_1_7_200_180.csv,120,1831,1,7,200,180,200,42
human_120_1832_1_7_200_206.csv,120,1832,1,7,200,206,200,42
human_120_1833_1_7_200_187.csv,120,1833,1,7,200,187,200,42
human_120_1834_1_7_200_197.csv,120,1834,1,7,200,197,200,42
human_120_1835_1_7_200_198.csv,120,1835,1,7,200,198,200,42
human_120_1836_1_7_200_188.csv,120,1836,1,7,200,188,200,42
human_120_1837_1_7_200_191.csv,120,1837,1,7,200,191,200,42
human_120_1838_1_7_200_181.csv,120,1838,1,7,200,181,200,42
human_120_1839_1_7_200_181.csv,120,1839,1,7,200,181,200,42
human_120_183_4_1_200_187.csv,120,183,4,1,200,187,200,42
human_120_1840_1_7_200_155.csv,120,1840,1,7,200,155,200,42
human_120_1841_1_7_200_199.csv,120,1841,1,7,200,199,200,42
human_120_1842_1_7_200_190.csv,120,1842,1,7,200,190,200,42
human_120_1843_1_7_200_187.csv,120,1843,1,7,200,187,200,42
human_120_1844_1_7_200_190.csv,120,1844,1,7,200,190,200,42
human_120_1845_1_7_200_193.csv,120,1845,1,7,200,193,200,42
human_120_1846_1_7_200_187.csv,120,1846,1,7,200,187,200,42
human_120_1847_1_7_200_198.csv,120,1847,1,7,200,198,200,42
human_120_1848_1_7_200_189.csv,120,1848,1,7,200,189,200,42
human_120_1849_1_7_200_190.csv,120,1849,1,7,200,190,200,42
human_120_184_4_1_200_192.csv,120,184,4,1,200,192,200,42
human_120_1850_1_7_200_197.csv,120,1850,1,7,200,197,200,42
human_120_1851_2_7_200_196.csv,120,1851,2,7,200,196,200,42
human_120_1852_2_7_200_200.csv,120,1852,2,7,200,200,200,42
human_120_1853_2_7_200_192.csv,120,1853,2,7,200,192,200,42
human_120_1854_2_7_200_200.csv,120,1854,2,7,200,200,200,42
human_120_1855_2_7_200_201.csv,120,1855,2,7,200,201,200,42
human_120_1856_2_7_200_200.csv,120,1856,2,7,200,200,200,42
human_120_1857_2_7_200_200.csv,120,1857,2,7,200,200,200,42
human_120_1858_2_7_200_200.csv,120,1858,2,7,200,200,200,42
human_120_1859_2_7_200_212.csv,120,1859,2,7,200,212,200,42
human_120_185_4_1_200_175.csv,120,185,4,1,200,175,200,42
human_120_1860_2_7_200_207.csv,120,1860,2,7,200,207,200,42
human_120_1861_2_7_200_200.csv,120,1861,2,7,200,200,200,42
human_120_1862_2_7_200_196.csv,120,1862,2,7,200,196,200,42
human_120_1863_2_7_200_211.csv,120,1863,2,7,200,211,200,42
human_120_1864_2_7_200_200.csv,120,1864,2,7,200,200,200,42
human_120_1865_2_7_200_206.csv,120,1865,2,7,200,206,200,42
human_120_1866_2_7_200_187.csv,120,1866,2,7,200,187,200,42
human_120_1867_2_7_200_200.csv,120,1867,2,7,200,200,200,42
human_120_1868_2_7_200_217.csv,120,1868,2,7,200,217,200,42
human_120_1869_2_7_200_200.csv,120,1869,2,7,200,200,200,42
human_120_186_4_1_200_195.csv,120,186,4,1,200,195,200,42
human_120_1870_2_7_200_184.csv,120,1870,2,7,200,184,200,42
human_120_1871_2_7_200_191.csv,120,1871,2,7,200,191,200,42
human_120_1872_2_7_200_209.csv,120,1872,2,7,200,209,200,42
human_120_1873_2_7_200_190.csv,120,1873,2,7,200,190,200,42
human_120_1874_2_7_200_200.csv,120,1874,2,7,200,200,200,42
human_120_1875_2_7_200_197.csv,120,1875,2,7,200,197,200,42
human_120_1876_2_7_200_200.csv,120,1876,2,7,200,200,200,42
human_120_1877_2_7_200_200.csv,120,1877,2,7,200,200,200,42
human_120_1878_2_7_200_200.csv,120,1878,2,7,200,200,200,42
human_120_1879_2_7_200_200.csv,120,1879,2,7,200,200,200,42
human_120_187_4_1_200_181.csv,120,187,4,1,200,181,200,42
human_120_1880_2_7_200_186.csv,120,1880,2,7,200,186,200,42
human_120_1881_2_7_200_200.csv,120,1881,2,7,200,200,200,42
human_120_1882_2_7_200_211.csv,120,1882,2,7,200,211,200,42
human_120_1883_2_7_200_200.csv,120,1883,2,7,200,200,200,42
human_120_1884_2_7_200_212.csv,120,1884,2,7,200,212,200,42
human_120_1885_2_7_200_200.csv,120,1885,2,7,200,200,200,42
human_120_1886_2_7_200_188.csv,120,1886,2,7,200,188,200,42
human_120_1887_2_7_200_210.csv,120,1887,2,7,200,210,200,42
human_120_1888_2_7_200_200.csv,120,1888,2,7,200,200,200,42
human_120_1889_2_7_200_200.csv,120,1889,2,7,200,200,200,42
human_120_188_4_1_200_165.csv,120,188,4,1,200,165,200,42
human_120_1890_2_7_200_200.csv,120,1890,2,7,200,200,200,42
human_120_1891_2_7_200_207.csv,120,1891,2,7,200,207,200,42
human_120_1892_2_7_200_193.csv,120,1892,2,7,200,193,200,42
human_120_1893_2_7_200_209.csv,120,1893,2,7,200,209,200,42
human_120_1894_2_7_200_205.csv,120,1894,2,7,200,205,200,42
human_120_1895_2_7_200_195.csv,120,1895,2,7,200,195,200,42
human_120_1896_2_7_200_196.csv,120,1896,2,7,200,196,200,42
human_120_1897_2_7_200_194.csv,120,1897,2,7,200,194,200,42
human_120_1898_2_7_200_204.csv,120,1898,2,7,200,204,200,42
human_120_1899_2_7_200_192.csv,120,1899,2,7,200,192,200,42
human_120_189_4_1_200_177.csv,120,189,4,1,200,177,200,42
human_120_18_1_1_200_172.csv,120,18,1,1,200,172,200,42
human_120_1900_2_7_200_200.csv,120,1900,2,7,200,200,200,42
human_120_1901_3_7_200_207.csv,120,1901,3,7,200,207,200,42
human_120_1902_3_7_200_182.csv,120,1902,3,7,200,182,200,42
human_120_1903_3_7_200_197.csv,120,1903,3,7,200,197,200,42
human_120_1904_3_7_200_196.csv,120,1904,3,7,200,196,200,42
human_120_1905_3_7_200_192.csv,120,1905,3,7,200,192,200,42
human_120_1906_3_7_200_189.csv,120,1906,3,7,200,189,200,42
human_120_1907_3_7_200_197.csv,120,1907,3,7,200,197,200,42
human_120_1908_3_7_200_205.csv,120,1908,3,7,200,205,200,42
human_120_1909_3_7_200_209.csv,120,1909,3,7,200,209,200,42
human_120_190_4_1_200_183.csv,120,190,4,1,200,183,200,42
human_120_1910_3_7_200_193.csv,120,1910,3,7,200,193,200,42
human_120_1911_3_7_200_216.csv,120,1911,3,7,200,216,200,42
human_120_1912_3_7_200_191.csv,120,1912,3,7,200,191,200,42
human_120_1913_3_7_200_205.csv,120,1913,3,7,200,205,200,42
human_120_1914_3_7_200_204.csv,120,1914,3,7,200,204,200,42
human_120_1915_3_7_200_194.csv,120,1915,3,7,200,194,200,42
human_120_1916_3_7_200_197.csv,120,1916,3,7,200,197,200,42
human_120_1917_3_7_200_202.csv,120,1917,3,7,200,202,200,42
human_120_1918_3_7_200_196.csv,120,1918,3,7,200,196,200,42
human_120_1919_3_7_200_204.csv,120,1919,3,7,200,204,200,42
human_120_191_4_1_200_177.csv,120,191,4,1,200,177,200,42
human_120_1920_3_7_200_198.csv,120,1920,3,7,200,198,200,42
human_120_1921_3_7_200_200.csv,120,1921,3,7,200,200,200,42
human_120_1922_3_7_200_207.csv,120,1922,3,7,200,207,200,42
human_120_1923_3_7_200_192.csv,120,1923,3,7,200,192,200,42
human_120_1924_3_7_200_198.csv,120,1924,3,7,200,198,200,42
human_120_1925_3_7_200_198.csv,120,1925,3,7,200,198,200,42
human_120_1926_3_7_200_200.csv,120,1926,3,7,200,200,200,42
human_120_1927_3_7_200_199.csv,120,1927,3,7,200,199,200,42
human_120_1928_3_7_200_215.csv,120,1928,3,7,200,215,200,42
human_120_1929_3_7_200_192.csv,120,1929,3,7,200,192,200,42
human_120_192_4_1_200_193.csv,120,192,4,1,200,193,200,42
human_120_1930_3_7_200_195.csv,120,1930,3,7,200,195,200,42
human_120_1931_3_7_200_213.csv,120,1931,3,7,200,213,200,42
human_120_1932_3_7_200_199.csv,120,1932,3,7,200,199,200,42
human_120_1933_3_7_200_206.csv,120,1933,3,7,200,206,200,42
human_120_1934_3_7_200_195.csv,120,1934,3,7,200,195,200,42
human_120_1935_3_7_200_202.csv,120,1935,3,7,200,202,200,42
human_120_1936_3_7_200_200.csv,120,1936,3,7,200,200,200,42
human_120_1937_3_7_200_202.csv,120,1937,3,7,200,202,200,42
human_120_1938_3_7_200_199.csv,120,1938,3,7,200,199,200,42
human_120_1939_3_7_200_204.csv,120,1939,3,7,200,204,200,42
human_120_193_4_1_200_183.csv,120,193,4,1,200,183,200,42
human_120_1940_3_7_200_206.csv,120,1940,3,7,200,206,200,42
human_120_1941_3_7_200_200.csv,120,1941,3,7,200,200,200,42
human_120_1942_3_7_200_205.csv,120,1942,3,7,200,205,200,42
human_120_1943_3_7_200_199.csv,120,1943,3,7,200,199,200,42
human_120_1944_3_7_200_195.csv,120,1944,3,7,200,195,200,42
human_120_1945_3_7_200_201.csv,120,1945,3,7,200,201,200,42
human_120_1946_3_7_200_190.csv,120,1946,3,7,200,190,200,42
human_120_1947_3_7_200_200.csv,120,1947,3,7,200,200,200,42
human_120_1948_3_7_200_192.csv,120,1948,3,7,200,192,200,42
human_120_1949_3_7_200_209.csv,120,1949,3,7,200,209,200,42
human_120_194_4_1_200_189.csv,120,194,4,1,200,189,200,42
human_120_1950_3_7_200_207.csv,120,1950,3,7,200,207,200,42
human_120_1951_4_7_200_152.csv,120,1951,4,7,200,152,200,42
human_120_1952_4_7_200_158.csv,120,1952,4,7,200,158,200,42
human_120_1953_4_7_200_142.csv,120,1953,4,7,200,142,200,42
human_120_1954_4_7_200_146.csv,120,1954,4,7,200,146,200,42
human_120_1955_4_7_200_152.csv,120,1955,4,7,200,152,200,42
human_120_1956_4_7_200_160.csv,120,1956,4,7,200,160,200,42
human_120_1957_4_7_200_172.csv,120,1957,4,7,200,172,200,42
human_120_1958_4_7_200_177.csv,120,1958,4,7,200,177,200,42
human_120_1959_4_7_200_171.csv,120,1959,4,7,200,171,200,42
human_120_195_4_1_200_188.csv,120,195,4,1,200,188,200,42
human_120_1960_4_7_200_161.csv,120,1960,4,7,200,161,200,42
human_120_1961_4_7_200_154.csv,120,1961,4,7,200,154,200,42
human_120_1962_4_7_200_140.csv,120,1962,4,7,200,140,200,42
human_120_1963_4_7_200_170.csv,120,1963,4,7,200,170,200,42
human_120_1964_4_7_200_174.csv,120,1964,4,7,200,174,200,42
human_120_1965_4_7_200_173.csv,120,1965,4,7,200,173,200,42
human_120_1966_4_7_200_177.csv,120,1966,4,7,200,177,200,42
human_120_1967_4_7_200_146.csv,120,1967,4,7,200,146,200,42
human_120_1968_4_7_200_147.csv,120,1968,4,7,200,147,200,42
human_120_1969_4_7_200_187.csv,120,1969,4,7,200,187,200,42
human_120_196_4_1_200_172.csv,120,196,4,1,200,172,200,42
human_120_1970_4_7_200_167.csv,120,1970,4,7,200,167,200,42
human_120_1971_4_7_200_167.csv,120,1971,4,7,200,167,200,42
human_120_1972_4_7_200_149.csv,120,1972,4,7,200,149,200,42
human_120_1973_4_7_200_157.csv,120,1973,4,7,200,157,200,42
human_120_1974_4_7_200_171.csv,120,1974,4,7,200,171,200,42
human_120_1975_4_7_200_173.csv,120,1975,4,7,200,173,200,42
human_120_1976_4_7_200_174.csv,120,1976,4,7,200,174,200,42
human_120_1977_4_7_200_189.csv,120,1977,4,7,200,189,200,42
human_120_1978_4_7_200_173.csv,120,1978,4,7,200,173,200,42
human_120_1979_4_7_200_180.csv,120,1979,4,7,200,180,200,42
human_120_197_4_1_200_202.csv,120,197,4,1,200,202,200,42
human_120_1980_4_7_200_185.csv,120,1980,4,7,200,185,200,42
human_120_1981_4_7_200_152.csv,120,1981,4,7,200,152,200,42
human_120_1982_4_7_200_171.csv,120,1982,4,7,200,171,200,42
human_120_1983_4_7_200_161.csv,120,1983,4,7,200,161,200,42
human_120_1984_4_7_200_184.csv,120,1984,4,7,200,184,200,42
human_120_1985_4_7_200_151.csv,120,1985,4,7,200,151,200,42
human_120_1986_4_7_200_179.csv,120,1986,4,7,200,179,200,42
human_120_1987_4_7_200_174.csv,120,1987,4,7,200,174,200,42
human_120_1988_4_7_200_189.csv,120,1988,4,7,200,189,200,42
human_120_1989_4_7_200_173.csv,120,1989,4,7,200,173,200,42
human_120_198_4_1_200_175.csv,120,198,4,1,200,175,200,42
human_120_1990_4_7_200_165.csv,120,1990,4,7,200,165,200,42
human_120_1991_4_7_200_169.csv,120,1991,4,7,200,169,200,42
human_120_1992_4_7_200_175.csv,120,1992,4,7,200,175,200,42
human_120_1993_4_7_200_179.csv,120,1993,4,7,200,179,200,42
human_120_1994_4_7_200_153.csv,120,1994,4,7,200,153,200,42
human_120_1995_4_7_200_170.csv,120,1995,4,7,200,170,200,42
human_120_1996_4_7_200_174.csv,120,1996,4,7,200,174,200,42
human_120_1997_4_7_200_174.csv,120,1997,4,7,200,174,200,42
human_120_1998_4_7_200_182.csv,120,1998,4,7,200,182,200,42
human_120_1999_4_7_200_171.csv,120,1999,4,7,200,171,200,42
human_120_199_4_1_200_188.csv,120,199,4,1,200,188,200,42
human_120_19_1_1_200_189.csv,120,19,1,1,200,189,200,42
human_120_1_1_1_200_190.csv,120,1,1,1,200,190,200,42
human_120_2000_4_7_200_156.csv,120,2000,4,7,200,156,200,42
human_120_2001_5_7_200_188.csv,120,2001,5,7,200,188,200,42
human_120_2002_5_7_200_183.csv,120,2002,5,7,200,183,200,42
human_120_2003_5_7_200_191.csv,120,2003,5,7,200,191,200,42
human_120_2004_5_7_200_186.csv,120,2004,5,7,200,186,200,42
human_120_2005_5_7_200_201.csv,120,2005,5,7,200,201,200,42
human_120_2006_5_7_200_197.csv,120,2006,5,7,200,197,200,42
human_120_2007_5_7_200_174.csv,120,2007,5,7,200,174,200,42
human_120_2008_5_7_200_185.csv,120,2008,5,7,200,185,200,42
human_120_2009_5_7_200_182.csv,120,2009,5,7,200,182,200,42
human_120_200_4_1_200_179.csv,120,200,4,1,200,179,200,42
human_120_2010_5_7_200_190.csv,120,2010,5,7,200,190,200,42
human_120_2011_5_7_200_196.csv,120,2011,5,7,200,196,200,42
human_120_2012_5_7_200_193.csv,120,2012,5,7,200,193,200,42
human_120_2013_5_7_200_172.csv,120,2013,5,7,200,172,200,42
human_120_2014_5_7_200_194.csv,120,2014,5,7,200,194,200,42
human_120_2015_5_7_200_188.csv,120,2015,5,7,200,188,200,42
human_120_2016_5_7_200_181.csv,120,2016,5,7,200,181,200,42
human_120_2017_5_7_200_213.csv,120,2017,5,7,200,213,200,42
human_120_2018_5_7_200_190.csv,120,2018,5,7,200,190,200,42
human_120_2019_5_7_200_201.csv,120,2019,5,7,200,201,200,42
human_120_201_5_1_200_192.csv,120,201,5,1,200,192,200,42
human_120_2020_5_7_200_201.csv,120,2020,5,7,200,201,200,42
human_120_2021_5_7_200_197.csv,120,2021,5,7,200,197,200,42
human_120_2022_5_7_200_192.csv,120,2022,5,7,200,192,200,42
human_120_2023_5_7_200_190.csv,120,2023,5,7,200,190,200,42
human_120_2024_5_7_200_193.csv,120,2024,5,7,200,193,200,42
human_120_2025_5_7_200_186.csv,120,2025,5,7,200,186,200,42
human_120_2026_5_7_200_200.csv,120,2026,5,7,200,200,200,42
human_120_2027_5_7_200_192.csv,120,2027,5,7,200,192,200,42
human_120_2028_5_7_200_196.csv,120,2028,5,7,200,196,200,42
human_120_2029_5_7_200_199.csv,120,2029,5,7,200,199,200,42
human_120_202_5_1_200_195.csv,120,202,5,1,200,195,200,42
human_120_2030_5_7_200_189.csv,120,2030,5,7,200,189,200,42
human_120_2031_5_7_200_204.csv,120,2031,5,7,200,204,200,42
human_120_2032_5_7_200_196.csv,120,2032,5,7,200,196,200,42
human_120_2033_5_7_200_207.csv,120,2033,5,7,200,207,200,42
human_120_2034_5_7_200_198.csv,120,2034,5,7,200,198,200,42
human_120_2035_5_7_200_207.csv,120,2035,5,7,200,207,200,42
human_120_2036_5_7_200_192.csv,120,2036,5,7,200,192,200,42
human_120_2037_5_7_200_192.csv,120,2037,5,7,200,192,200,42
human_120_2038_5_7_200_192.csv,120,2038,5,7,200,192,200,42
human_120_2039_5_7_200_195.csv,120,2039,5,7,200,195,200,42
human_120_203_5_1_200_205.csv,120,203,5,1,200,205,200,42
human_120_2040_5_7_200_193.csv,120,2040,5,7,200,193,200,42
human_120_2041_5_7_200_193.csv,120,2041,5,7,200,193,200,42
human_120_2042_5_7_200_191.csv,120,2042,5,7,200,191,200,42
human_120_2043_5_7_200_183.csv,120,2043,5,7,200,183,200,42
human_120_2044_5_7_200_196.csv,120,2044,5,7,200,196,200,42
human_120_2045_5_7_200_200.csv,120,2045,5,7,200,200,200,42
human_120_2046_5_7_200_194.csv,120,2046,5,7,200,194,200,42
human_120_2047_5_7_200_179.csv,120,2047,5,7,200,179,200,42
human_120_2048_5_7_200_195.csv,120,2048,5,7,200,195,200,42
human_120_2049_5_7_200_188.csv,120,2049,5,7,200,188,200,42
human_120_204_5_1_200_192.csv,120,204,5,1,200,192,200,42
human_120_2050_5_7_200_189.csv,120,2050,5,7,200,189,200,42
human_120_2051_6_7_200_202.csv,120,2051,6,7,200,202,200,42
human_120_2052_6_7_200_195.csv,120,2052,6,7,200,195,200,42
human_120_2053_6_7_200_199.csv,120,2053,6,7,200,199,200,42
human_120_2054_6_7_200_204.csv,120,2054,6,7,200,204,200,42
human_120_2055_6_7_200_194.csv,120,2055,6,7,200,194,200,42
human_120_2056_6_7_200_195.csv,120,2056,6,7,200,195,200,42
human_120_2057_6_7_200_194.csv,120,2057,6,7,200,194,200,42
human_120_2058_6_7_200_210.csv,120,2058,6,7,200,210,200,42
human_120_2059_6_7_200_193.csv,120,2059,6,7,200,193,200,42
human_120_205_5_1_200_193.csv,120,205,5,1,200,193,200,42
human_120_2060_6_7_200_200.csv,120,2060,6,7,200,200,200,42
human_120_2061_6_7_200_210.csv,120,2061,6,7,200,210,200,42
human_120_2062_6_7_200_169.csv,120,2062,6,7,200,169,200,42
human_120_2063_6_7_200_182.csv,120,2063,6,7,200,182,200,42
human_120_2064_6_7_200_176.csv,120,2064,6,7,200,176,200,42
human_120_2065_6_7_200_173.csv,120,2065,6,7,200,173,200,42
human_120_2066_6_7_200_191.csv,120,2066,6,7,200,191,200,42
human_120_2067_6_7_200_178.csv,120,2067,6,7,200,178,200,42
human_120_2068_6_7_200_187.csv,120,2068,6,7,200,187,200,42
human_120_2069_6_7_200_191.csv,120,2069,6,7,200,191,200,42
human_120_206_5_1_200_195.csv,120,206,5,1,200,195,200,42
human_120_2070_6_7_200_192.csv,120,2070,6,7,200,192,200,42
human_120_2071_6_7_200_188.csv,120,2071,6,7,200,188,200,42
human_120_2072_6_7_200_188.csv,120,2072,6,7,200,188,200,42
human_120_2073_6_7_200_180.csv,120,2073,6,7,200,180,200,42
human_120_2074_6_7_200_178.csv,120,2074,6,7,200,178,200,42
human_120_2075_6_7_200_179.csv,120,2075,6,7,200,179,200,42
human_120_2076_6_7_200_172.csv,120,2076,6,7,200,172,200,42
human_120_2077_6_7_200_186.csv,120,2077,6,7,200,186,200,42
human_120_2078_6_7_200_190.csv,120,2078,6,7,200,190,200,42
human_120_2079_6_7_200_184.csv,120,2079,6,7,200,184,200,42
human_120_207_5_1_200_186.csv,120,207,5,1,200,186,200,42
human_120_2080_6_7_200_190.csv,120,2080,6,7,200,190,200,42
human_120_2081_6_7_200_193.csv,120,2081,6,7,200,193,200,42
human_120_2082_6_7_200_193.csv,120,2082,6,7,200,193,200,42
human_120_2083_6_7_200_190.csv,120,2083,6,7,200,190,200,42
human_120_2084_6_7_200_184.csv,120,2084,6,7,200,184,200,42
human_120_2085_6_7_200_186.csv,120,2085,6,7,200,186,200,42
human_120_2086_6_7_200_188.csv,120,2086,6,7,200,188,200,42
human_120_2087_6_7_200_196.csv,120,2087,6,7,200,196,200,42
human_120_2088_6_7_200_193.csv,120,2088,6,7,200,193,200,42
human_120_2089_6_7_200_179.csv,120,2089,6,7,200,179,200,42
human_120_208_5_1_200_194.csv,120,208,5,1,200,194,200,42
human_120_2090_6_7_200_184.csv,120,2090,6,7,200,184,200,42
human_120_2091_6_7_200_180.csv,120,2091,6,7,200,180,200,42
human_120_2092_6_7_200_183.csv,120,2092,6,7,200,183,200,42
human_120_2093_6_7_200_187.csv,120,2093,6,7,200,187,200,42
human_120_2094_6_7_200_178.csv,120,2094,6,7,200,178,200,42
human_120_2095_6_7_200_170.csv,120,2095,6,7,200,170,200,42
human_120_2096_6_7_200_198.csv,120,2096,6,7,200,198,200,42
human_120_2097_6_7_200_180.csv,120,2097,6,7,200,180,200,42
human_120_2098_6_7_200_182.csv,120,2098,6,7,200,182,200,42
human_120_2099_6_7_200_183.csv,120,2099,6,7,200,183,200,42
human_120_209_5_1_200_182.csv,120,209,5,1,200,182,200,42
human_120_20_1_1_200_179.csv,120,20,1,1,200,179,200,42
human_120_2100_6_7_200_190.csv,120,2100,6,7,200,190,200,42
human_120_2101_1_8_200_186.csv,120,2101,1,8,200,186,200,42
human_120_2102_1_8_200_193.csv,120,2102,1,8,200,193,200,42
human_120_2103_1_8_200_198.csv,120,2103,1,8,200,198,200,42
human_120_2104_1_8_200_194.csv,120,2104,1,8,200,194,200,42
human_120_2105_1_8_200_192.csv,120,2105,1,8,200,192,200,42
human_120_2106_1_8_200_195.csv,120,2106,1,8,200,195,200,42
human_120_2107_1_8_200_200.csv,120,2107,1,8,200,200,200,42
human_120_2108_1_8_200_192.csv,120,2108,1,8,200,192,200,42
human_120_2109_1_8_200_191.csv,120,2109,1,8,200,191,200,42
human_120_210_5_1_200_185.csv,120,210,5,1,200,185,200,42
human_120_2110_1_8_200_196.csv,120,2110,1,8,200,196,200,42
human_120_2111_1_8_200_209.csv,120,2111,1,8,200,209,200,42
human_120_2112_1_8_200_191.csv,120,2112,1,8,200,191,200,42
human_120_2113_1_8_200_193.csv,120,2113,1,8,200,193,200,42
human_120_2114_1_8_200_196.csv,120,2114,1,8,200,196,200,42
human_120_2115_1_8_200_200.csv,120,2115,1,8,200,200,200,42
human_120_2116_1_8_200_190.csv,120,2116,1,8,200,190,200,42
human_120_2117_1_8_200_182.csv,120,2117,1,8,200,182,200,42
human_120_2118_1_8_200_193.csv,120,2118,1,8,200,193,200,42
human_120_2119_1_8_200_185.csv,120,2119,1,8,200,185,200,42
human_120_211_5_1_200_198.csv,120,211,5,1,200,198,200,42
human_120_2120_1_8_200_195.csv,120,2120,1,8,200,195,200,42
human_120_2121_1_8_200_200.csv,120,2121,1,8,200,200,200,42
human_120_2122_1_8_200_207.csv,120,2122,1,8,200,207,200,42
human_120_2123_1_8_200_200.csv,120,2123,1,8,200,200,200,42
human_120_2124_1_8_200_191.csv,120,2124,1,8,200,191,200,42
human_120_2125_1_8_200_204.csv,120,2125,1,8,200,204,200,42
human_120_2126_1_8_200_195.csv,120,2126,1,8,200,195,200,42
human_120_2127_1_8_200_197.csv,120,2127,1,8,200,197,200,42
human_120_2128_1_8_200_200.csv,120,2128,1,8,200,200,200,42
human_120_2129_1_8_200_190.csv,120,2129,1,8,200,190,200,42
human_120_212_5_1_200_184.csv,120,212,5,1,200,184,200,42
human_120_2130_1_8_200_200.csv,120,2130,1,8,200,200,200,42
human_120_2131_1_8_200_200.csv,120,2131,1,8,200,200,200,42
human_120_2132_1_8_200_186.csv,120,2132,1,8,200,186,200,42
human_120_2133_1_8_200_189.csv,120,2133,1,8,200,189,200,42
human_120_2134_1_8_200_200.csv,120,2134,1,8,200,200,200,42
human_120_2135_1_8_200_190.csv,120,2135,1,8,200,190,200,42
human_120_2136_1_8_200_187.csv,120,2136,1,8,200,187,200,42
human_120_2137_1_8_200_192.csv,120,2137,1,8,200,192,200,42
human_120_2138_1_8_200_195.csv,120,2138,1,8,200,195,200,42
human_120_2139_1_8_200_193.csv,120,2139,1,8,200,193,200,42
human_120_213_5_1_200_207.csv,120,213,5,1,200,207,200,42
human_120_2140_1_8_200_197.csv,120,2140,1,8,200,197,200,42
human_120_2141_1_8_200_200.csv,120,2141,1,8,200,200,200,42
human_120_2142_1_8_200_194.csv,120,2142,1,8,200,194,200,42
human_120_2143_1_8_200_200.csv,120,2143,1,8,200,200,200,42
human_120_2144_1_8_200_200.csv,120,2144,1,8,200,200,200,42
human_120_2145_1_8_200_200.csv,120,2145,1,8,200,200,200,42
human_120_2146_1_8_200_207.csv,120,2146,1,8,200,207,200,42
human_120_2147_1_8_200_190.csv,120,2147,1,8,200,190,200,42
human_120_2148_1_8_200_200.csv,120,2148,1,8,200,200,200,42
human_120_2149_1_8_200_186.csv,120,2149,1,8,200,186,200,42
human_120_214_5_1_200_195.csv,120,214,5,1,200,195,200,42
human_120_2150_1_8_200_210.csv,120,2150,1,8,200,210,200,42
human_120_2151_2_8_200_192.csv,120,2151,2,8,200,192,200,42
human_120_2152_2_8_200_188.csv,120,2152,2,8,200,188,200,42
human_120_2153_2_8_200_181.csv,120,2153,2,8,200,181,200,42
human_120_2154_2_8_200_187.csv,120,2154,2,8,200,187,200,42
human_120_2155_2_8_200_191.csv,120,2155,2,8,200,191,200,42
human_120_2156_2_8_200_173.csv,120,2156,2,8,200,173,200,42
human_120_2157_2_8_200_197.csv,120,2157,2,8,200,197,200,42
human_120_2158_2_8_200_200.csv,120,2158,2,8,200,200,200,42
human_120_2159_2_8_200_204.csv,120,2159,2,8,200,204,200,42
human_120_215_5_1_200_197.csv,120,215,5,1,200,197,200,42
human_120_2160_2_8_200_190.csv,120,2160,2,8,200,190,200,42
human_120_2161_2_8_200_205.csv,120,2161,2,8,200,205,200,42
human_120_2162_2_8_200_200.csv,120,2162,2,8,200,200,200,42
human_120_2163_2_8_200_196.csv,120,2163,2,8,200,196,200,42
human_120_2164_2_8_200_189.csv,120,2164,2,8,200,189,200,42
human_120_2165_2_8_200_195.csv,120,2165,2,8,200,195,200,42
human_120_2166_2_8_200_200.csv,120,2166,2,8,200,200,200,42
human_120_2167_2_8_200_200.csv,120,2167,2,8,200,200,200,42
human_120_2168_2_8_200_200.csv,120,2168,2,8,200,200,200,42
human_120_2169_2_8_200_190.csv,120,2169,2,8,200,190,200,42
human_120_216_5_1_200_182.csv,120,216,5,1,200,182,200,42
human_120_2170_2_8_200_200.csv,120,2170,2,8,200,200,200,42
human_120_2171_2_8_200_211.csv,120,2171,2,8,200,211,200,42
human_120_2172_2_8_200_189.csv,120,2172,2,8,200,189,200,42
human_120_2173_2_8_200_193.csv,120,2173,2,8,200,193,200,42
human_120_2174_2_8_200_195.csv,120,2174,2,8,200,195,200,42
human_120_2175_2_8_200_194.csv,120,2175,2,8,200,194,200,42
human_120_2176_2_8_200_193.csv,120,2176,2,8,200,193,200,42
human_120_2177_2_8_200_195.csv,120,2177,2,8,200,195,200,42
human_120_2178_2_8_200_204.csv,120,2178,2,8,200,204,200,42
human_120_2179_2_8_200_181.csv,120,2179,2,8,200,181,200,42
human_120_217_5_1_200_187.csv,120,217,5,1,200,187,200,42
human_120_2180_2_8_200_200.csv,120,2180,2,8,200,200,200,42
human_120_2181_2_8_200_194.csv,120,2181,2,8,200,194,200,42
human_120_2182_2_8_200_200.csv,120,2182,2,8,200,200,200,42
human_120_2183_2_8_200_182.csv,120,2183,2,8,200,182,200,42
human_120_2184_2_8_200_189.csv,120,2184,2,8,200,189,200,42
human_120_2185_2_8_200_196.csv,120,2185,2,8,200,196,200,42
human_120_2186_2_8_200_183.csv,120,2186,2,8,200,183,200,42
human_120_2187_2_8_200_191.csv,120,2187,2,8,200,191,200,42
human_120_2188_2_8_200_179.csv,120,2188,2,8,200,179,200,42
human_120_2189_2_8_200_196.csv,120,2189,2,8,200,196,200,42
human_120_218_5_1_200_190.csv,120,218,5,1,200,190,200,42
human_120_2190_2_8_200_200.csv,120,2190,2,8,200,200,200,42
human_120_2191_2_8_200_200.csv,120,2191,2,8,200,200,200,42
human_120_2192_2_8_200_192.csv,120,2192,2,8,200,192,200,42
human_120_2193_2_8_200_200.csv,120,2193,2,8,200,200,200,42
human_120_2194_2_8_200_200.csv,120,2194,2,8,200,200,200,42
human_120_2195_2_8_200_196.csv,120,2195,2,8,200,196,200,42
human_120_2196_2_8_200_200.csv,120,2196,2,8,200,200,200,42
human_120_2197_2_8_200_185.csv,120,2197,2,8,200,185,200,42
human_120_2198_2_8_200_200.csv,120,2198,2,8,200,200,200,42
human_120_2199_2_8_200_204.csv,120,2199,2,8,200,204,200,42
human_120_219_5_1_200_192.csv,120,219,5,1,200,192,200,42
human_120_21_1_1_200_186.csv,120,21,1,1,200,186,200,42
human_120_2200_2_8_200_191.csv,120,2200,2,8,200,191,200,42
human_120_2201_3_8_200_176.csv,120,2201,3,8,200,176,200,42
human_120_2202_3_8_200_165.csv,120,2202,3,8,200,165,200,42
human_120_2203_3_8_200_167.csv,120,2203,3,8,200,167,200,42
human_120_2204_3_8_200_183.csv,120,2204,3,8,200,183,200,42
human_120_2205_3_8_200_175.csv,120,2205,3,8,200,175,200,42
human_120_2206_3_8_200_159.csv,120,2206,3,8,200,159,200,42
human_120_2207_3_8_200_205.csv,120,2207,3,8,200,205,200,42
human_120_2208_3_8_200_197.csv,120,2208,3,8,200,197,200,42
human_120_2209_3_8_200_163.csv,120,2209,3,8,200,163,200,42
human_120_220_5_1_200_187.csv,120,220,5,1,200,187,200,42
human_120_2210_3_8_200_175.csv,120,2210,3,8,200,175,200,42
human_120_2211_3_8_200_184.csv,120,2211,3,8,200,184,200,42
human_120_2212_3_8_200_184.csv,120,2212,3,8,200,184,200,42
human_120_2213_3_8_200_193.csv,120,2213,3,8,200,193,200,42
human_120_2214_3_8_200_186.csv,120,2214,3,8,200,186,200,42
human_120_2215_3_8_200_184.csv,120,2215,3,8,200,184,200,42
human_120_2216_3_8_200_193.csv,120,2216,3,8,200,193,200,42
human_120_2217_3_8_200_189.csv,120,2217,3,8,200,189,200,42
human_120_2218_3_8_200_183.csv,120,2218,3,8,200,183,200,42
human_120_2219_3_8_200_182.csv,120,2219,3,8,200,182,200,42
human_120_221_5_1_200_195.csv,120,221,5,1,200,195,200,42
human_120_2220_3_8_200_172.csv,120,2220,3,8,200,172,200,42
human_120_2221_3_8_200_172.csv,120,2221,3,8,200,172,200,42
human_120_2222_3_8_200_184.csv,120,2222,3,8,200,184,200,42
human_120_2223_3_8_200_180.csv,120,2223,3,8,200,180,200,42
human_120_2224_3_8_200_185.csv,120,2224,3,8,200,185,200,42
human_120_2225_3_8_200_175.csv,120,2225,3,8,200,175,200,42
human_120_2226_3_8_200_189.csv,120,2226,3,8,200,189,200,42
human_120_2227_3_8_200_176.csv,120,2227,3,8,200,176,200,42
human_120_2228_3_8_200_170.csv,120,2228,3,8,200,170,200,42
human_120_2229_3_8_200_181.csv,120,2229,3,8,200,181,200,42
human_120_222_5_1_200_189.csv,120,222,5,1,200,189,200,42
human_120_2230_3_8_200_186.csv,120,2230,3,8,200,186,200,42
human_120_2231_3_8_200_174.csv,120,2231,3,8,200,174,200,42
human_120_2232_3_8_200_173.csv,120,2232,3,8,200,173,200,42
human_120_2233_3_8_200_182.csv,120,2233,3,8,200,182,200,42
human_120_2234_3_8_200_194.csv,120,2234,3,8,200,194,200,42
human_120_2235_3_8_200_182.csv,120,2235,3,8,200,182,200,42
human_120_2236_3_8_200_186.csv,120,2236,3,8,200,186,200,42
human_120_2237_3_8_200_166.csv,120,2237,3,8,200,166,200,42
human_120_2238_3_8_200_179.csv,120,2238,3,8,200,179,200,42
human_120_2239_3_8_200_195.csv,120,2239,3,8,200,195,200,42
human_120_223_5_1_200_196.csv,120,223,5,1,200,196,200,42
human_120_2240_3_8_200_177.csv,120,2240,3,8,200,177,200,42
human_120_2241_3_8_200_202.csv,120,2241,3,8,200,202,200,42
human_120_2242_3_8_200_197.csv,120,2242,3,8,200,197,200,42
human_120_2243_3_8_200_174.csv,120,2243,3,8,200,174,200,42
human_120_2244_3_8_200_178.csv,120,2244,3,8,200,178,200,42
human_120_2245_3_8_200_181.csv,120,2245,3,8,200,181,200,42
human_120_2246_3_8_200_195.csv,120,2246,3,8,200,195,200,42
human_120_2247_3_8_200_175.csv,120,2247,3,8,200,175,200,42
human_120_2248_3_8_200_189.csv,120,2248,3,8,200,189,200,42
human_120_2249_3_8_200_171.csv,120,2249,3,8,200,171,200,42
human_120_224_5_1_200_187.csv,120,224,5,1,200,187,200,42
human_120_2250_3_8_200_171.csv,120,2250,3,8,200,171,200,42
human_120_2251_4_8_200_190.csv,120,2251,4,8,200,190,200,42
human_120_2252_4_8_200_162.csv,120,2252,4,8,200,162,200,42
human_120_2253_4_8_200_175.csv,120,2253,4,8,200,175,200,42
human_120_2254_4_8_200_175.csv,120,2254,4,8,200,175,200,42
human_120_2255_4_8_200_159.csv,120,2255,4,8,200,159,200,42
human_120_2256_4_8_200_174.csv,120,2256,4,8,200,174,200,42
human_120_2257_4_8_200_182.csv,120,2257,4,8,200,182,200,42
human_120_2258_4_8_200_169.csv,120,2258,4,8,200,169,200,42
human_120_2259_4_8_200_174.csv,120,2259,4,8,200,174,200,42
human_120_225_5_1_200_206.csv,120,225,5,1,200,206,200,42
human_120_2260_4_8_200_200.csv,120,2260,4,8,200,200,200,42
human_120_2261_4_8_200_149.csv,120,2261,4,8,200,149,200,42
human_120_2262_4_8_200_158.csv,120,2262,4,8,200,158,200,42
human_120_2263_4_8_200_157.csv,120,2263,4,8,200,157,200,42
human_120_2264_4_8_200_173.csv,120,2264,4,8,200,173,200,42
human_120_2265_4_8_200_178.csv,120,2265,4,8,200,178,200,42
human_120_2266_4_8_200_146.csv,120,2266,4,8,200,146,200,42
human_120_2267_4_8_200_167.csv,120,2267,4,8,200,167,200,42
human_120_2268_4_8_200_200.csv,120,2268,4,8,200,200,200,42
human_120_2269_4_8_200_168.csv,120,2269,4,8,200,168,200,42
human_120_226_5_1_200_196.csv,120,226,5,1,200,196,200,42
human_120_2270_4_8_200_188.csv,120,2270,4,8,200,188,200,42
human_120_2271_4_8_200_155.csv,120,2271,4,8,200,155,200,42
human_120_2272_4_8_200_170.csv,120,2272,4,8,200,170,200,42
human_120_2273_4_8_200_184.csv,120,2273,4,8,200,184,200,42
human_120_2274_4_8_200_181.csv,120,2274,4,8,200,181,200,42
human_120_2275_4_8_200_177.csv,120,2275,4,8,200,177,200,42
human_120_2276_4_8_200_175.csv,120,2276,4,8,200,175,200,42
human_120_2277_4_8_200_194.csv,120,2277,4,8,200,194,200,42
human_120_2278_4_8_200_182.csv,120,2278,4,8,200,182,200,42
human_120_2279_4_8_200_176.csv,120,2279,4,8,200,176,200,42
human_120_227_5_1_200_211.csv,120,227,5,1,200,211,200,42
human_120_2280_4_8_200_169.csv,120,2280,4,8,200,169,200,42
human_120_2281_4_8_200_169.csv,120,2281,4,8,200,169,200,42
human_120_2282_4_8_200_156.csv,120,2282,4,8,200,156,200,42
human_120_2283_4_8_200_184.csv,120,2283,4,8,200,184,200,42
human_120_2284_4_8_200_178.csv,120,2284,4,8,200,178,200,42
human_120_2285_4_8_200_189.csv,120,2285,4,8,200,189,200,42
human_120_2286_4_8_200_165.csv,120,2286,4,8,200,165,200,42
human_120_2287_4_8_200_179.csv,120,2287,4,8,200,179,200,42
human_120_2288_4_8_200_172.csv,120,2288,4,8,200,172,200,42
human_120_2289_4_8_200_173.csv,120,2289,4,8,200,173,200,42
human_120_228_5_1_200_176.csv,120,228,5,1,200,176,200,42
human_120_2290_4_8_200_188.csv,120,2290,4,8,200,188,200,42
human_120_2291_4_8_200_169.csv,120,2291,4,8,200,169,200,42
human_120_2292_4_8_200_177.csv,120,2292,4,8,200,177,200,42
human_120_2293_4_8_200_170.csv,120,2293,4,8,200,170,200,42
human_120_2294_4_8_200_189.csv,120,2294,4,8,200,189,200,42
human_120_2295_4_8_200_173.csv,120,2295,4,8,200,173,200,42
human_120_2296_4_8_200_172.csv,120,2296,4,8,200,172,200,42
human_120_2297_4_8_200_180.csv,120,2297,4,8,200,180,200,42
human_120_2298_4_8_200_171.csv,120,2298,4,8,200,171,200,42
human_120_2299_4_8_200_190.csv,120,2299,4,8,200,190,200,42
human_120_229_5_1_200_203.csv,120,229,5,1,200,203,200,42
human_120_22_1_1_200_181.csv,120,22,1,1,200,181,200,42
human_120_2300_4_8_200_162.csv,120,2300,4,8,200,162,200,42
human_120_2301_5_8_200_208.csv,120,2301,5,8,200,208,200,42
human_120_2302_5_8_200_165.csv,120,2302,5,8,200,165,200,42
human_120_2303_5_8_200_165.csv,120,2303,5,8,200,165,200,42
human_120_2304_5_8_200_179.csv,120,2304,5,8,200,179,200,42
human_120_2305_5_8_200_182.csv,120,2305,5,8,200,182,200,42
human_120_2306_5_8_200_196.csv,120,2306,5,8,200,196,200,42
human_120_2307_5_8_200_173.csv,120,2307,5,8,200,173,200,42
human_120_2308_5_8_200_189.csv,120,2308,5,8,200,189,200,42
human_120_2309_5_8_200_160.csv,120,2309,5,8,200,160,200,42
human_120_230_5_1_200_179.csv,120,230,5,1,200,179,200,42
human_120_2310_5_8_200_170.csv,120,2310,5,8,200,170,200,42
human_120_2311_5_8_200_198.csv,120,2311,5,8,200,198,200,42
human_120_2312_5_8_200_199.csv,120,2312,5,8,200,199,200,42
human_120_2313_5_8_200_200.csv,120,2313,5,8,200,200,200,42
human_120_2314_5_8_200_200.csv,120,2314,5,8,200,200,200,42
human_120_2315_5_8_200_195.csv,120,2315,5,8,200,195,200,42
human_120_2316_5_8_200_206.csv,120,2316,5,8,200,206,200,42
human_120_2317_5_8_200_202.csv,120,2317,5,8,200,202,200,42
human_120_2318_5_8_200_197.csv,120,2318,5,8,200,197,200,42
human_120_2319_5_8_200_193.csv,120,2319,5,8,200,193,200,42
human_120_231_5_1_200_199.csv,120,231,5,1,200,199,200,42
human_120_2320_5_8_200_180.csv,120,2320,5,8,200,180,200,42
human_120_2321_5_8_200_191.csv,120,2321,5,8,200,191,200,42
human_120_2322_5_8_200_163.csv,120,2322,5,8,200,163,200,42
human_120_2323_5_8_200_165.csv,120,2323,5,8,200,165,200,42
human_120_2324_5_8_200_172.csv,120,2324,5,8,200,172,200,42
human_120_2325_5_8_200_197.csv,120,2325,5,8,200,197,200,42
human_120_2326_5_8_200_180.csv,120,2326,5,8,200,180,200,42
human_120_2327_5_8_200_200.csv,120,2327,5,8,200,200,200,42
human_120_2328_5_8_200_186.csv,120,2328,5,8,200,186,200,42
human_120_2329_5_8_200_197.csv,120,2329,5,8,200,197,200,42
human_120_232_5_1_200_189.csv,120,232,5,1,200,189,200,42
human_120_2330_5_8_200_200.csv,120,2330,5,8,200,200,200,42
human_120_2331_5_8_200_206.csv,120,2331,5,8,200,206,200,42
human_120_2332_5_8_200_174.csv,120,2332,5,8,200,174,200,42
human_120_2333_5_8_200_196.csv,120,2333,5,8,200,196,200,42
human_120_2334_5_8_200_196.csv,120,2334,5,8,200,196,200,42
human_120_2335_5_8_200_191.csv,120,2335,5,8,200,191,200,42
human_120_2336_5_8_200_200.csv,120,2336,5,8,200,200,200,42
human_120_2337_5_8_200_202.csv,120,2337,5,8,200,202,200,42
human_120_2338_5_8_200_178.csv,120,2338,5,8,200,178,200,42
human_120_2339_5_8_200_197.csv,120,2339,5,8,200,197,200,42
human_120_233_5_1_200_198.csv,120,233,5,1,200,198,200,42
human_120_2340_5_8_200_195.csv,120,2340,5,8,200,195,200,42
human_120_2341_5_8_200_207.csv,120,2341,5,8,200,207,200,42
human_120_2342_5_8_200_185.csv,120,2342,5,8,200,185,200,42
human_120_2343_5_8_200_215.csv,120,2343,5,8,200,215,200,42
human_120_2344_5_8_200_183.csv,120,2344,5,8,200,183,200,42
human_120_2345_5_8_200_196.csv,120,2345,5,8,200,196,200,42
human_120_2346_5_8_200_205.csv,120,2346,5,8,200,205,200,42
human_120_2347_5_8_200_186.csv,120,2347,5,8,200,186,200,42
human_120_2348_5_8_200_184.csv,120,2348,5,8,200,184,200,42
human_120_2349_5_8_200_200.csv,120,2349,5,8,200,200,200,42
human_120_234_5_1_200_207.csv,120,234,5,1,200,207,200,42
human_120_2350_5_8_200_184.csv,120,2350,5,8,200,184,200,42
human_120_2351_6_8_200_178.csv,120,2351,6,8,200,178,200,42
human_120_2352_6_8_200_177.csv,120,2352,6,8,200,177,200,42
human_120_2353_6_8_200_200.csv,120,2353,6,8,200,200,200,42
human_120_2354_6_8_200_183.csv,120,2354,6,8,200,183,200,42
human_120_2355_6_8_200_193.csv,120,2355,6,8,200,193,200,42
human_120_2356_6_8_200_190.csv,120,2356,6,8,200,190,200,42
human_120_2357_6_8_200_190.csv,120,2357,6,8,200,190,200,42
human_120_2358_6_8_200_175.csv,120,2358,6,8,200,175,200,42
human_120_2359_6_8_200_200.csv,120,2359,6,8,200,200,200,42
human_120_235_5_1_200_171.csv,120,235,5,1,200,171,200,42
human_120_2360_6_8_200_183.csv,120,2360,6,8,200,183,200,42
human_120_2361_6_8_200_200.csv,120,2361,6,8,200,200,200,42
human_120_2362_6_8_200_182.csv,120,2362,6,8,200,182,200,42
human_120_2363_6_8_200_183.csv,120,2363,6,8,200,183,200,42
human_120_2364_6_8_200_194.csv,120,2364,6,8,200,194,200,42
human_120_2365_6_8_200_164.csv,120,2365,6,8,200,164,200,42
human_120_2366_6_8_200_164.csv,120,2366,6,8,200,164,200,42
human_120_2367_6_8_200_183.csv,120,2367,6,8,200,183,200,42
human_120_2368_6_8_200_190.csv,120,2368,6,8,200,190,200,42
human_120_2369_6_8_200_182.csv,120,2369,6,8,200,182,200,42
human_120_236_5_1_200_189.csv,120,236,5,1,200,189,200,42
human_120_2370_6_8_200_211.csv,120,2370,6,8,200,211,200,42
human_120_2371_6_8_200_189.csv,120,2371,6,8,200,189,200,42
human_120_2372_6_8_200_190.csv,120,2372,6,8,200,190,200,42
human_120_2373_6_8_200_178.csv,120,2373,6,8,200,178,200,42
human_120_2374_6_8_200_181.csv,120,2374,6,8,200,181,200,42
human_120_2375_6_8_200_172.csv,120,2375,6,8,200,172,200,42
human_120_2376_6_8_200_177.csv,120,2376,6,8,200,177,200,42
human_120_2377_6_8_200_190.csv,120,2377,6,8,200,190,200,42
human_120_2378_6_8_200_208.csv,120,2378,6,8,200,208,200,42
human_120_2379_6_8_200_174.csv,120,2379,6,8,200,174,200,42
human_120_237_5_1_200_191.csv,120,237,5,1,200,191,200,42
human_120_2380_6_8_200_195.csv,120,2380,6,8,200,195,200,42
human_120_2381_6_8_200_179.csv,120,2381,6,8,200,179,200,42
human_120_2382_6_8_200_193.csv,120,2382,6,8,200,193,200,42
human_120_2383_6_8_200_189.csv,120,2383,6,8,200,189,200,42
human_120_2384_6_8_200_197.csv,120,2384,6,8,200,197,200,42
human_120_2385_6_8_200_183.csv,120,2385,6,8,200,183,200,42
human_120_2386_6_8_200_190.csv,120,2386,6,8,200,190,200,42
human_120_2387_6_8_200_194.csv,120,2387,6,8,200,194,200,42
human_120_2388_6_8_200_183.csv,120,2388,6,8,200,183,200,42
human_120_2389_6_8_200_186.csv,120,2389,6,8,200,186,200,42
human_120_238_5_1_200_196.csv,120,238,5,1,200,196,200,42
human_120_2390_6_8_200_178.csv,120,2390,6,8,200,178,200,42
human_120_2391_6_8_200_196.csv,120,2391,6,8,200,196,200,42
human_120_2392_6_8_200_171.csv,120,2392,6,8,200,171,200,42
human_120_2393_6_8_200_195.csv,120,2393,6,8,200,195,200,42
human_120_2394_6_8_200_204.csv,120,2394,6,8,200,204,200,42
human_120_2395_6_8_200_182.csv,120,2395,6,8,200,182,200,42
human_120_2396_6_8_200_182.csv,120,2396,6,8,200,182,200,42
human_120_2397_6_8_200_188.csv,120,2397,6,8,200,188,200,42
human_120_2398_6_8_200_185.csv,120,2398,6,8,200,185,200,42
human_120_2399_6_8_200_206.csv,120,2399,6,8,200,206,200,42
human_120_239_5_1_200_201.csv,120,239,5,1,200,201,200,42
human_120_23_1_1_200_199.csv,120,23,1,1,200,199,200,42
human_120_2400_6_8_200_196.csv,120,2400,6,8,200,196,200,42
human_120_2401_1_9_200_173.csv,120,2401,1,9,200,173,200,42
human_120_2402_1_9_200_189.csv,120,2402,1,9,200,189,200,42
human_120_2403_1_9_200_191.csv,120,2403,1,9,200,191,200,42
human_120_2404_1_9_200_196.csv,120,2404,1,9,200,196,200,42
human_120_2405_1_9_200_183.csv,120,2405,1,9,200,183,200,42
human_120_2406_1_9_200_195.csv,120,2406,1,9,200,195,200,42
human_120_2407_1_9_200_191.csv,120,2407,1,9,200,191,200,42
human_120_2408_1_9_200_193.csv,120,2408,1,9,200,193,200,42
human_120_2409_1_9_200_190.csv,120,2409,1,9,200,190,200,42
human_120_240_5_1_200_191.csv,120,240,5,1,200,191,200,42
human_120_2410_1_9_200_189.csv,120,2410,1,9,200,189,200,42
human_120_2411_1_9_200_191.csv,120,2411,1,9,200,191,200,42
human_120_2412_1_9_200_205.csv,120,2412,1,9,200,205,200,42
human_120_2413_1_9_200_187.csv,120,2413,1,9,200,187,200,42
human_120_2414_1_9_200_196.csv,120,2414,1,9,200,196,200,42
human_120_2415_1_9_200_190.csv,120,2415,1,9,200,190,200,42
human_120_2416_1_9_200_195.csv,120,2416,1,9,200,195,200,42
human_120_2417_1_9_200_193.csv,120,2417,1,9,200,193,200,42
human_120_2418_1_9_200_190.csv,120,2418,1,9,200,190,200,42
human_120_2419_1_9_200_189.csv,120,2419,1,9,200,189,200,42
human_120_241_5_1_200_188.csv,120,241,5,1,200,188,200,42
human_120_2420_1_9_200_211.csv,120,2420,1,9,200,211,200,42
human_120_2421_1_9_200_192.csv,120,2421,1,9,200,192,200,42
human_120_2422_1_9_200_176.csv,120,2422,1,9,200,176,200,42
human_120_2423_1_9_200_194.csv,120,2423,1,9,200,194,200,42
human_120_2424_1_9_200_171.csv,120,2424,1,9,200,171,200,42
human_120_2425_1_9_200_186.csv,120,2425,1,9,200,186,200,42
human_120_2426_1_9_200_213.csv,120,2426,1,9,200,213,200,42
human_120_2427_1_9_200_181.csv,120,2427,1,9,200,181,200,42
human_120_2428_1_9_200_200.csv,120,2428,1,9,200,200,200,42
human_120_2429_1_9_200_197.csv,120,2429,1,9,200,197,200,42
human_120_242_5_1_200_187.csv,120,242,5,1,200,187,200,42
human_120_2430_1_9_200_194.csv,120,2430,1,9,200,194,200,42
human_120_2431_1_9_200_186.csv,120,2431,1,9,200,186,200,42
human_120_2432_1_9_200_192.csv,120,2432,1,9,200,192,200,42
human_120_2433_1_9_200_191.csv,120,2433,1,9,200,191,200,42
human_120_2434_1_9_200_197.csv,120,2434,1,9,200,197,200,42
human_120_2435_1_9_200_187.csv,120,2435,1,9,200,187,200,42
human_120_2436_1_9_200_197.csv,120,2436,1,9,200,197,200,42
human_120_2437_1_9_200_194.csv,120,2437,1,9,200,194,200,42
human_120_2438_1_9_200_178.csv,120,2438,1,9,200,178,200,42
human_120_2439_1_9_200_192.csv,120,2439,1,9,200,192,200,42
human_120_243_5_1_200_194.csv,120,243,5,1,200,194,200,42
human_120_2440_1_9_200_200.csv,120,2440,1,9,200,200,200,42
human_120_2441_1_9_200_200.csv,120,2441,1,9,200,200,200,42
human_120_2442_1_9_200_189.csv,120,2442,1,9,200,189,200,42
human_120_2443_1_9_200_200.csv,120,2443,1,9,200,200,200,42
human_120_2444_1_9_200_195.csv,120,2444,1,9,200,195,200,42
human_120_2445_1_9_200_200.csv,120,2445,1,9,200,200,200,42
human_120_2446_1_9_200_189.csv,120,2446,1,9,200,189,200,42
human_120_2447_1_9_200_196.csv,120,2447,1,9,200,196,200,42
human_120_2448_1_9_200_200.csv,120,2448,1,9,200,200,200,42
human_120_2449_1_9_200_194.csv,120,2449,1,9,200,194,200,42
human_120_244_5_1_200_189.csv,120,244,5,1,200,189,200,42
human_120_2450_1_9_200_182.csv,120,2450,1,9,200,182,200,42
human_120_2451_2_9_200_185.csv,120,2451,2,9,200,185,200,42
human_120_2452_2_9_200_191.csv,120,2452,2,9,200,191,200,42
human_120_2453_2_9_200_182.csv,120,2453,2,9,200,182,200,42
human_120_2454_2_9_200_200.csv,120,2454,2,9,200,200,200,42
human_120_2455_2_9_200_207.csv,120,2455,2,9,200,207,200,42
human_120_2456_2_9_200_212.csv,120,2456,2,9,200,212,200,42
human_120_2457_2_9_200_207.csv,120,2457,2,9,200,207,200,42
human_120_2458_2_9_200_200.csv,120,2458,2,9,200,200,200,42
human_120_2459_2_9_200_200.csv,120,2459,2,9,200,200,200,42
human_120_245_5_1_200_190.csv,120,245,5,1,200,190,200,42
human_120_2460_2_9_200_200.csv,120,2460,2,9,200,200,200,42
human_120_2461_2_9_200_206.csv,120,2461,2,9,200,206,200,42
human_120_2462_2_9_200_197.csv,120,2462,2,9,200,197,200,42
human_120_2463_2_9_200_200.csv,120,2463,2,9,200,200,200,42
human_120_2464_2_9_200_207.csv,120,2464,2,9,200,207,200,42
human_120_2465_2_9_200_200.csv,120,2465,2,9,200,200,200,42
human_120_2466_2_9_200_196.csv,120,2466,2,9,200,196,200,42
human_120_2467_2_9_200_209.csv,120,2467,2,9,200,209,200,42
human_120_2468_2_9_200_200.csv,120,2468,2,9,200,200,200,42
human_120_2469_2_9_200_200.csv,120,2469,2,9,200,200,200,42
human_120_246_5_1_200_197.csv,120,246,5,1,200,197,200,42
human_120_2470_2_9_200_200.csv,120,2470,2,9,200,200,200,42
human_120_2471_2_9_200_200.csv,120,2471,2,9,200,200,200,42
human_120_2472_2_9_200_200.csv,120,2472,2,9,200,200,200,42
human_120_2473_2_9_200_200.csv,120,2473,2,9,200,200,200,42
human_120_2474_2_9_200_195.csv,120,2474,2,9,200,195,200,42
human_120_2475_2_9_200_200.csv,120,2475,2,9,200,200,200,42
human_120_2476_2_9_200_200.csv,120,2476,2,9,200,200,200,42
human_120_2477_2_9_200_200.csv,120,2477,2,9,200,200,200,42
human_120_2478_2_9_200_184.csv,120,2478,2,9,200,184,200,42
human_120_2479_2_9_200_207.csv,120,2479,2,9,200,207,200,42
human_120_247_5_1_200_198.csv,120,247,5,1,200,198,200,42
human_120_2480_2_9_200_200.csv,120,2480,2,9,200,200,200,42
human_120_2481_2_9_200_200.csv,120,2481,2,9,200,200,200,42
human_120_2482_2_9_200_190.csv,120,2482,2,9,200,190,200,42
human_120_2483_2_9_200_205.csv,120,2483,2,9,200,205,200,42
human_120_2484_2_9_200_190.csv,120,2484,2,9,200,190,200,42
human_120_2485_2_9_200_207.csv,120,2485,2,9,200,207,200,42
human_120_2486_2_9_200_205.csv,120,2486,2,9,200,205,200,42
human_120_2487_2_9_200_206.csv,120,2487,2,9,200,206,200,42
human_120_2488_2_9_200_209.csv,120,2488,2,9,200,209,200,42
human_120_2489_2_9_200_200.csv,120,2489,2,9,200,200,200,42
human_120_248_5_1_200_182.csv,120,248,5,1,200,182,200,42
human_120_2490_2_9_200_195.csv,120,2490,2,9,200,195,200,42
human_120_2491_2_9_200_200.csv,120,2491,2,9,200,200,200,42
human_120_2492_2_9_200_200.csv,120,2492,2,9,200,200,200,42
human_120_2493_2_9_200_207.csv,120,2493,2,9,200,207,200,42
human_120_2494_2_9_200_200.csv,120,2494,2,9,200,200,200,42
human_120_2495_2_9_200_194.csv,120,2495,2,9,200,194,200,42
human_120_2496_2_9_200_195.csv,120,2496,2,9,200,195,200,42
human_120_2497_2_9_200_213.csv,120,2497,2,9,200,213,200,42
human_120_2498_2_9_200_190.csv,120,2498,2,9,200,190,200,42
human_120_2499_2_9_200_206.csv,120,2499,2,9,200,206,200,42
human_120_249_5_1_200_205.csv,120,249,5,1,200,205,200,42
human_120_24_1_1_200_195.csv,120,24,1,1,200,195,200,42
human_120_2500_2_9_200_200.csv,120,2500,2,9,200,200,200,42
human_120_2501_3_9_200_200.csv,120,2501,3,9,200,200,200,42
human_120_2502_3_9_200_175.csv,120,2502,3,9,200,175,200,42
human_120_2503_3_9_200_177.csv,120,2503,3,9,200,177,200,42
human_120_2504_3_9_200_179.csv,120,2504,3,9,200,179,200,42
human_120_2505_3_9_200_196.csv,120,2505,3,9,200,196,200,42
human_120_2506_3_9_200_190.csv,120,2506,3,9,200,190,200,42
human_120_2507_3_9_200_199.csv,120,2507,3,9,200,199,200,42
human_120_2508_3_9_200_178.csv,120,2508,3,9,200,178,200,42
human_120_2509_3_9_200_186.csv,120,2509,3,9,200,186,200,42
human_120_250_5_1_200_199.csv,120,250,5,1,200,199,200,42
human_120_2510_3_9_200_194.csv,120,2510,3,9,200,194,200,42
human_120_2511_3_9_200_188.csv,120,2511,3,9,200,188,200,42
human_120_2512_3_9_200_179.csv,120,2512,3,9,200,179,200,42
human_120_2513_3_9_200_183.csv,120,2513,3,9,200,183,200,42
human_120_2514_3_9_200_168.csv,120,2514,3,9,200,168,200,42
human_120_2515_3_9_200_181.csv,120,2515,3,9,200,181,200,42
human_120_2516_3_9_200_194.csv,120,2516,3,9,200,194,200,42
human_120_2517_3_9_200_174.csv,120,2517,3,9,200,174,200,42
human_120_2518_3_9_200_203.csv,120,2518,3,9,200,203,200,42
human_120_2519_3_9_200_180.csv,120,2519,3,9,200,180,200,42
human_120_251_6_1_200_206.csv,120,251,6,1,200,206,200,42
human_120_2520_3_9_200_179.csv,120,2520,3,9,200,179,200,42
human_120_2521_3_9_200_181.csv,120,2521,3,9,200,181,200,42
human_120_2522_3_9_200_180.csv,120,2522,3,9,200,180,200,42
human_120_2523_3_9_200_177.csv,120,2523,3,9,200,177,200,42
human_120_2524_3_9_200_186.csv,120,2524,3,9,200,186,200,42
human_120_2525_3_9_200_188.csv,120,2525,3,9,200,188,200,42
human_120_2526_3_9_200_184.csv,120,2526,3,9,200,184,200,42
human_120_2527_3_9_200_182.csv,120,2527,3,9,200,182,200,42
human_120_2528_3_9_200_188.csv,120,2528,3,9,200,188,200,42
human_120_2529_3_9_200_190.csv,120,2529,3,9,200,190,200,42
human_120_252_6_1_200_213.csv,120,252,6,1,200,213,200,42
human_120_2530_3_9_200_201.csv,120,2530,3,9,200,201,200,42
human_120_2531_3_9_200_200.csv,120,2531,3,9,200,200,200,42
human_120_2532_3_9_200_171.csv,120,2532,3,9,200,171,200,42
human_120_2533_3_9_200_196.csv,120,2533,3,9,200,196,200,42
human_120_2534_3_9_200_185.csv,120,2534,3,9,200,185,200,42
human_120_2535_3_9_200_190.csv,120,2535,3,9,200,190,200,42
human_120_2536_3_9_200_198.csv,120,2536,3,9,200,198,200,42
human_120_2537_3_9_200_196.csv,120,2537,3,9,200,196,200,42
human_120_2538_3_9_200_192.csv,120,2538,3,9,200,192,200,42
human_120_2539_3_9_200_191.csv,120,2539,3,9,200,191,200,42
human_120_253_6_1_200_198.csv,120,253,6,1,200,198,200,42
human_120_2540_3_9_200_184.csv,120,2540,3,9,200,184,200,42
human_120_2541_3_9_200_187.csv,120,2541,3,9,200,187,200,42
human_120_2542_3_9_200_193.csv,120,2542,3,9,200,193,200,42
human_120_2543_3_9_200_196.csv,120,2543,3,9,200,196,200,42
human_120_2544_3_9_200_199.csv,120,2544,3,9,200,199,200,42
human_120_2545_3_9_200_194.csv,120,2545,3,9,200,194,200,42
human_120_2546_3_9_200_176.csv,120,2546,3,9,200,176,200,42
human_120_2547_3_9_200_191.csv,120,2547,3,9,200,191,200,42
human_120_2548_3_9_200_195.csv,120,2548,3,9,200,195,200,42
human_120_2549_3_9_200_181.csv,120,2549,3,9,200,181,200,42
human_120_254_6_1_200_177.csv,120,254,6,1,200,177,200,42
human_120_2550_3_9_200_200.csv,120,2550,3,9,200,200,200,42
human_120_2551_4_9_200_170.csv,120,2551,4,9,200,170,200,42
human_120_2552_4_9_200_193.csv,120,2552,4,9,200,193,200,42
human_120_2553_4_9_200_196.csv,120,2553,4,9,200,196,200,42
human_120_2554_4_9_200_187.csv,120,2554,4,9,200,187,200,42
human_120_2555_4_9_200_189.csv,120,2555,4,9,200,189,200,42
human_120_2556_4_9_200_170.csv,120,2556,4,9,200,170,200,42
human_120_2557_4_9_200_193.csv,120,2557,4,9,200,193,200,42
human_120_2558_4_9_200_197.csv,120,2558,4,9,200,197,200,42
human_120_2559_4_9_200_189.csv,120,2559,4,9,200,189,200,42
human_120_255_6_1_200_205.csv,120,255,6,1,200,205,200,42
human_120_2560_4_9_200_186.csv,120,2560,4,9,200,186,200,42
human_120_2561_4_9_200_180.csv,120,2561,4,9,200,180,200,42
human_120_2562_4_9_200_178.csv,120,2562,4,9,200,178,200,42
human_120_2563_4_9_200_192.csv,120,2563,4,9,200,192,200,42
human_120_2564_4_9_200_174.csv,120,2564,4,9,200,174,200,42
human_120_2565_4_9_200_185.csv,120,2565,4,9,200,185,200,42
human_120_2566_4_9_200_199.csv,120,2566,4,9,200,199,200,42
human_120_2567_4_9_200_188.csv,120,2567,4,9,200,188,200,42
human_120_2568_4_9_200_188.csv,120,2568,4,9,200,188,200,42
human_120_2569_4_9_200_174.csv,120,2569,4,9,200,174,200,42
human_120_256_6_1_200_187.csv,120,256,6,1,200,187,200,42
human_120_2570_4_9_200_184.csv,120,2570,4,9,200,184,200,42
human_120_2571_4_9_200_183.csv,120,2571,4,9,200,183,200,42
human_120_2572_4_9_200_189.csv,120,2572,4,9,200,189,200,42
human_120_2573_4_9_200_185.csv,120,2573,4,9,200,185,200,42
human_120_2574_4_9_200_183.csv,120,2574,4,9,200,183,200,42
human_120_2575_4_9_200_191.csv,120,2575,4,9,200,191,200,42
human_120_2576_4_9_200_190.csv,120,2576,4,9,200,190,200,42
human_120_2577_4_9_200_195.csv,120,2577,4,9,200,195,200,42
human_120_2578_4_9_200_166.csv,120,2578,4,9,200,166,200,42
human_120_2579_4_9_200_164.csv,120,2579,4,9,200,164,200,42
human_120_257_6_1_200_190.csv,120,257,6,1,200,190,200,42
human_120_2580_4_9_200_201.csv,120,2580,4,9,200,201,200,42
human_120_2581_4_9_200_152.csv,120,2581,4,9,200,152,200,42
human_120_2582_4_9_200_186.csv,120,2582,4,9,200,186,200,42
human_120_2583_4_9_200_157.csv,120,2583,4,9,200,157,200,42
human_120_2584_4_9_200_146.csv,120,2584,4,9,200,146,200,42
human_120_2585_4_9_200_157.csv,120,2585,4,9,200,157,200,42
human_120_2586_4_9_200_183.csv,120,2586,4,9,200,183,200,42
human_120_2587_4_9_200_188.csv,120,2587,4,9,200,188,200,42
human_120_2588_4_9_200_191.csv,120,2588,4,9,200,191,200,42
human_120_2589_4_9_200_179.csv,120,2589,4,9,200,179,200,42
human_120_258_6_1_200_216.csv,120,258,6,1,200,216,200,42
human_120_2590_4_9_200_188.csv,120,2590,4,9,200,188,200,42
human_120_2591_4_9_200_186.csv,120,2591,4,9,200,186,200,42
human_120_2592_4_9_200_187.csv,120,2592,4,9,200,187,200,42
human_120_2593_4_9_200_191.csv,120,2593,4,9,200,191,200,42
human_120_2594_4_9_200_188.csv,120,2594,4,9,200,188,200,42
human_120_2595_4_9_200_211.csv,120,2595,4,9,200,211,200,42
human_120_2596_4_9_200_187.csv,120,2596,4,9,200,187,200,42
human_120_2597_4_9_200_178.csv,120,2597,4,9,200,178,200,42
human_120_2598_4_9_200_188.csv,120,2598,4,9,200,188,200,42
human_120_2599_4_9_200_182.csv,120,2599,4,9,200,182,200,42
human_120_259_6_1_200_177.csv,120,259,6,1,200,177,200,42
human_120_25_1_1_200_187.csv,120,25,1,1,200,187,200,42
human_120_2600_4_9_200_172.csv,120,2600,4,9,200,172,200,42
human_120_2601_5_9_200_202.csv,120,2601,5,9,200,202,200,42
human_120_2602_5_9_200_200.csv,120,2602,5,9,200,200,200,42
human_120_2603_5_9_200_208.csv,120,2603,5,9,200,208,200,42
human_120_2604_5_9_200_193.csv,120,2604,5,9,200,193,200,42
human_120_2605_5_9_200_200.csv,120,2605,5,9,200,200,200,42
human_120_2606_5_9_200_200.csv,120,2606,5,9,200,200,200,42
human_120_2607_5_9_200_200.csv,120,2607,5,9,200,200,200,42
human_120_2608_5_9_200_200.csv,120,2608,5,9,200,200,200,42
human_120_2609_5_9_200_193.csv,120,2609,5,9,200,193,200,42
human_120_260_6_1_200_216.csv,120,260,6,1,200,216,200,42
human_120_2610_5_9_200_200.csv,120,2610,5,9,200,200,200,42
human_120_2611_5_9_200_196.csv,120,2611,5,9,200,196,200,42
human_120_2612_5_9_200_200.csv,120,2612,5,9,200,200,200,42
human_120_2613_5_9_200_200.csv,120,2613,5,9,200,200,200,42
human_120_2614_5_9_200_200.csv,120,2614,5,9,200,200,200,42
human_120_2615_5_9_200_200.csv,120,2615,5,9,200,200,200,42
human_120_2616_5_9_200_200.csv,120,2616,5,9,200,200,200,42
human_120_2617_5_9_200_200.csv,120,2617,5,9,200,200,200,42
human_120_2618_5_9_200_200.csv,120,2618,5,9,200,200,200,42
human_120_2619_5_9_200_200.csv,120,2619,5,9,200,200,200,42
human_120_261_6_1_200_159.csv,120,261,6,1,200,159,200,42
human_120_2620_5_9_200_189.csv,120,2620,5,9,200,189,200,42
human_120_2621_5_9_200_200.csv,120,2621,5,9,200,200,200,42
human_120_2622_5_9_200_200.csv,120,2622,5,9,200,200,200,42
human_120_2623_5_9_200_189.csv,120,2623,5,9,200,189,200,42
human_120_2624_5_9_200_200.csv,120,2624,5,9,200,200,200,42
human_120_2625_5_9_200_200.csv,120,2625,5,9,200,200,200,42
human_120_2626_5_9_200_200.csv,120,2626,5,9,200,200,200,42
human_120_2627_5_9_200_200.csv,120,2627,5,9,200,200,200,42
human_120_2628_5_9_200_200.csv,120,2628,5,9,200,200,200,42
human_120_2629_5_9_200_200.csv,120,2629,5,9,200,200,200,42
human_120_262_6_1_200_202.csv,120,262,6,1,200,202,200,42
human_120_2630_5_9_200_200.csv,120,2630,5,9,200,200,200,42
human_120_2631_5_9_200_200.csv,120,2631,5,9,200,200,200,42
human_120_2632_5_9_200_200.csv,120,2632,5,9,200,200,200,42
human_120_2633_5_9_200_200.csv,120,2633,5,9,200,200,200,42
human_120_2634_5_9_200_200.csv,120,2634,5,9,200,200,200,42
human_120_2635_5_9_200_200.csv,120,2635,5,9,200,200,200,42
human_120_2636_5_9_200_200.csv,120,2636,5,9,200,200,200,42
human_120_2637_5_9_200_200.csv,120,2637,5,9,200,200,200,42
human_120_2638_5_9_200_200.csv,120,2638,5,9,200,200,200,42
human_120_2639_5_9_200_200.csv,120,2639,5,9,200,200,200,42
human_120_263_6_1_200_198.csv,120,263,6,1,200,198,200,42
human_120_2640_5_9_200_200.csv,120,2640,5,9,200,200,200,42
human_120_2641_5_9_200_200.csv,120,2641,5,9,200,200,200,42
human_120_2642_5_9_200_200.csv,120,2642,5,9,200,200,200,42
human_120_2643_5_9_200_200.csv,120,2643,5,9,200,200,200,42
human_120_2644_5_9_200_200.csv,120,2644,5,9,200,200,200,42
human_120_2645_5_9_200_200.csv,120,2645,5,9,200,200,200,42
human_120_2646_5_9_200_200.csv,120,2646,5,9,200,200,200,42
human_120_2647_5_9_200_200.csv,120,2647,5,9,200,200,200,42
human_120_2648_5_9_200_200.csv,120,2648,5,9,200,200,200,42
human_120_2649_5_9_200_200.csv,120,2649,5,9,200,200,200,42
human_120_264_6_1_200_189.csv,120,264,6,1,200,189,200,42
human_120_2650_5_9_200_200.csv,120,2650,5,9,200,200,200,42
human_120_2651_6_9_200_194.csv,120,2651,6,9,200,194,200,42
human_120_2652_6_9_200_185.csv,120,2652,6,9,200,185,200,42
human_120_2653_6_9_200_193.csv,120,2653,6,9,200,193,200,42
human_120_2654_6_9_200_181.csv,120,2654,6,9,200,181,200,42
human_120_2655_6_9_200_176.csv,120,2655,6,9,200,176,200,42
human_120_2656_6_9_200_187.csv,120,2656,6,9,200,187,200,42
human_120_2657_6_9_200_178.csv,120,2657,6,9,200,178,200,42
human_120_2658_6_9_200_189.csv,120,2658,6,9,200,189,200,42
human_120_2659_6_9_200_181.csv,120,2659,6,9,200,181,200,42
human_120_265_6_1_200_186.csv,120,265,6,1,200,186,200,42
human_120_2660_6_9_200_186.csv,120,2660,6,9,200,186,200,42
human_120_2661_6_9_200_177.csv,120,2661,6,9,200,177,200,42
human_120_2662_6_9_200_178.csv,120,2662,6,9,200,178,200,42
human_120_2663_6_9_200_184.csv,120,2663,6,9,200,184,200,42
human_120_2664_6_9_200_184.csv,120,2664,6,9,200,184,200,42
human_120_2665_6_9_200_182.csv,120,2665,6,9,200,182,200,42
human_120_2666_6_9_200_195.csv,120,2666,6,9,200,195,200,42
human_120_2667_6_9_200_170.csv,120,2667,6,9,200,170,200,42
human_120_2668_6_9_200_180.csv,120,2668,6,9,200,180,200,42
human_120_2669_6_9_200_180.csv,120,2669,6,9,200,180,200,42
human_120_266_6_1_200_196.csv,120,266,6,1,200,196,200,42
human_120_2670_6_9_200_184.csv,120,2670,6,9,200,184,200,42
human_120_2671_6_9_200_179.csv,120,2671,6,9,200,179,200,42
human_120_2672_6_9_200_198.csv,120,2672,6,9,200,198,200,42
human_120_2673_6_9_200_171.csv,120,2673,6,9,200,171,200,42
human_120_2674_6_9_200_181.csv,120,2674,6,9,200,181,200,42
human_120_2675_6_9_200_184.csv,120,2675,6,9,200,184,200,42
human_120_2676_6_9_200_161.csv,120,2676,6,9,200,161,200,42
human_120_2677_6_9_200_183.csv,120,2677,6,9,200,183,200,42
human_120_2678_6_9_200_175.csv,120,2678,6,9,200,175,200,42
human_120_2679_6_9_200_183.csv,120,2679,6,9,200,183,200,42
human_120_267_6_1_200_195.csv,120,267,6,1,200,195,200,42
human_120_2680_6_9_200_205.csv,120,2680,6,9,200,205,200,42
human_120_2681_6_9_200_182.csv,120,2681,6,9,200,182,200,42
human_120_2682_6_9_200_191.csv,120,2682,6,9,200,191,200,42
human_120_2683_6_9_200_188.csv,120,2683,6,9,200,188,200,42
human_120_2684_6_9_200_162.csv,120,2684,6,9,200,162,200,42
human_120_2685_6_9_200_198.csv,120,2685,6,9,200,198,200,42
human_120_2686_6_9_200_178.csv,120,2686,6,9,200,178,200,42
human_120_2687_6_9_200_173.csv,120,2687,6,9,200,173,200,42
human_120_2688_6_9_200_182.csv,120,2688,6,9,200,182,200,42
human_120_2689_6_9_200_191.csv,120,2689,6,9,200,191,200,42
human_120_268_6_1_200_186.csv,120,268,6,1,200,186,200,42
human_120_2690_6_9_200_180.csv,120,2690,6,9,200,180,200,42
human_120_2691_6_9_200_188.csv,120,2691,6,9,200,188,200,42
human_120_2692_6_9_200_192.csv,120,2692,6,9,200,192,200,42
human_120_2693_6_9_200_192.csv,120,2693,6,9,200,192,200,42
human_120_2694_6_9_200_197.csv,120,2694,6,9,200,197,200,42
human_120_2695_6_9_200_177.csv,120,2695,6,9,200,177,200,42
human_120_2696_6_9_200_184.csv,120,2696,6,9,200,184,200,42
human_120_2697_6_9_200_198.csv,120,2697,6,9,200,198,200,42
human_120_2698_6_9_200_182.csv,120,2698,6,9,200,182,200,42
human_120_2699_6_9_200_197.csv,120,2699,6,9,200,197,200,42
human_120_269_6_1_200_198.csv,120,269,6,1,200,198,200,42
human_120_26_1_1_200_188.csv,120,26,1,1,200,188,200,42
human_120_2700_6_9_200_206.csv,120,2700,6,9,200,206,200,42
human_120_2701_1_10_200_196.csv,120,2701,1,10,200,196,200,42
human_120_2702_1_10_200_208.csv,120,2702,1,10,200,208,200,42
human_120_2703_1_10_200_192.csv,120,2703,1,10,200,192,200,42
human_120_2704_1_10_200_212.csv,120,2704,1,10,200,212,200,42
human_120_2705_1_10_200_206.csv,120,2705,1,10,200,206,200,42
human_120_2706_1_10_200_200.csv,120,2706,1,10,200,200,200,42
human_120_2707_1_10_200_200.csv,120,2707,1,10,200,200,200,42
human_120_2708_1_10_200_211.csv,120,2708,1,10,200,211,200,42
human_120_2709_1_10_200_210.csv,120,2709,1,10,200,210,200,42
human_120_270_6_1_200_190.csv,120,270,6,1,200,190,200,42
human_120_2710_1_10_200_192.csv,120,2710,1,10,200,192,200,42
human_120_2711_1_10_200_212.csv,120,2711,1,10,200,212,200,42
human_120_2712_1_10_200_200.csv,120,2712,1,10,200,200,200,42
human_120_2713_1_10_200_200.csv,120,2713,1,10,200,200,200,42
human_120_2714_1_10_200_200.csv,120,2714,1,10,200,200,200,42
human_120_2715_1_10_200_206.csv,120,2715,1,10,200,206,200,42
human_120_2716_1_10_200_192.csv,120,2716,1,10,200,192,200,42
human_120_2717_1_10_200_200.csv,120,2717,1,10,200,200,200,42
human_120_2718_1_10_200_205.csv,120,2718,1,10,200,205,200,42
human_120_2719_1_10_200_197.csv,120,2719,1,10,200,197,200,42
human_120_271_6_1_200_188.csv,120,271,6,1,200,188,200,42
human_120_2720_1_10_200_200.csv,120,2720,1,10,200,200,200,42
human_120_2721_1_10_200_206.csv,120,2721,1,10,200,206,200,42
human_120_2722_1_10_200_200.csv,120,2722,1,10,200,200,200,42
human_120_2723_1_10_200_192.csv,120,2723,1,10,200,192,200,42
human_120_2724_1_10_200_210.csv,120,2724,1,10,200,210,200,42
human_120_2725_1_10_200_197.csv,120,2725,1,10,200,197,200,42
human_120_2726_1_10_200_194.csv,120,2726,1,10,200,194,200,42
human_120_2727_1_10_200_215.csv,120,2727,1,10,200,215,200,42
human_120_2728_1_10_200_192.csv,120,2728,1,10,200,192,200,42
human_120_2729_1_10_200_180.csv,120,2729,1,10,200,180,200,42
human_120_272_6_1_200_186.csv,120,272,6,1,200,186,200,42
human_120_2730_1_10_200_204.csv,120,2730,1,10,200,204,200,42
human_120_2731_1_10_200_194.csv,120,2731,1,10,200,194,200,42
human_120_2732_1_10_200_194.csv,120,2732,1,10,200,194,200,42
human_120_2733_1_10_200_195.csv,120,2733,1,10,200,195,200,42
human_120_2734_1_10_200_190.csv,120,2734,1,10,200,190,200,42
human_120_2735_1_10_200_194.csv,120,2735,1,10,200,194,200,42
human_120_2736_1_10_200_200.csv,120,2736,1,10,200,200,200,42
human_120_2737_1_10_200_197.csv,120,2737,1,10,200,197,200,42
human_120_2738_1_10_200_189.csv,120,2738,1,10,200,189,200,42
human_120_2739_1_10_200_194.csv,120,2739,1,10,200,194,200,42
human_120_273_6_1_200_197.csv,120,273,6,1,200,197,200,42
human_120_2740_1_10_200_200.csv,120,2740,1,10,200,200,200,42
human_120_2741_1_10_200_197.csv,120,2741,1,10,200,197,200,42
human_120_2742_1_10_200_200.csv,120,2742,1,10,200,200,200,42
human_120_2743_1_10_200_196.csv,120,2743,1,10,200,196,200,42
human_120_2744_1_10_200_196.csv,120,2744,1,10,200,196,200,42
human_120_2745_1_10_200_195.csv,120,2745,1,10,200,195,200,42
human_120_2746_1_10_200_203.csv,120,2746,1,10,200,203,200,42
human_120_2747_1_10_200_182.csv,120,2747,1,10,200,182,200,42
human_120_2748_1_10_200_200.csv,120,2748,1,10,200,200,200,42
human_120_2749_1_10_200_200.csv,120,2749,1,10,200,200,200,42
human_120_274_6_1_200_197.csv,120,274,6,1,200,197,200,42
human_120_2750_1_10_200_197.csv,120,2750,1,10,200,197,200,42
human_120_2751_2_10_200_196.csv,120,2751,2,10,200,196,200,42
human_120_2752_2_10_200_194.csv,120,2752,2,10,200,194,200,42
human_120_2753_2_10_200_189.csv,120,2753,2,10,200,189,200,42
human_120_2754_2_10_200_193.csv,120,2754,2,10,200,193,200,42
human_120_2755_2_10_200_200.csv,120,2755,2,10,200,200,200,42
human_120_2756_2_10_200_192.csv,120,2756,2,10,200,192,200,42
human_120_2757_2_10_200_196.csv,120,2757,2,10,200,196,200,42
human_120_2758_2_10_200_188.csv,120,2758,2,10,200,188,200,42
human_120_2759_2_10_200_208.csv,120,2759,2,10,200,208,200,42
human_120_275_6_1_200_178.csv,120,275,6,1,200,178,200,42
human_120_2760_2_10_200_196.csv,120,2760,2,10,200,196,200,42
human_120_2761_2_10_200_195.csv,120,2761,2,10,200,195,200,42
human_120_2762_2_10_200_189.csv,120,2762,2,10,200,189,200,42
human_120_2763_2_10_200_200.csv,120,2763,2,10,200,200,200,42
human_120_2764_2_10_200_200.csv,120,2764,2,10,200,200,200,42
human_120_2765_2_10_200_200.csv,120,2765,2,10,200,200,200,42
human_120_2766_2_10_200_187.csv,120,2766,2,10,200,187,200,42
human_120_2767_2_10_200_200.csv,120,2767,2,10,200,200,200,42
human_120_2768_2_10_200_200.csv,120,2768,2,10,200,200,200,42
human_120_2769_2_10_200_206.csv,120,2769,2,10,200,206,200,42
human_120_276_6_1_200_173.csv,120,276,6,1,200,173,200,42
human_120_2770_2_10_200_191.csv,120,2770,2,10,200,191,200,42
human_120_2771_2_10_200_184.csv,120,2771,2,10,200,184,200,42
human_120_2772_2_10_200_200.csv,120,2772,2,10,200,200,200,42
human_120_2773_2_10_200_189.csv,120,2773,2,10,200,189,200,42
human_120_2774_2_10_200_193.csv,120,2774,2,10,200,193,200,42
human_120_2775_2_10_200_191.csv,120,2775,2,10,200,191,200,42
human_120_2776_2_10_200_195.csv,120,2776,2,10,200,195,200,42
human_120_2777_2_10_200_190.csv,120,2777,2,10,200,190,200,42
human_120_2778_2_10_200_179.csv,120,2778,2,10,200,179,200,42
human_120_2779_2_10_200_200.csv,120,2779,2,10,200,200,200,42
human_120_277_6_1_200_184.csv,120,277,6,1,200,184,200,42
human_120_2780_2_10_200_188.csv,120,2780,2,10,200,188,200,42
human_120_2781_2_10_200_187.csv,120,2781,2,10,200,187,200,42
human_120_2782_2_10_200_200.csv,120,2782,2,10,200,200,200,42
human_120_2783_2_10_200_191.csv,120,2783,2,10,200,191,200,42
human_120_2784_2_10_200_188.csv,120,2784,2,10,200,188,200,42
human_120_2785_2_10_200_194.csv,120,2785,2,10,200,194,200,42
human_120_2786_2_10_200_187.csv,120,2786,2,10,200,187,200,42
human_120_2787_2_10_200_200.csv,120,2787,2,10,200,200,200,42
human_120_2788_2_10_200_191.csv,120,2788,2,10,200,191,200,42
human_120_2789_2_10_200_188.csv,120,2789,2,10,200,188,200,42
human_120_278_6_1_200_179.csv,120,278,6,1,200,179,200,42
human_120_2790_2_10_200_194.csv,120,2790,2,10,200,194,200,42
human_120_2791_2_10_200_200.csv,120,2791,2,10,200,200,200,42
human_120_2792_2_10_200_196.csv,120,2792,2,10,200,196,200,42
human_120_2793_2_10_200_195.csv,120,2793,2,10,200,195,200,42
human_120_2794_2_10_200_189.csv,120,2794,2,10,200,189,200,42
human_120_2795_2_10_200_196.csv,120,2795,2,10,200,196,200,42
human_120_2796_2_10_200_198.csv,120,2796,2,10,200,198,200,42
human_120_2797_2_10_200_193.csv,120,2797,2,10,200,193,200,42
human_120_2798_2_10_200_200.csv,120,2798,2,10,200,200,200,42
human_120_2799_2_10_200_193.csv,120,2799,2,10,200,193,200,42
human_120_279_6_1_200_198.csv,120,279,6,1,200,198,200,42
human_120_27_1_1_200_184.csv,120,27,1,1,200,184,200,42
human_120_2800_2_10_200_197.csv,120,2800,2,10,200,197,200,42
human_120_2801_3_10_200_206.csv,120,2801,3,10,200,206,200,42
human_120_2802_3_10_200_203.csv,120,2802,3,10,200,203,200,42
human_120_2803_3_10_200_210.csv,120,2803,3,10,200,210,200,42
human_120_2804_3_10_200_183.csv,120,2804,3,10,200,183,200,42
human_120_2805_3_10_200_195.csv,120,2805,3,10,200,195,200,42
human_120_2806_3_10_200_201.csv,120,2806,3,10,200,201,200,42
human_120_2807_3_10_200_201.csv,120,2807,3,10,200,201,200,42
human_120_2808_3_10_200_203.csv,120,2808,3,10,200,203,200,42
human_120_2809_3_10_200_197.csv,120,2809,3,10,200,197,200,42
human_120_280_6_1_200_192.csv,120,280,6,1,200,192,200,42
human_120_2810_3_10_200_210.csv,120,2810,3,10,200,210,200,42
human_120_2811_3_10_200_202.csv,120,2811,3,10,200,202,200,42
human_120_2812_3_10_200_199.csv,120,2812,3,10,200,199,200,42
human_120_2813_3_10_200_191.csv,120,2813,3,10,200,191,200,42
human_120_2814_3_10_200_203.csv,120,2814,3,10,200,203,200,42
human_120_2815_3_10_200_199.csv,120,2815,3,10,200,199,200,42
human_120_2816_3_10_200_200.csv,120,2816,3,10,200,200,200,42
human_120_2817_3_10_200_196.csv,120,2817,3,10,200,196,200,42
human_120_2818_3_10_200_189.csv,120,2818,3,10,200,189,200,42
human_120_2819_3_10_200_211.csv,120,2819,3,10,200,211,200,42
human_120_281_6_1_200_186.csv,120,281,6,1,200,186,200,42
human_120_2820_3_10_200_207.csv,120,2820,3,10,200,207,200,42
human_120_2821_3_10_200_206.csv,120,2821,3,10,200,206,200,42
human_120_2822_3_10_200_193.csv,120,2822,3,10,200,193,200,42
human_120_2823_3_10_200_198.csv,120,2823,3,10,200,198,200,42
human_120_2824_3_10_200_209.csv,120,2824,3,10,200,209,200,42
human_120_2825_3_10_200_197.csv,120,2825,3,10,200,197,200,42
human_120_2826_3_10_200_193.csv,120,2826,3,10,200,193,200,42
human_120_2827_3_10_200_193.csv,120,2827,3,10,200,193,200,42
human_120_2828_3_10_200_213.csv,120,2828,3,10,200,213,200,42
human_120_2829_3_10_200_196.csv,120,2829,3,10,200,196,200,42
human_120_282_6_1_200_190.csv,120,282,6,1,200,190,200,42
human_120_2830_3_10_200_201.csv,120,2830,3,10,200,201,200,42
human_120_2831_3_10_200_195.csv,120,2831,3,10,200,195,200,42
human_120_2832_3_10_200_189.csv,120,2832,3,10,200,189,200,42
human_120_2833_3_10_200_196.csv,120,2833,3,10,200,196,200,42
human_120_2834_3_10_200_203.csv,120,2834,3,10,200,203,200,42
human_120_2835_3_10_200_194.csv,120,2835,3,10,200,194,200,42
human_120_2836_3_10_200_184.csv,120,2836,3,10,200,184,200,42
human_120_2837_3_10_200_206.csv,120,2837,3,10,200,206,200,42
human_120_2838_3_10_200_196.csv,120,2838,3,10,200,196,200,42
human_120_2839_3_10_200_194.csv,120,2839,3,10,200,194,200,42
human_120_283_6_1_200_197.csv,120,283,6,1,200,197,200,42
human_120_2840_3_10_200_189.csv,120,2840,3,10,200,189,200,42
human_120_2841_3_10_200_200.csv,120,2841,3,10,200,200,200,42
human_120_2842_3_10_200_190.csv,120,2842,3,10,200,190,200,42
human_120_2843_3_10_200_206.csv,120,2843,3,10,200,206,200,42
human_120_2844_3_10_200_206.csv,120,2844,3,10,200,206,200,42
human_120_2845_3_10_200_195.csv,120,2845,3,10,200,195,200,42
human_120_2846_3_10_200_200.csv,120,2846,3,10,200,200,200,42
human_120_2847_3_10_200_197.csv,120,2847,3,10,200,197,200,42
human_120_2848_3_10_200_183.csv,120,2848,3,10,200,183,200,42
human_120_2849_3_10_200_205.csv,120,2849,3,10,200,205,200,42
human_120_284_6_1_200_192.csv,120,284,6,1,200,192,200,42
human_120_2850_3_10_200_195.csv,120,2850,3,10,200,195,200,42
human_120_2851_4_10_200_180.csv,120,2851,4,10,200,180,200,42
human_120_2852_4_10_200_167.csv,120,2852,4,10,200,167,200,42
human_120_2853_4_10_200_179.csv,120,2853,4,10,200,179,200,42
human_120_2854_4_10_200_170.csv,120,2854,4,10,200,170,200,42
human_120_2855_4_10_200_169.csv,120,2855,4,10,200,169,200,42
human_120_2856_4_10_200_166.csv,120,2856,4,10,200,166,200,42
human_120_2857_4_10_200_193.csv,120,2857,4,10,200,193,200,42
human_120_2858_4_10_200_177.csv,120,2858,4,10,200,177,200,42
human_120_2859_4_10_200_181.csv,120,2859,4,10,200,181,200,42
human_120_285_6_1_200_179.csv,120,285,6,1,200,179,200,42
human_120_2860_4_10_200_199.csv,120,2860,4,10,200,199,200,42
human_120_2861_4_10_200_187.csv,120,2861,4,10,200,187,200,42
human_120_2862_4_10_200_201.csv,120,2862,4,10,200,201,200,42
human_120_2863_4_10_200_171.csv,120,2863,4,10,200,171,200,42
human_120_2864_4_10_200_201.csv,120,2864,4,10,200,201,200,42
human_120_2865_4_10_200_188.csv,120,2865,4,10,200,188,200,42
human_120_2866_4_10_200_197.csv,120,2866,4,10,200,197,200,42
human_120_2867_4_10_200_172.csv,120,2867,4,10,200,172,200,42
human_120_2868_4_10_200_198.csv,120,2868,4,10,200,198,200,42
human_120_2869_4_10_200_187.csv,120,2869,4,10,200,187,200,42
human_120_286_6_1_200_215.csv,120,286,6,1,200,215,200,42
human_120_2870_4_10_200_179.csv,120,2870,4,10,200,179,200,42
human_120_2871_4_10_200_184.csv,120,2871,4,10,200,184,200,42
human_120_2872_4_10_200_190.csv,120,2872,4,10,200,190,200,42
human_120_2873_4_10_200_192.csv,120,2873,4,10,200,192,200,42
human_120_2874_4_10_200_188.csv,120,2874,4,10,200,188,200,42
human_120_2875_4_10_200_190.csv,120,2875,4,10,200,190,200,42
human_120_2876_4_10_200_187.csv,120,2876,4,10,200,187,200,42
human_120_2877_4_10_200_188.csv,120,2877,4,10,200,188,200,42
human_120_2878_4_10_200_192.csv,120,2878,4,10,200,192,200,42
human_120_2879_4_10_200_197.csv,120,2879,4,10,200,197,200,42
human_120_287_6_1_200_192.csv,120,287,6,1,200,192,200,42
human_120_2880_4_10_200_196.csv,120,2880,4,10,200,196,200,42
human_120_2881_4_10_200_178.csv,120,2881,4,10,200,178,200,42
human_120_2882_4_10_200_208.csv,120,2882,4,10,200,208,200,42
human_120_2883_4_10_200_188.csv,120,2883,4,10,200,188,200,42
human_120_2884_4_10_200_197.csv,120,2884,4,10,200,197,200,42
human_120_2885_4_10_200_190.csv,120,2885,4,10,200,190,200,42
human_120_2886_4_10_200_189.csv,120,2886,4,10,200,189,200,42
human_120_2887_4_10_200_193.csv,120,2887,4,10,200,193,200,42
human_120_2888_4_10_200_183.csv,120,2888,4,10,200,183,200,42
human_120_2889_4_10_200_193.csv,120,2889,4,10,200,193,200,42
human_120_288_6_1_200_200.csv,120,288,6,1,200,200,200,42
human_120_2890_4_10_200_203.csv,120,2890,4,10,200,203,200,42
human_120_2891_4_10_200_184.csv,120,2891,4,10,200,184,200,42
human_120_2892_4_10_200_193.csv,120,2892,4,10,200,193,200,42
human_120_2893_4_10_200_187.csv,120,2893,4,10,200,187,200,42
human_120_2894_4_10_200_192.csv,120,2894,4,10,200,192,200,42
human_120_2895_4_10_200_187.csv,120,2895,4,10,200,187,200,42
human_120_2896_4_10_200_189.csv,120,2896,4,10,200,189,200,42
human_120_2897_4_10_200_182.csv,120,2897,4,10,200,182,200,42
human_120_2898_4_10_200_180.csv,120,2898,4,10,200,180,200,42
human_120_2899_4_10_200_197.csv,120,2899,4,10,200,197,200,42
human_120_289_6_1_200_203.csv,120,289,6,1,200,203,200,42
human_120_28_1_1_200_191.csv,120,28,1,1,200,191,200,42
human_120_2900_4_10_200_190.csv,120,2900,4,10,200,190,200,42
human_120_2901_5_10_200_180.csv,120,2901,5,10,200,180,200,42
human_120_2902_5_10_200_200.csv,120,2902,5,10,200,200,200,42
human_120_2903_5_10_200_200.csv,120,2903,5,10,200,200,200,42
human_120_2904_5_10_200_200.csv,120,2904,5,10,200,200,200,42
human_120_2905_5_10_200_200.csv,120,2905,5,10,200,200,200,42
human_120_2906_5_10_200_193.csv,120,2906,5,10,200,193,200,42
human_120_2907_5_10_200_192.csv,120,2907,5,10,200,192,200,42
human_120_2908_5_10_200_200.csv,120,2908,5,10,200,200,200,42
human_120_2909_5_10_200_200.csv,120,2909,5,10,200,200,200,42
human_120_290_6_1_200_197.csv,120,290,6,1,200,197,200,42
human_120_2910_5_10_200_200.csv,120,2910,5,10,200,200,200,42
human_120_2911_5_10_200_188.csv,120,2911,5,10,200,188,200,42
human_120_2912_5_10_200_200.csv,120,2912,5,10,200,200,200,42
human_120_2913_5_10_200_200.csv,120,2913,5,10,200,200,200,42
human_120_2914_5_10_200_191.csv,120,2914,5,10,200,191,200,42
human_120_2915_5_10_200_200.csv,120,2915,5,10,200,200,200,42
human_120_2916_5_10_200_200.csv,120,2916,5,10,200,200,200,42
human_120_2917_5_10_200_175.csv,120,2917,5,10,200,175,200,42
human_120_2918_5_10_200_217.csv,120,2918,5,10,200,217,200,42
human_120_2919_5_10_200_183.csv,120,2919,5,10,200,183,200,42
human_120_291_6_1_200_202.csv,120,291,6,1,200,202,200,42
human_120_2920_5_10_200_200.csv,120,2920,5,10,200,200,200,42
human_120_2921_5_10_200_200.csv,120,2921,5,10,200,200,200,42
human_120_2922_5_10_200_200.csv,120,2922,5,10,200,200,200,42
human_120_2923_5_10_200_193.csv,120,2923,5,10,200,193,200,42
human_120_2924_5_10_200_200.csv,120,2924,5,10,200,200,200,42
human_120_2925_5_10_200_200.csv,120,2925,5,10,200,200,200,42
human_120_2926_5_10_200_200.csv,120,2926,5,10,200,200,200,42
human_120_2927_5_10_200_192.csv,120,2927,5,10,200,192,200,42
human_120_2928_5_10_200_191.csv,120,2928,5,10,200,191,200,42
human_120_2929_5_10_200_200.csv,120,2929,5,10,200,200,200,42
human_120_292_6_1_200_191.csv,120,292,6,1,200,191,200,42
human_120_2930_5_10_200_167.csv,120,2930,5,10,200,167,200,42
human_120_2931_5_10_200_200.csv,120,2931,5,10,200,200,200,42
human_120_2932_5_10_200_200.csv,120,2932,5,10,200,200,200,42
human_120_2933_5_10_200_200.csv,120,2933,5,10,200,200,200,42
human_120_2934_5_10_200_195.csv,120,2934,5,10,200,195,200,42
human_120_2935_5_10_200_200.csv,120,2935,5,10,200,200,200,42
human_120_2936_5_10_200_200.csv,120,2936,5,10,200,200,200,42
human_120_2937_5_10_200_200.csv,120,2937,5,10,200,200,200,42
human_120_2938_5_10_200_200.csv,120,2938,5,10,200,200,200,42
human_120_2939_5_10_200_200.csv,120,2939,5,10,200,200,200,42
human_120_293_6_1_200_205.csv,120,293,6,1,200,205,200,42
human_120_2940_5_10_200_200.csv,120,2940,5,10,200,200,200,42
human_120_2941_5_10_200_188.csv,120,2941,5,10,200,188,200,42
human_120_2942_5_10_200_196.csv,120,2942,5,10,200,196,200,42
human_120_2943_5_10_200_200.csv,120,2943,5,10,200,200,200,42
human_120_2944_5_10_200_200.csv,120,2944,5,10,200,200,200,42
human_120_2945_5_10_200_163.csv,120,2945,5,10,200,163,200,42
human_120_2946_5_10_200_195.csv,120,2946,5,10,200,195,200,42
human_120_2947_5_10_200_200.csv,120,2947,5,10,200,200,200,42
human_120_2948_5_10_200_222.csv,120,2948,5,10,200,222,200,42
human_120_2949_5_10_200_200.csv,120,2949,5,10,200,200,200,42
human_120_294_6_1_200_201.csv,120,294,6,1,200,201,200,42
human_120_2950_5_10_200_200.csv,120,2950,5,10,200,200,200,42
human_120_2951_6_10_200_193.csv,120,2951,6,10,200,193,200,42
human_120_2952_6_10_200_202.csv,120,2952,6,10,200,202,200,42
human_120_2953_6_10_200_199.csv,120,2953,6,10,200,199,200,42
human_120_2954_6_10_200_194.csv,120,2954,6,10,200,194,200,42
human_120_2955_6_10_200_200.csv,120,2955,6,10,200,200,200,42
human_120_2956_6_10_200_179.csv,120,2956,6,10,200,179,200,42
human_120_2957_6_10_200_183.csv,120,2957,6,10,200,183,200,42
human_120_2958_6_10_200_200.csv,120,2958,6,10,200,200,200,42
human_120_2959_6_10_200_194.csv,120,2959,6,10,200,194,200,42
human_120_295_6_1_200_192.csv,120,295,6,1,200,192,200,42
human_120_2960_6_10_200_189.csv,120,2960,6,10,200,189,200,42
human_120_2961_6_10_200_199.csv,120,2961,6,10,200,199,200,42
human_120_2962_6_10_200_195.csv,120,2962,6,10,200,195,200,42
human_120_2963_6_10_200_189.csv,120,2963,6,10,200,189,200,42
human_120_2964_6_10_200_201.csv,120,2964,6,10,200,201,200,42
human_120_2965_6_10_200_204.csv,120,2965,6,10,200,204,200,42
human_120_2966_6_10_200_196.csv,120,2966,6,10,200,196,200,42
human_120_2967_6_10_200_193.csv,120,2967,6,10,200,193,200,42
human_120_2968_6_10_200_195.csv,120,2968,6,10,200,195,200,42
human_120_2969_6_10_200_199.csv,120,2969,6,10,200,199,200,42
human_120_296_6_1_200_213.csv,120,296,6,1,200,213,200,42
human_120_2970_6_10_200_204.csv,120,2970,6,10,200,204,200,42
human_120_2971_6_10_200_198.csv,120,2971,6,10,200,198,200,42
human_120_2972_6_10_200_200.csv,120,2972,6,10,200,200,200,42
human_120_2973_6_10_200_186.csv,120,2973,6,10,200,186,200,42
human_120_2974_6_10_200_188.csv,120,2974,6,10,200,188,200,42
human_120_2975_6_10_200_195.csv,120,2975,6,10,200,195,200,42
human_120_2976_6_10_200_188.csv,120,2976,6,10,200,188,200,42
human_120_2977_6_10_200_198.csv,120,2977,6,10,200,198,200,42
human_120_2978_6_10_200_188.csv,120,2978,6,10,200,188,200,42
human_120_2979_6_10_200_201.csv,120,2979,6,10,200,201,200,42
human_120_297_6_1_200_194.csv,120,297,6,1,200,194,200,42
human_120_2980_6_10_200_195.csv,120,2980,6,10,200,195,200,42
human_120_2981_6_10_200_196.csv,120,2981,6,10,200,196,200,42
human_120_2982_6_10_200_196.csv,120,2982,6,10,200,196,200,42
human_120_2983_6_10_200_193.csv,120,2983,6,10,200,193,200,42
human_120_2984_6_10_200_191.csv,120,2984,6,10,200,191,200,42
human_120_2985_6_10_200_190.csv,120,2985,6,10,200,190,200,42
human_120_2986_6_10_200_188.csv,120,2986,6,10,200,188,200,42
human_120_2987_6_10_200_195.csv,120,2987,6,10,200,195,200,42
human_120_2988_6_10_200_180.csv,120,2988,6,10,200,180,200,42
human_120_2989_6_10_200_187.csv,120,2989,6,10,200,187,200,42
human_120_298_6_1_200_189.csv,120,298,6,1,200,189,200,42
human_120_2990_6_10_200_189.csv,120,2990,6,10,200,189,200,42
human_120_2991_6_10_200_212.csv,120,2991,6,10,200,212,200,42
human_120_2992_6_10_200_183.csv,120,2992,6,10,200,183,200,42
human_120_2993_6_10_200_197.csv,120,2993,6,10,200,197,200,42
human_120_2994_6_10_200_191.csv,120,2994,6,10,200,191,200,42
human_120_2995_6_10_200_196.csv,120,2995,6,10,200,196,200,42
human_120_2996_6_10_200_191.csv,120,2996,6,10,200,191,200,42
human_120_2997_6_10_200_186.csv,120,2997,6,10,200,186,200,42
human_120_2998_6_10_200_197.csv,120,2998,6,10,200,197,200,42
human_120_2999_6_10_200_192.csv,120,2999,6,10,200,192,200,42
human_120_299_6_1_200_217.csv,120,299,6,1,200,217,200,42
human_120_29_1_1_200_194.csv,120,29,1,1,200,194,200,42
human_120_2_1_1_200_195.csv,120,2,1,1,200,195,200,42
human_120_3000_6_10_200_193.csv,120,3000,6,10,200,193,200,42
human_120_3001_1_11_200_195.csv,120,3001,1,11,200,195,200,42
human_120_3002_1_11_200_195.csv,120,3002,1,11,200,195,200,42
human_120_3003_1_11_200_185.csv,120,3003,1,11,200,185,200,42
human_120_3004_1_11_200_200.csv,120,3004,1,11,200,200,200,42
human_120_3005_1_11_200_195.csv,120,3005,1,11,200,195,200,42
human_120_3006_1_11_200_197.csv,120,3006,1,11,200,197,200,42
human_120_3007_1_11_200_190.csv,120,3007,1,11,200,190,200,42
human_120_3008_1_11_200_200.csv,120,3008,1,11,200,200,200,42
human_120_3009_1_11_200_203.csv,120,3009,1,11,200,203,200,42
human_120_300_6_1_200_210.csv,120,300,6,1,200,210,200,42
human_120_3010_1_11_200_167.csv,120,3010,1,11,200,167,200,42
human_120_3011_1_11_200_188.csv,120,3011,1,11,200,188,200,42
human_120_3012_1_11_200_221.csv,120,3012,1,11,200,221,200,42
human_120_3013_1_11_200_194.csv,120,3013,1,11,200,194,200,42
human_120_3014_1_11_200_194.csv,120,3014,1,11,200,194,200,42
human_120_3015_1_11_200_194.csv,120,3015,1,11,200,194,200,42
human_120_3016_1_11_200_203.csv,120,3016,1,11,200,203,200,42
human_120_3017_1_11_200_193.csv,120,3017,1,11,200,193,200,42
human_120_3018_1_11_200_191.csv,120,3018,1,11,200,191,200,42
human_120_3019_1_11_200_180.csv,120,3019,1,11,200,180,200,42
human_120_301_1_2_200_206.csv,120,301,1,2,200,206,200,42
human_120_3020_1_11_200_197.csv,120,3020,1,11,200,197,200,42
human_120_3021_1_11_200_193.csv,120,3021,1,11,200,193,200,42
human_120_3022_1_11_200_218.csv,120,3022,1,11,200,218,200,42
human_120_3023_1_11_200_179.csv,120,3023,1,11,200,179,200,42
human_120_3024_1_11_200_228.csv,120,3024,1,11,200,228,200,42
human_120_3025_1_11_200_192.csv,120,3025,1,11,200,192,200,42
human_120_3026_1_11_200_184.csv,120,3026,1,11,200,184,200,42
human_120_3027_1_11_200_207.csv,120,3027,1,11,200,207,200,42
human_120_3028_1_11_200_204.csv,120,3028,1,11,200,204,200,42
human_120_3029_1_11_200_195.csv,120,3029,1,11,200,195,200,42
human_120_302_1_2_200_189.csv,120,302,1,2,200,189,200,42
human_120_3030_1_11_200_202.csv,120,3030,1,11,200,202,200,42
human_120_3031_1_11_200_192.csv,120,3031,1,11,200,192,200,42
human_120_3032_1_11_200_205.csv,120,3032,1,11,200,205,200,42
human_120_3033_1_11_200_165.csv,120,3033,1,11,200,165,200,42
human_120_3034_1_11_200_190.csv,120,3034,1,11,200,190,200,42
human_120_3035_1_11_200_200.csv,120,3035,1,11,200,200,200,42
human_120_3036_1_11_200_208.csv,120,3036,1,11,200,208,200,42
human_120_3037_1_11_200_190.csv,120,3037,1,11,200,190,200,42
human_120_3038_1_11_200_213.csv,120,3038,1,11,200,213,200,42
human_120_3039_1_11_200_209.csv,120,3039,1,11,200,209,200,42
human_120_303_1_2_200_183.csv,120,303,1,2,200,183,200,42
human_120_3040_1_11_200_186.csv,120,3040,1,11,200,186,200,42
human_120_3041_1_11_200_200.csv,120,3041,1,11,200,200,200,42
human_120_3042_1_11_200_192.csv,120,3042,1,11,200,192,200,42
human_120_3043_1_11_200_200.csv,120,3043,1,11,200,200,200,42
human_120_3044_1_11_200_205.csv,120,3044,1,11,200,205,200,42
human_120_3045_1_11_200_198.csv,120,3045,1,11,200,198,200,42
human_120_3046_1_11_200_212.csv,120,3046,1,11,200,212,200,42
human_120_3047_1_11_200_204.csv,120,3047,1,11,200,204,200,42
human_120_3048_1_11_200_169.csv,120,3048,1,11,200,169,200,42
human_120_3049_1_11_200_200.csv,120,3049,1,11,200,200,200,42
human_120_304_1_2_200_183.csv,120,304,1,2,200,183,200,42
human_120_3050_1_11_200_209.csv,120,3050,1,11,200,209,200,42
human_120_3051_2_11_200_202.csv,120,3051,2,11,200,202,200,42
human_120_3052_2_11_200_178.csv,120,3052,2,11,200,178,200,42
human_120_3053_2_11_200_190.csv,120,3053,2,11,200,190,200,42
human_120_3054_2_11_200_181.csv,120,3054,2,11,200,181,200,42
human_120_3055_2_11_200_187.csv,120,3055,2,11,200,187,200,42
human_120_3056_2_11_200_166.csv,120,3056,2,11,200,166,200,42
human_120_3057_2_11_200_230.csv,120,3057,2,11,200,230,200,42
human_120_3058_2_11_200_188.csv,120,3058,2,11,200,188,200,42
human_120_3059_2_11_200_200.csv,120,3059,2,11,200,200,200,42
human_120_305_1_2_200_189.csv,120,305,1,2,200,189,200,42
human_120_3060_2_11_200_209.csv,120,3060,2,11,200,209,200,42
human_120_3061_2_11_200_189.csv,120,3061,2,11,200,189,200,42
human_120_3062_2_11_200_200.csv,120,3062,2,11,200,200,200,42
human_120_3063_2_11_200_190.csv,120,3063,2,11,200,190,200,42
human_120_3064_2_11_200_194.csv,120,3064,2,11,200,194,200,42
human_120_3065_2_11_200_206.csv,120,3065,2,11,200,206,200,42
human_120_3066_2_11_200_196.csv,120,3066,2,11,200,196,200,42
human_120_3067_2_11_200_205.csv,120,3067,2,11,200,205,200,42
human_120_3068_2_11_200_200.csv,120,3068,2,11,200,200,200,42
human_120_3069_2_11_200_208.csv,120,3069,2,11,200,208,200,42
human_120_306_1_2_200_196.csv,120,306,1,2,200,196,200,42
human_120_3070_2_11_200_186.csv,120,3070,2,11,200,186,200,42
human_120_3071_2_11_200_225.csv,120,3071,2,11,200,225,200,42
human_120_3072_2_11_200_185.csv,120,3072,2,11,200,185,200,42
human_120_3073_2_11_200_200.csv,120,3073,2,11,200,200,200,42
human_120_3074_2_11_200_190.csv,120,3074,2,11,200,190,200,42
human_120_3075_2_11_200_207.csv,120,3075,2,11,200,207,200,42
human_120_3076_2_11_200_192.csv,120,3076,2,11,200,192,200,42
human_120_3077_2_11_200_210.csv,120,3077,2,11,200,210,200,42
human_120_3078_2_11_200_200.csv,120,3078,2,11,200,200,200,42
human_120_3079_2_11_200_200.csv,120,3079,2,11,200,200,200,42
human_120_307_1_2_200_193.csv,120,307,1,2,200,193,200,42
human_120_3080_2_11_200_200.csv,120,3080,2,11,200,200,200,42
human_120_3081_2_11_200_200.csv,120,3081,2,11,200,200,200,42
human_120_3082_2_11_200_190.csv,120,3082,2,11,200,190,200,42
human_120_3083_2_11_200_196.csv,120,3083,2,11,200,196,200,42
human_120_3084_2_11_200_192.csv,120,3084,2,11,200,192,200,42
human_120_3085_2_11_200_200.csv,120,3085,2,11,200,200,200,42
human_120_3086_2_11_200_200.csv,120,3086,2,11,200,200,200,42
human_120_3087_2_11_200_186.csv,120,3087,2,11,200,186,200,42
human_120_3088_2_11_200_192.csv,120,3088,2,11,200,192,200,42
human_120_3089_2_11_200_191.csv,120,3089,2,11,200,191,200,42
human_120_308_1_2_200_187.csv,120,308,1,2,200,187,200,42
human_120_3090_2_11_200_200.csv,120,3090,2,11,200,200,200,42
human_120_3091_2_11_200_200.csv,120,3091,2,11,200,200,200,42
human_120_3092_2_11_200_204.csv,120,3092,2,11,200,204,200,42
human_120_3093_2_11_200_197.csv,120,3093,2,11,200,197,200,42
human_120_3094_2_11_200_190.csv,120,3094,2,11,200,190,200,42
human_120_3095_2_11_200_182.csv,120,3095,2,11,200,182,200,42
human_120_3096_2_11_200_215.csv,120,3096,2,11,200,215,200,42
human_120_3097_2_11_200_187.csv,120,3097,2,11,200,187,200,42
human_120_3098_2_11_200_185.csv,120,3098,2,11,200,185,200,42
human_120_3099_2_11_200_176.csv,120,3099,2,11,200,176,200,42
human_120_309_1_2_200_189.csv,120,309,1,2,200,189,200,42
human_120_30_1_1_200_186.csv,120,30,1,1,200,186,200,42
human_120_3100_2_11_200_207.csv,120,3100,2,11,200,207,200,42
human_120_3101_3_11_200_205.csv,120,3101,3,11,200,205,200,42
human_120_3102_3_11_200_194.csv,120,3102,3,11,200,194,200,42
human_120_3103_3_11_200_208.csv,120,3103,3,11,200,208,200,42
human_120_3104_3_11_200_195.csv,120,3104,3,11,200,195,200,42
human_120_3105_3_11_200_186.csv,120,3105,3,11,200,186,200,42
human_120_3106_3_11_200_178.csv,120,3106,3,11,200,178,200,42
human_120_3107_3_11_200_190.csv,120,3107,3,11,200,190,200,42
human_120_3108_3_11_200_188.csv,120,3108,3,11,200,188,200,42
human_120_3109_3_11_200_187.csv,120,3109,3,11,200,187,200,42
human_120_310_1_2_200_189.csv,120,310,1,2,200,189,200,42
human_120_3110_3_11_200_174.csv,120,3110,3,11,200,174,200,42
human_120_3111_3_11_200_190.csv,120,3111,3,11,200,190,200,42
human_120_3112_3_11_200_176.csv,120,3112,3,11,200,176,200,42
human_120_3113_3_11_200_189.csv,120,3113,3,11,200,189,200,42
human_120_3114_3_11_200_194.csv,120,3114,3,11,200,194,200,42
human_120_3115_3_11_200_192.csv,120,3115,3,11,200,192,200,42
human_120_3116_3_11_200_179.csv,120,3116,3,11,200,179,200,42
human_120_3117_3_11_200_183.csv,120,3117,3,11,200,183,200,42
human_120_3118_3_11_200_185.csv,120,3118,3,11,200,185,200,42
human_120_3119_3_11_200_185.csv,120,3119,3,11,200,185,200,42
human_120_311_1_2_200_201.csv,120,311,1,2,200,201,200,42
human_120_3120_3_11_200_194.csv,120,3120,3,11,200,194,200,42
human_120_3121_3_11_200_176.csv,120,3121,3,11,200,176,200,42
human_120_3122_3_11_200_190.csv,120,3122,3,11,200,190,200,42
human_120_3123_3_11_200_182.csv,120,3123,3,11,200,182,200,42
human_120_3124_3_11_200_206.csv,120,3124,3,11,200,206,200,42
human_120_3125_3_11_200_192.csv,120,3125,3,11,200,192,200,42
human_120_3126_3_11_200_185.csv,120,3126,3,11,200,185,200,42
human_120_3127_3_11_200_171.csv,120,3127,3,11,200,171,200,42
human_120_3128_3_11_200_220.csv,120,3128,3,11,200,220,200,42
human_120_3129_3_11_200_192.csv,120,3129,3,11,200,192,200,42
human_120_312_1_2_200_190.csv,120,312,1,2,200,190,200,42
human_120_3130_3_11_200_189.csv,120,3130,3,11,200,189,200,42
human_120_3131_3_11_200_194.csv,120,3131,3,11,200,194,200,42
human_120_3132_3_11_200_196.csv,120,3132,3,11,200,196,200,42
human_120_3133_3_11_200_210.csv,120,3133,3,11,200,210,200,42
human_120_3134_3_11_200_185.csv,120,3134,3,11,200,185,200,42
human_120_3135_3_11_200_197.csv,120,3135,3,11,200,197,200,42
human_120_3136_3_11_200_195.csv,120,3136,3,11,200,195,200,42
human_120_3137_3_11_200_189.csv,120,3137,3,11,200,189,200,42
human_120_3138_3_11_200_190.csv,120,3138,3,11,200,190,200,42
human_120_3139_3_11_200_194.csv,120,3139,3,11,200,194,200,42
human_120_313_1_2_200_187.csv,120,313,1,2,200,187,200,42
human_120_3140_3_11_200_200.csv,120,3140,3,11,200,200,200,42
human_120_3141_3_11_200_187.csv,120,3141,3,11,200,187,200,42
human_120_3142_3_11_200_200.csv,120,3142,3,11,200,200,200,42
human_120_3143_3_11_200_199.csv,120,3143,3,11,200,199,200,42
human_120_3144_3_11_200_194.csv,120,3144,3,11,200,194,200,42
human_120_3145_3_11_200_191.csv,120,3145,3,11,200,191,200,42
human_120_3146_3_11_200_182.csv,120,3146,3,11,200,182,200,42
human_120_3147_3_11_200_170.csv,120,3147,3,11,200,170,200,42
human_120_3148_3_11_200_209.csv,120,3148,3,11,200,209,200,42
human_120_3149_3_11_200_195.csv,120,3149,3,11,200,195,200,42
human_120_314_1_2_200_200.csv,120,314,1,2,200,200,200,42
human_120_3150_3_11_200_170.csv,120,3150,3,11,200,170,200,42
human_120_3151_4_11_200_180.csv,120,3151,4,11,200,180,200,42
human_120_3152_4_11_200_179.csv,120,3152,4,11,200,179,200,42
human_120_3153_4_11_200_181.csv,120,3153,4,11,200,181,200,42
human_120_3154_4_11_200_191.csv,120,3154,4,11,200,191,200,42
human_120_3155_4_11_200_185.csv,120,3155,4,11,200,185,200,42
human_120_3156_4_11_200_194.csv,120,3156,4,11,200,194,200,42
human_120_3157_4_11_200_194.csv,120,3157,4,11,200,194,200,42
human_120_3158_4_11_200_178.csv,120,3158,4,11,200,178,200,42
human_120_3159_4_11_200_160.csv,120,3159,4,11,200,160,200,42
human_120_315_1_2_200_194.csv,120,315,1,2,200,194,200,42
human_120_3160_4_11_200_231.csv,120,3160,4,11,200,231,200,42
human_120_3161_4_11_200_178.csv,120,3161,4,11,200,178,200,42
human_120_3162_4_11_200_191.csv,120,3162,4,11,200,191,200,42
human_120_3163_4_11_200_208.csv,120,3163,4,11,200,208,200,42
human_120_3164_4_11_200_154.csv,120,3164,4,11,200,154,200,42
human_120_3165_4_11_200_167.csv,120,3165,4,11,200,167,200,42
human_120_3166_4_11_200_210.csv,120,3166,4,11,200,210,200,42
human_120_3167_4_11_200_196.csv,120,3167,4,11,200,196,200,42
human_120_3168_4_11_200_193.csv,120,3168,4,11,200,193,200,42
human_120_3169_4_11_200_196.csv,120,3169,4,11,200,196,200,42
human_120_316_1_2_200_194.csv,120,316,1,2,200,194,200,42
human_120_3170_4_11_200_176.csv,120,3170,4,11,200,176,200,42
human_120_3171_4_11_200_184.csv,120,3171,4,11,200,184,200,42
human_120_3172_4_11_200_192.csv,120,3172,4,11,200,192,200,42
human_120_3173_4_11_200_189.csv,120,3173,4,11,200,189,200,42
human_120_3174_4_11_200_196.csv,120,3174,4,11,200,196,200,42
human_120_3175_4_11_200_178.csv,120,3175,4,11,200,178,200,42
human_120_3176_4_11_200_183.csv,120,3176,4,11,200,183,200,42
human_120_3177_4_11_200_174.csv,120,3177,4,11,200,174,200,42
human_120_3178_4_11_200_185.csv,120,3178,4,11,200,185,200,42
human_120_3179_4_11_200_194.csv,120,3179,4,11,200,194,200,42
human_120_317_1_2_200_214.csv,120,317,1,2,200,214,200,42
human_120_3180_4_11_200_202.csv,120,3180,4,11,200,202,200,42
human_120_3181_4_11_200_172.csv,120,3181,4,11,200,172,200,42
human_120_3182_4_11_200_216.csv,120,3182,4,11,200,216,200,42
human_120_3183_4_11_200_179.csv,120,3183,4,11,200,179,200,42
human_120_3184_4_11_200_198.csv,120,3184,4,11,200,198,200,42
human_120_3185_4_11_200_153.csv,120,3185,4,11,200,153,200,42
human_120_3186_4_11_200_151.csv,120,3186,4,11,200,151,200,42
human_120_3187_4_11_200_206.csv,120,3187,4,11,200,206,200,42
human_120_3188_4_11_200_191.csv,120,3188,4,11,200,191,200,42
human_120_3189_4_11_200_192.csv,120,3189,4,11,200,192,200,42
human_120_318_1_2_200_172.csv,120,318,1,2,200,172,200,42
human_120_3190_4_11_200_181.csv,120,3190,4,11,200,181,200,42
human_120_3191_4_11_200_184.csv,120,3191,4,11,200,184,200,42
human_120_3192_4_11_200_193.csv,120,3192,4,11,200,193,200,42
human_120_3193_4_11_200_181.csv,120,3193,4,11,200,181,200,42
human_120_3194_4_11_200_190.csv,120,3194,4,11,200,190,200,42
human_120_3195_4_11_200_178.csv,120,3195,4,11,200,178,200,42
human_120_3196_4_11_200_183.csv,120,3196,4,11,200,183,200,42
human_120_3197_4_11_200_166.csv,120,3197,4,11,200,166,200,42
human_120_3198_4_11_200_214.csv,120,3198,4,11,200,214,200,42
human_120_3199_4_11_200_190.csv,120,3199,4,11,200,190,200,42
human_120_319_1_2_200_195.csv,120,319,1,2,200,195,200,42
human_120_31_1_1_200_202.csv,120,31,1,1,200,202,200,42
human_120_3200_4_11_200_165.csv,120,3200,4,11,200,165,200,42
human_120_3201_5_11_200_182.csv,120,3201,5,11,200,182,200,42
human_120_3202_5_11_200_175.csv,120,3202,5,11,200,175,200,42
human_120_3203_5_11_200_200.csv,120,3203,5,11,200,200,200,42
human_120_3204_5_11_200_154.csv,120,3204,5,11,200,154,200,42
human_120_3205_5_11_200_144.csv,120,3205,5,11,200,144,200,42
human_120_3206_5_11_200_135.csv,120,3206,5,11,200,135,200,42
human_120_3207_5_11_200_136.csv,120,3207,5,11,200,136,200,42
human_120_3208_5_11_200_129.csv,120,3208,5,11,200,129,200,42
human_120_3209_5_11_200_182.csv,120,3209,5,11,200,182,200,42
human_120_320_1_2_200_200.csv,120,320,1,2,200,200,200,42
human_120_3210_5_11_200_137.csv,120,3210,5,11,200,137,200,42
human_120_3211_5_11_200_140.csv,120,3211,5,11,200,140,200,42
human_120_3212_5_11_200_139.csv,120,3212,5,11,200,139,200,42
human_120_3213_5_11_200_120.csv,120,3213,5,11,200,120,200,42
human_120_3214_5_11_200_123.csv,120,3214,5,11,200,123,200,42
human_120_3215_5_11_200_129.csv,120,3215,5,11,200,129,200,42
human_120_3216_5_11_200_135.csv,120,3216,5,11,200,135,200,42
human_120_3217_5_11_200_133.csv,120,3217,5,11,200,133,200,42
human_120_3218_5_11_200_138.csv,120,3218,5,11,200,138,200,42
human_120_3219_5_11_200_104.csv,120,3219,5,11,200,104,200,42
human_120_321_1_2_200_200.csv,120,321,1,2,200,200,200,42
human_120_3220_5_11_200_137.csv,120,3220,5,11,200,137,200,42
human_120_3221_5_11_200_127.csv,120,3221,5,11,200,127,200,42
human_120_3222_5_11_200_128.csv,120,3222,5,11,200,128,200,42
human_120_3223_5_11_200_136.csv,120,3223,5,11,200,136,200,42
human_120_3224_5_11_200_133.csv,120,3224,5,11,200,133,200,42
human_120_3225_5_11_200_128.csv,120,3225,5,11,200,128,200,42
human_120_3226_5_11_200_146.csv,120,3226,5,11,200,146,200,42
human_120_3227_5_11_200_130.csv,120,3227,5,11,200,130,200,42
human_120_3228_5_11_200_130.csv,120,3228,5,11,200,130,200,42
human_120_3229_5_11_200_136.csv,120,3229,5,11,200,136,200,42
human_120_322_1_2_200_200.csv,120,322,1,2,200,200,200,42
human_120_3230_5_11_200_138.csv,120,3230,5,11,200,138,200,42
human_120_3231_5_11_200_123.csv,120,3231,5,11,200,123,200,42
human_120_3232_5_11_200_171.csv,120,3232,5,11,200,171,200,42
human_120_3233_5_11_200_140.csv,120,3233,5,11,200,140,200,42
human_120_3234_5_11_200_147.csv,120,3234,5,11,200,147,200,42
human_120_3235_5_11_200_156.csv,120,3235,5,11,200,156,200,42
human_120_3236_5_11_200_135.csv,120,3236,5,11,200,135,200,42
human_120_3237_5_11_200_140.csv,120,3237,5,11,200,140,200,42
human_120_3238_5_11_200_136.csv,120,3238,5,11,200,136,200,42
human_120_3239_5_11_200_144.csv,120,3239,5,11,200,144,200,42
human_120_323_1_2_200_195.csv,120,323,1,2,200,195,200,42
human_120_3240_5_11_200_129.csv,120,3240,5,11,200,129,200,42
human_120_3241_5_11_200_139.csv,120,3241,5,11,200,139,200,42
human_120_3242_5_11_200_135.csv,120,3242,5,11,200,135,200,42
human_120_3243_5_11_200_134.csv,120,3243,5,11,200,134,200,42
human_120_3244_5_11_200_138.csv,120,3244,5,11,200,138,200,42
human_120_3245_5_11_200_129.csv,120,3245,5,11,200,129,200,42
human_120_3246_5_11_200_132.csv,120,3246,5,11,200,132,200,42
human_120_3247_5_11_200_136.csv,120,3247,5,11,200,136,200,42
human_120_3248_5_11_200_125.csv,120,3248,5,11,200,125,200,42
human_120_3249_5_11_200_138.csv,120,3249,5,11,200,138,200,42
human_120_324_1_2_200_200.csv,120,324,1,2,200,200,200,42
human_120_3250_5_11_200_132.csv,120,3250,5,11,200,132,200,42
human_120_3251_6_11_200_204.csv,120,3251,6,11,200,204,200,42
human_120_3252_6_11_200_160.csv,120,3252,6,11,200,160,200,42
human_120_3253_6_11_200_194.csv,120,3253,6,11,200,194,200,42
human_120_3254_6_11_200_210.csv,120,3254,6,11,200,210,200,42
human_120_3255_6_11_200_202.csv,120,3255,6,11,200,202,200,42
human_120_3256_6_11_200_196.csv,120,3256,6,11,200,196,200,42
human_120_3257_6_11_200_216.csv,120,3257,6,11,200,216,200,42
human_120_3258_6_11_200_201.csv,120,3258,6,11,200,201,200,42
human_120_3259_6_11_200_197.csv,120,3259,6,11,200,197,200,42
human_120_325_1_2_200_212.csv,120,325,1,2,200,212,200,42
human_120_3260_6_11_200_163.csv,120,3260,6,11,200,163,200,42
human_120_3261_6_11_200_206.csv,120,3261,6,11,200,206,200,42
human_120_3262_6_11_200_217.csv,120,3262,6,11,200,217,200,42
human_120_3263_6_11_200_178.csv,120,3263,6,11,200,178,200,42
human_120_3264_6_11_200_205.csv,120,3264,6,11,200,205,200,42
human_120_3265_6_11_200_207.csv,120,3265,6,11,200,207,200,42
human_120_3266_6_11_200_187.csv,120,3266,6,11,200,187,200,42
human_120_3267_6_11_200_202.csv,120,3267,6,11,200,202,200,42
human_120_3268_6_11_200_205.csv,120,3268,6,11,200,205,200,42
human_120_3269_6_11_200_203.csv,120,3269,6,11,200,203,200,42
human_120_326_1_2_200_179.csv,120,326,1,2,200,179,200,42
human_120_3270_6_11_200_197.csv,120,3270,6,11,200,197,200,42
human_120_3271_6_11_200_208.csv,120,3271,6,11,200,208,200,42
human_120_3272_6_11_200_207.csv,120,3272,6,11,200,207,200,42
human_120_3273_6_11_200_205.csv,120,3273,6,11,200,205,200,42
human_120_3274_6_11_200_193.csv,120,3274,6,11,200,193,200,42
human_120_3275_6_11_200_201.csv,120,3275,6,11,200,201,200,42
human_120_3276_6_11_200_203.csv,120,3276,6,11,200,203,200,42
human_120_3277_6_11_200_207.csv,120,3277,6,11,200,207,200,42
human_120_3278_6_11_200_199.csv,120,3278,6,11,200,199,200,42
human_120_3279_6_11_200_202.csv,120,3279,6,11,200,202,200,42
human_120_327_1_2_200_206.csv,120,327,1,2,200,206,200,42
human_120_3280_6_11_200_199.csv,120,3280,6,11,200,199,200,42
human_120_3281_6_11_200_191.csv,120,3281,6,11,200,191,200,42
human_120_3282_6_11_200_204.csv,120,3282,6,11,200,204,200,42
human_120_3283_6_11_200_199.csv,120,3283,6,11,200,199,200,42
human_120_3284_6_11_200_215.csv,120,3284,6,11,200,215,200,42
human_120_3285_6_11_200_204.csv,120,3285,6,11,200,204,200,42
human_120_3286_6_11_200_204.csv,120,3286,6,11,200,204,200,42
human_120_3287_6_11_200_186.csv,120,3287,6,11,200,186,200,42
human_120_3288_6_11_200_204.csv,120,3288,6,11,200,204,200,42
human_120_3289_6_11_200_198.csv,120,3289,6,11,200,198,200,42
human_120_328_1_2_200_203.csv,120,328,1,2,200,203,200,42
human_120_3290_6_11_200_209.csv,120,3290,6,11,200,209,200,42
human_120_3291_6_11_200_207.csv,120,3291,6,11,200,207,200,42
human_120_3292_6_11_200_204.csv,120,3292,6,11,200,204,200,42
human_120_3293_6_11_200_198.csv,120,3293,6,11,200,198,200,42
human_120_3294_6_11_200_190.csv,120,3294,6,11,200,190,200,42
human_120_3295_6_11_200_203.csv,120,3295,6,11,200,203,200,42
human_120_3296_6_11_200_200.csv,120,3296,6,11,200,200,200,42
human_120_3297_6_11_200_201.csv,120,3297,6,11,200,201,200,42
human_120_3298_6_11_200_201.csv,120,3298,6,11,200,201,200,42
human_120_3299_6_11_200_200.csv,120,3299,6,11,200,200,200,42
human_120_329_1_2_200_200.csv,120,329,1,2,200,200,200,42
human_120_32_1_1_200_174.csv,120,32,1,1,200,174,200,42
human_120_3300_6_11_200_191.csv,120,3300,6,11,200,191,200,42
human_120_3301_1_12_200_172.csv,120,3301,1,12,200,172,200,42
human_120_3302_1_12_200_203.csv,120,3302,1,12,200,203,200,42
human_120_3303_1_12_200_188.csv,120,3303,1,12,200,188,200,42
human_120_3304_1_12_200_197.csv,120,3304,1,12,200,197,200,42
human_120_3305_1_12_200_200.csv,120,3305,1,12,200,200,200,42
human_120_3306_1_12_200_188.csv,120,3306,1,12,200,188,200,42
human_120_3307_1_12_200_176.csv,120,3307,1,12,200,176,200,42
human_120_3308_1_12_200_198.csv,120,3308,1,12,200,198,200,42
human_120_3309_1_12_200_185.csv,120,3309,1,12,200,185,200,42
human_120_330_1_2_200_207.csv,120,330,1,2,200,207,200,42
human_120_3310_1_12_200_188.csv,120,3310,1,12,200,188,200,42
human_120_3311_1_12_200_228.csv,120,3311,1,12,200,228,200,42
human_120_3312_1_12_200_194.csv,120,3312,1,12,200,194,200,42
human_120_3313_1_12_200_165.csv,120,3313,1,12,200,165,200,42
human_120_3314_1_12_200_192.csv,120,3314,1,12,200,192,200,42
human_120_3315_1_12_200_196.csv,120,3315,1,12,200,196,200,42
human_120_3316_1_12_200_164.csv,120,3316,1,12,200,164,200,42
human_120_3317_1_12_200_200.csv,120,3317,1,12,200,200,200,42
human_120_3318_1_12_200_179.csv,120,3318,1,12,200,179,200,42
human_120_3319_1_12_200_171.csv,120,3319,1,12,200,171,200,42
human_120_331_1_2_200_182.csv,120,331,1,2,200,182,200,42
human_120_3320_1_12_200_231.csv,120,3320,1,12,200,231,200,42
human_120_3321_1_12_200_201.csv,120,3321,1,12,200,201,200,42
human_120_3322_1_12_200_197.csv,120,3322,1,12,200,197,200,42
human_120_3323_1_12_200_177.csv,120,3323,1,12,200,177,200,42
human_120_3324_1_12_200_195.csv,120,3324,1,12,200,195,200,42
human_120_3325_1_12_200_214.csv,120,3325,1,12,200,214,200,42
human_120_3326_1_12_200_155.csv,120,3326,1,12,200,155,200,42
human_120_3327_1_12_200_192.csv,120,3327,1,12,200,192,200,42
human_120_3328_1_12_200_203.csv,120,3328,1,12,200,203,200,42
human_120_3329_1_12_200_174.csv,120,3329,1,12,200,174,200,42
human_120_332_1_2_200_205.csv,120,332,1,2,200,205,200,42
human_120_3330_1_12_200_220.csv,120,3330,1,12,200,220,200,42
human_120_3331_1_12_200_185.csv,120,3331,1,12,200,185,200,42
human_120_3332_1_12_200_197.csv,120,3332,1,12,200,197,200,42
human_120_3333_1_12_200_151.csv,120,3333,1,12,200,151,200,42
human_120_3334_1_12_200_221.csv,120,3334,1,12,200,221,200,42
human_120_3335_1_12_200_193.csv,120,3335,1,12,200,193,200,42
human_120_3336_1_12_200_196.csv,120,3336,1,12,200,196,200,42
human_120_3337_1_12_200_193.csv,120,3337,1,12,200,193,200,42
human_120_3338_1_12_200_190.csv,120,3338,1,12,200,190,200,42
human_120_3339_1_12_200_190.csv,120,3339,1,12,200,190,200,42
human_120_333_1_2_200_196.csv,120,333,1,2,200,196,200,42
human_120_3340_1_12_200_206.csv,120,3340,1,12,200,206,200,42
human_120_3341_1_12_200_197.csv,120,3341,1,12,200,197,200,42
human_120_3342_1_12_200_195.csv,120,3342,1,12,200,195,200,42
human_120_3343_1_12_200_181.csv,120,3343,1,12,200,181,200,42
human_120_3344_1_12_200_198.csv,120,3344,1,12,200,198,200,42
human_120_3345_1_12_200_200.csv,120,3345,1,12,200,200,200,42
human_120_3346_1_12_200_190.csv,120,3346,1,12,200,190,200,42
human_120_3347_1_12_200_205.csv,120,3347,1,12,200,205,200,42
human_120_3348_1_12_200_187.csv,120,3348,1,12,200,187,200,42
human_120_3349_1_12_200_198.csv,120,3349,1,12,200,198,200,42
human_120_334_1_2_200_206.csv,120,334,1,2,200,206,200,42
human_120_3350_1_12_200_177.csv,120,3350,1,12,200,177,200,42
human_120_3351_2_12_200_203.csv,120,3351,2,12,200,203,200,42
human_120_3352_2_12_200_174.csv,120,3352,2,12,200,174,200,42
human_120_3353_2_12_200_193.csv,120,3353,2,12,200,193,200,42
human_120_3354_2_12_200_174.csv,120,3354,2,12,200,174,200,42
human_120_3355_2_12_200_181.csv,120,3355,2,12,200,181,200,42
human_120_3356_2_12_200_200.csv,120,3356,2,12,200,200,200,42
human_120_3357_2_12_200_182.csv,120,3357,2,12,200,182,200,42
human_120_3358_2_12_200_184.csv,120,3358,2,12,200,184,200,42
human_120_3359_2_12_200_190.csv,120,3359,2,12,200,190,200,42
human_120_335_1_2_200_165.csv,120,335,1,2,200,165,200,42
human_120_3360_2_12_200_200.csv,120,3360,2,12,200,200,200,42
human_120_3361_2_12_200_173.csv,120,3361,2,12,200,173,200,42
human_120_3362_2_12_200_200.csv,120,3362,2,12,200,200,200,42
human_120_3363_2_12_200_195.csv,120,3363,2,12,200,195,200,42
human_120_3364_2_12_200_184.csv,120,3364,2,12,200,184,200,42
human_120_3365_2_12_200_185.csv,120,3365,2,12,200,185,200,42
human_120_3366_2_12_200_190.csv,120,3366,2,12,200,190,200,42
human_120_3367_2_12_200_200.csv,120,3367,2,12,200,200,200,42
human_120_3368_2_12_200_186.csv,120,3368,2,12,200,186,200,42
human_120_3369_2_12_200_210.csv,120,3369,2,12,200,210,200,42
human_120_336_1_2_200_203.csv,120,336,1,2,200,203,200,42
human_120_3370_2_12_200_193.csv,120,3370,2,12,200,193,200,42
human_120_3371_2_12_200_200.csv,120,3371,2,12,200,200,200,42
human_120_3372_2_12_200_190.csv,120,3372,2,12,200,190,200,42
human_120_3373_2_12_200_200.csv,120,3373,2,12,200,200,200,42
human_120_3374_2_12_200_208.csv,120,3374,2,12,200,208,200,42
human_120_3375_2_12_200_162.csv,120,3375,2,12,200,162,200,42
human_120_3376_2_12_200_222.csv,120,3376,2,12,200,222,200,42
human_120_3377_2_12_200_164.csv,120,3377,2,12,200,164,200,42
human_120_3378_2_12_200_219.csv,120,3378,2,12,200,219,200,42
human_120_3379_2_12_200_157.csv,120,3379,2,12,200,157,200,42
human_120_337_1_2_200_196.csv,120,337,1,2,200,196,200,42
human_120_3380_2_12_200_220.csv,120,3380,2,12,200,220,200,42
human_120_3381_2_12_200_191.csv,120,3381,2,12,200,191,200,42
human_120_3382_2_12_200_195.csv,120,3382,2,12,200,195,200,42
human_120_3383_2_12_200_196.csv,120,3383,2,12,200,196,200,42
human_120_3384_2_12_200_175.csv,120,3384,2,12,200,175,200,42
human_120_3385_2_12_200_182.csv,120,3385,2,12,200,182,200,42
human_120_3386_2_12_200_214.csv,120,3386,2,12,200,214,200,42
human_120_3387_2_12_200_200.csv,120,3387,2,12,200,200,200,42
human_120_3388_2_12_200_195.csv,120,3388,2,12,200,195,200,42
human_120_3389_2_12_200_189.csv,120,3389,2,12,200,189,200,42
human_120_338_1_2_200_200.csv,120,338,1,2,200,200,200,42
human_120_3390_2_12_200_200.csv,120,3390,2,12,200,200,200,42
human_120_3391_2_12_200_212.csv,120,3391,2,12,200,212,200,42
human_120_3392_2_12_200_175.csv,120,3392,2,12,200,175,200,42
human_120_3393_2_12_200_187.csv,120,3393,2,12,200,187,200,42
human_120_3394_2_12_200_180.csv,120,3394,2,12,200,180,200,42
human_120_3395_2_12_200_192.csv,120,3395,2,12,200,192,200,42
human_120_3396_2_12_200_160.csv,120,3396,2,12,200,160,200,42
human_120_3397_2_12_200_221.csv,120,3397,2,12,200,221,200,42
human_120_3398_2_12_200_180.csv,120,3398,2,12,200,180,200,42
human_120_3399_2_12_200_191.csv,120,3399,2,12,200,191,200,42
human_120_339_1_2_200_201.csv,120,339,1,2,200,201,200,42
human_120_33_1_1_200_165.csv,120,33,1,1,200,165,200,42
human_120_3400_2_12_200_191.csv,120,3400,2,12,200,191,200,42
human_120_3401_3_12_200_183.csv,120,3401,3,12,200,183,200,42
human_120_3402_3_12_200_194.csv,120,3402,3,12,200,194,200,42
human_120_3403_3_12_200_200.csv,120,3403,3,12,200,200,200,42
human_120_3404_3_12_200_195.csv,120,3404,3,12,200,195,200,42
human_120_3405_3_12_200_214.csv,120,3405,3,12,200,214,200,42
human_120_3406_3_12_200_203.csv,120,3406,3,12,200,203,200,42
human_120_3407_3_12_200_211.csv,120,3407,3,12,200,211,200,42
human_120_3408_3_12_200_213.csv,120,3408,3,12,200,213,200,42
human_120_3409_3_12_200_202.csv,120,3409,3,12,200,202,200,42
human_120_340_1_2_200_202.csv,120,340,1,2,200,202,200,42
human_120_3410_3_12_200_196.csv,120,3410,3,12,200,196,200,42
human_120_3411_3_12_200_202.csv,120,3411,3,12,200,202,200,42
human_120_3412_3_12_200_197.csv,120,3412,3,12,200,197,200,42
human_120_3413_3_12_200_200.csv,120,3413,3,12,200,200,200,42
human_120_3414_3_12_200_211.csv,120,3414,3,12,200,211,200,42
human_120_3415_3_12_200_209.csv,120,3415,3,12,200,209,200,42
human_120_3416_3_12_200_211.csv,120,3416,3,12,200,211,200,42
human_120_3417_3_12_200_193.csv,120,3417,3,12,200,193,200,42
human_120_3418_3_12_200_203.csv,120,3418,3,12,200,203,200,42
human_120_3419_3_12_200_198.csv,120,3419,3,12,200,198,200,42
human_120_341_1_2_200_186.csv,120,341,1,2,200,186,200,42
human_120_3420_3_12_200_197.csv,120,3420,3,12,200,197,200,42
human_120_3421_3_12_200_204.csv,120,3421,3,12,200,204,200,42
human_120_3422_3_12_200_188.csv,120,3422,3,12,200,188,200,42
human_120_3423_3_12_200_209.csv,120,3423,3,12,200,209,200,42
human_120_3424_3_12_200_191.csv,120,3424,3,12,200,191,200,42
human_120_3425_3_12_200_200.csv,120,3425,3,12,200,200,200,42
human_120_3426_3_12_200_217.csv,120,3426,3,12,200,217,200,42
human_120_3427_3_12_200_200.csv,120,3427,3,12,200,200,200,42
human_120_3428_3_12_200_193.csv,120,3428,3,12,200,193,200,42
human_120_3429_3_12_200_213.csv,120,3429,3,12,200,213,200,42
human_120_342_1_2_200_203.csv,120,342,1,2,200,203,200,42
human_120_3430_3_12_200_198.csv,120,3430,3,12,200,198,200,42
human_120_3431_3_12_200_201.csv,120,3431,3,12,200,201,200,42
human_120_3432_3_12_200_200.csv,120,3432,3,12,200,200,200,42
human_120_3433_3_12_200_197.csv,120,3433,3,12,200,197,200,42
human_120_3434_3_12_200_196.csv,120,3434,3,12,200,196,200,42
human_120_3435_3_12_200_189.csv,120,3435,3,12,200,189,200,42
human_120_3436_3_12_200_192.csv,120,3436,3,12,200,192,200,42
human_120_3437_3_12_200_202.csv,120,3437,3,12,200,202,200,42
human_120_3438_3_12_200_201.csv,120,3438,3,12,200,201,200,42
human_120_3439_3_12_200_208.csv,120,3439,3,12,200,208,200,42
human_120_343_1_2_200_200.csv,120,343,1,2,200,200,200,42
human_120_3440_3_12_200_188.csv,120,3440,3,12,200,188,200,42
human_120_3441_3_12_200_206.csv,120,3441,3,12,200,206,200,42
human_120_3442_3_12_200_205.csv,120,3442,3,12,200,205,200,42
human_120_3443_3_12_200_194.csv,120,3443,3,12,200,194,200,42
human_120_3444_3_12_200_195.csv,120,3444,3,12,200,195,200,42
human_120_3445_3_12_200_203.csv,120,3445,3,12,200,203,200,42
human_120_3446_3_12_200_184.csv,120,3446,3,12,200,184,200,42
human_120_3447_3_12_200_199.csv,120,3447,3,12,200,199,200,42
human_120_3448_3_12_200_199.csv,120,3448,3,12,200,199,200,42
human_120_3449_3_12_200_202.csv,120,3449,3,12,200,202,200,42
human_120_344_1_2_200_200.csv,120,344,1,2,200,200,200,42
human_120_3450_3_12_200_212.csv,120,3450,3,12,200,212,200,42
human_120_3451_4_12_200_180.csv,120,3451,4,12,200,180,200,42
human_120_3452_4_12_200_160.csv,120,3452,4,12,200,160,200,42
human_120_3453_4_12_200_204.csv,120,3453,4,12,200,204,200,42
human_120_3454_4_12_200_189.csv,120,3454,4,12,200,189,200,42
human_120_3455_4_12_200_186.csv,120,3455,4,12,200,186,200,42
human_120_3456_4_12_200_208.csv,120,3456,4,12,200,208,200,42
human_120_3457_4_12_200_177.csv,120,3457,4,12,200,177,200,42
human_120_3458_4_12_200_195.csv,120,3458,4,12,200,195,200,42
human_120_3459_4_12_200_158.csv,120,3459,4,12,200,158,200,42
human_120_345_1_2_200_196.csv,120,345,1,2,200,196,200,42
human_120_3460_4_12_200_225.csv,120,3460,4,12,200,225,200,42
human_120_3461_4_12_200_178.csv,120,3461,4,12,200,178,200,42
human_120_3462_4_12_200_203.csv,120,3462,4,12,200,203,200,42
human_120_3463_4_12_200_180.csv,120,3463,4,12,200,180,200,42
human_120_3464_4_12_200_213.csv,120,3464,4,12,200,213,200,42
human_120_3465_4_12_200_180.csv,120,3465,4,12,200,180,200,42
human_120_3466_4_12_200_201.csv,120,3466,4,12,200,201,200,42
human_120_3467_4_12_200_176.csv,120,3467,4,12,200,176,200,42
human_120_3468_4_12_200_207.csv,120,3468,4,12,200,207,200,42
human_120_3469_4_12_200_196.csv,120,3469,4,12,200,196,200,42
human_120_346_1_2_200_191.csv,120,346,1,2,200,191,200,42
human_120_3470_4_12_200_187.csv,120,3470,4,12,200,187,200,42
human_120_3471_4_12_200_190.csv,120,3471,4,12,200,190,200,42
human_120_3472_4_12_200_180.csv,120,3472,4,12,200,180,200,42
human_120_3473_4_12_200_187.csv,120,3473,4,12,200,187,200,42
human_120_3474_4_12_200_190.csv,120,3474,4,12,200,190,200,42
human_120_3475_4_12_200_202.csv,120,3475,4,12,200,202,200,42
human_120_3476_4_12_200_186.csv,120,3476,4,12,200,186,200,42
human_120_3477_4_12_200_200.csv,120,3477,4,12,200,200,200,42
human_120_3478_4_12_200_207.csv,120,3478,4,12,200,207,200,42
human_120_3479_4_12_200_179.csv,120,3479,4,12,200,179,200,42
human_120_347_1_2_200_207.csv,120,347,1,2,200,207,200,42
human_120_3480_4_12_200_179.csv,120,3480,4,12,200,179,200,42
human_120_3481_4_12_200_185.csv,120,3481,4,12,200,185,200,42
human_120_3482_4_12_200_196.csv,120,3482,4,12,200,196,200,42
human_120_3483_4_12_200_165.csv,120,3483,4,12,200,165,200,42
human_120_3484_4_12_200_183.csv,120,3484,4,12,200,183,200,42
human_120_3485_4_12_200_187.csv,120,3485,4,12,200,187,200,42
human_120_3486_4_12_200_183.csv,120,3486,4,12,200,183,200,42
human_120_3487_4_12_200_197.csv,120,3487,4,12,200,197,200,42
human_120_3488_4_12_200_170.csv,120,3488,4,12,200,170,200,42
human_120_3489_4_12_200_154.csv,120,3489,4,12,200,154,200,42
human_120_348_1_2_200_198.csv,120,348,1,2,200,198,200,42
human_120_3490_4_12_200_168.csv,120,3490,4,12,200,168,200,42
human_120_3491_4_12_200_147.csv,120,3491,4,12,200,147,200,42
human_120_3492_4_12_200_179.csv,120,3492,4,12,200,179,200,42
human_120_3493_4_12_200_195.csv,120,3493,4,12,200,195,200,42
human_120_3494_4_12_200_181.csv,120,3494,4,12,200,181,200,42
human_120_3495_4_12_200_191.csv,120,3495,4,12,200,191,200,42
human_120_3496_4_12_200_205.csv,120,3496,4,12,200,205,200,42
human_120_3497_4_12_200_178.csv,120,3497,4,12,200,178,200,42
human_120_3498_4_12_200_170.csv,120,3498,4,12,200,170,200,42
human_120_3499_4_12_200_212.csv,120,3499,4,12,200,212,200,42
human_120_349_1_2_200_200.csv,120,349,1,2,200,200,200,42
human_120_34_1_1_200_184.csv,120,34,1,1,200,184,200,42
human_120_3500_4_12_200_151.csv,120,3500,4,12,200,151,200,42
human_120_3501_5_12_200_187.csv,120,3501,5,12,200,187,200,42
human_120_3502_5_12_200_180.csv,120,3502,5,12,200,180,200,42
human_120_3503_5_12_200_170.csv,120,3503,5,12,200,170,200,42
human_120_3504_5_12_200_190.csv,120,3504,5,12,200,190,200,42
human_120_3505_5_12_200_184.csv,120,3505,5,12,200,184,200,42
human_120_3506_5_12_200_184.csv,120,3506,5,12,200,184,200,42
human_120_3507_5_12_200_199.csv,120,3507,5,12,200,199,200,42
human_120_3508_5_12_200_186.csv,120,3508,5,12,200,186,200,42
human_120_3509_5_12_200_194.csv,120,3509,5,12,200,194,200,42
human_120_350_1_2_200_186.csv,120,350,1,2,200,186,200,42
human_120_3510_5_12_200_161.csv,120,3510,5,12,200,161,200,42
human_120_3511_5_12_200_178.csv,120,3511,5,12,200,178,200,42
human_120_3512_5_12_200_179.csv,120,3512,5,12,200,179,200,42
human_120_3513_5_12_200_153.csv,120,3513,5,12,200,153,200,42
human_120_3514_5_12_200_196.csv,120,3514,5,12,200,196,200,42
human_120_3515_5_12_200_188.csv,120,3515,5,12,200,188,200,42
human_120_3516_5_12_200_187.csv,120,3516,5,12,200,187,200,42
human_120_3517_5_12_200_196.csv,120,3517,5,12,200,196,200,42
human_120_3518_5_12_200_177.csv,120,3518,5,12,200,177,200,42
human_120_3519_5_12_200_172.csv,120,3519,5,12,200,172,200,42
human_120_351_2_2_200_140.csv,120,351,2,2,200,140,200,42
human_120_3520_5_12_200_200.csv,120,3520,5,12,200,200,200,42
human_120_3521_5_12_200_200.csv,120,3521,5,12,200,200,200,42
human_120_3522_5_12_200_189.csv,120,3522,5,12,200,189,200,42
human_120_3523_5_12_200_200.csv,120,3523,5,12,200,200,200,42
human_120_3524_5_12_200_197.csv,120,3524,5,12,200,197,200,42
human_120_3525_5_12_200_175.csv,120,3525,5,12,200,175,200,42
human_120_3526_5_12_200_200.csv,120,3526,5,12,200,200,200,42
human_120_3527_5_12_200_164.csv,120,3527,5,12,200,164,200,42
human_120_3528_5_12_200_200.csv,120,3528,5,12,200,200,200,42
human_120_3529_5_12_200_173.csv,120,3529,5,12,200,173,200,42
human_120_352_2_2_200_141.csv,120,352,2,2,200,141,200,42
human_120_3530_5_12_200_183.csv,120,3530,5,12,200,183,200,42
human_120_3531_5_12_200_200.csv,120,3531,5,12,200,200,200,42
human_120_3532_5_12_200_167.csv,120,3532,5,12,200,167,200,42
human_120_3533_5_12_200_200.csv,120,3533,5,12,200,200,200,42
human_120_3534_5_12_200_179.csv,120,3534,5,12,200,179,200,42
human_120_3535_5_12_200_200.csv,120,3535,5,12,200,200,200,42
human_120_3536_5_12_200_170.csv,120,3536,5,12,200,170,200,42
human_120_3537_5_12_200_187.csv,120,3537,5,12,200,187,200,42
human_120_3538_5_12_200_185.csv,120,3538,5,12,200,185,200,42
human_120_3539_5_12_200_188.csv,120,3539,5,12,200,188,200,42
human_120_353_2_2_200_139.csv,120,353,2,2,200,139,200,42
human_120_3540_5_12_200_177.csv,120,3540,5,12,200,177,200,42
human_120_3541_5_12_200_198.csv,120,3541,5,12,200,198,200,42
human_120_3542_5_12_200_163.csv,120,3542,5,12,200,163,200,42
human_120_3543_5_12_200_195.csv,120,3543,5,12,200,195,200,42
human_120_3544_5_12_200_189.csv,120,3544,5,12,200,189,200,42
human_120_3545_5_12_200_164.csv,120,3545,5,12,200,164,200,42
human_120_3546_5_12_200_164.csv,120,3546,5,12,200,164,200,42
human_120_3547_5_12_200_195.csv,120,3547,5,12,200,195,200,42
human_120_3548_5_12_200_180.csv,120,3548,5,12,200,180,200,42
human_120_3549_5_12_200_189.csv,120,3549,5,12,200,189,200,42
human_120_354_2_2_200_202.csv,120,354,2,2,200,202,200,42
human_120_3550_5_12_200_200.csv,120,3550,5,12,200,200,200,42
human_120_3551_6_12_200_156.csv,120,3551,6,12,200,156,200,42
human_120_3552_6_12_200_191.csv,120,3552,6,12,200,191,200,42
human_120_3553_6_12_200_208.csv,120,3553,6,12,200,208,200,42
human_120_3554_6_12_200_201.csv,120,3554,6,12,200,201,200,42
human_120_3555_6_12_200_197.csv,120,3555,6,12,200,197,200,42
human_120_3556_6_12_200_200.csv,120,3556,6,12,200,200,200,42
human_120_3557_6_12_200_194.csv,120,3557,6,12,200,194,200,42
human_120_3558_6_12_200_204.csv,120,3558,6,12,200,204,200,42
human_120_3559_6_12_200_208.csv,120,3559,6,12,200,208,200,42
human_120_355_2_2_200_182.csv,120,355,2,2,200,182,200,42
human_120_3560_6_12_200_205.csv,120,3560,6,12,200,205,200,42
human_120_3561_6_12_200_197.csv,120,3561,6,12,200,197,200,42
human_120_3562_6_12_200_197.csv,120,3562,6,12,200,197,200,42
human_120_3563_6_12_200_201.csv,120,3563,6,12,200,201,200,42
human_120_3564_6_12_200_193.csv,120,3564,6,12,200,193,200,42
human_120_3565_6_12_200_207.csv,120,3565,6,12,200,207,200,42
human_120_3566_6_12_200_193.csv,120,3566,6,12,200,193,200,42
human_120_3567_6_12_200_204.csv,120,3567,6,12,200,204,200,42
human_120_3568_6_12_200_204.csv,120,3568,6,12,200,204,200,42
human_120_3569_6_12_200_204.csv,120,3569,6,12,200,204,200,42
human_120_356_2_2_200_185.csv,120,356,2,2,200,185,200,42
human_120_3570_6_12_200_204.csv,120,3570,6,12,200,204,200,42
human_120_3571_6_12_200_196.csv,120,3571,6,12,200,196,200,42
human_120_3572_6_12_200_187.csv,120,3572,6,12,200,187,200,42
human_120_3573_6_12_200_192.csv,120,3573,6,12,200,192,200,42
human_120_3574_6_12_200_203.csv,120,3574,6,12,200,203,200,42
human_120_3575_6_12_200_197.csv,120,3575,6,12,200,197,200,42
human_120_3576_6_12_200_202.csv,120,3576,6,12,200,202,200,42
human_120_3577_6_12_200_200.csv,120,3577,6,12,200,200,200,42
human_120_3578_6_12_200_196.csv,120,3578,6,12,200,196,200,42
human_120_3579_6_12_200_203.csv,120,3579,6,12,200,203,200,42
human_120_357_2_2_200_175.csv,120,357,2,2,200,175,200,42
human_120_3580_6_12_200_209.csv,120,3580,6,12,200,209,200,42
human_120_3581_6_12_200_180.csv,120,3581,6,12,200,180,200,42
human_120_3582_6_12_200_214.csv,120,3582,6,12,200,214,200,42
human_120_3583_6_12_200_206.csv,120,3583,6,12,200,206,200,42
human_120_3584_6_12_200_208.csv,120,3584,6,12,200,208,200,42
human_120_3585_6_12_200_195.csv,120,3585,6,12,200,195,200,42
human_120_3586_6_12_200_203.csv,120,3586,6,12,200,203,200,42
human_120_3587_6_12_200_198.csv,120,3587,6,12,200,198,200,42
human_120_3588_6_12_200_194.csv,120,3588,6,12,200,194,200,42
human_120_3589_6_12_200_200.csv,120,3589,6,12,200,200,200,42
human_120_358_2_2_200_172.csv,120,358,2,2,200,172,200,42
human_120_3590_6_12_200_203.csv,120,3590,6,12,200,203,200,42
human_120_3591_6_12_200_202.csv,120,3591,6,12,200,202,200,42
human_120_3592_6_12_200_200.csv,120,3592,6,12,200,200,200,42
human_120_3593_6_12_200_188.csv,120,3593,6,12,200,188,200,42
human_120_3594_6_12_200_192.csv,120,3594,6,12,200,192,200,42
human_120_3595_6_12_200_200.csv,120,3595,6,12,200,200,200,42
human_120_3596_6_12_200_194.csv,120,3596,6,12,200,194,200,42
human_120_3597_6_12_200_190.csv,120,3597,6,12,200,190,200,42
human_120_3598_6_12_200_183.csv,120,3598,6,12,200,183,200,42
human_120_3599_6_12_200_212.csv,120,3599,6,12,200,212,200,42
human_120_359_2_2_200_167.csv,120,359,2,2,200,167,200,42
human_120_35_1_1_200_182.csv,120,35,1,1,200,182,200,42
human_120_3600_6_12_200_187.csv,120,3600,6,12,200,187,200,42
human_120_3601_1_13_200_201.csv,120,3601,1,13,200,201,200,42
human_120_3602_1_13_200_183.csv,120,3602,1,13,200,183,200,42
human_120_3603_1_13_200_194.csv,120,3603,1,13,200,194,200,42
human_120_3604_1_13_200_224.csv,120,3604,1,13,200,224,200,42
human_120_3605_1_13_200_196.csv,120,3605,1,13,200,196,200,42
human_120_3606_1_13_200_225.csv,120,3606,1,13,200,225,200,42
human_120_3607_1_13_200_212.csv,120,3607,1,13,200,212,200,42
human_120_3608_1_13_200_200.csv,120,3608,1,13,200,200,200,42
human_120_3609_1_13_200_198.csv,120,3609,1,13,200,198,200,42
human_120_360_2_2_200_175.csv,120,360,2,2,200,175,200,42
human_120_3610_1_13_200_206.csv,120,3610,1,13,200,206,200,42
human_120_3611_1_13_200_186.csv,120,3611,1,13,200,186,200,42
human_120_3612_1_13_200_197.csv,120,3612,1,13,200,197,200,42
human_120_3613_1_13_200_200.csv,120,3613,1,13,200,200,200,42
human_120_3614_1_13_200_202.csv,120,3614,1,13,200,202,200,42
human_120_3615_1_13_200_203.csv,120,3615,1,13,200,203,200,42
human_120_3616_1_13_200_193.csv,120,3616,1,13,200,193,200,42
human_120_3617_1_13_200_215.csv,120,3617,1,13,200,215,200,42
human_120_3618_1_13_200_212.csv,120,3618,1,13,200,212,200,42
human_120_3619_1_13_200_193.csv,120,3619,1,13,200,193,200,42
human_120_361_2_2_200_163.csv,120,361,2,2,200,163,200,42
human_120_3620_1_13_200_203.csv,120,3620,1,13,200,203,200,42
human_120_3621_1_13_200_198.csv,120,3621,1,13,200,198,200,42
human_120_3622_1_13_200_199.csv,120,3622,1,13,200,199,200,42
human_120_3623_1_13_200_201.csv,120,3623,1,13,200,201,200,42
human_120_3624_1_13_200_208.csv,120,3624,1,13,200,208,200,42
human_120_3625_1_13_200_187.csv,120,3625,1,13,200,187,200,42
human_120_3626_1_13_200_220.csv,120,3626,1,13,200,220,200,42
human_120_3627_1_13_200_200.csv,120,3627,1,13,200,200,200,42
human_120_3628_1_13_200_200.csv,120,3628,1,13,200,200,200,42
human_120_3629_1_13_200_214.csv,120,3629,1,13,200,214,200,42
human_120_362_2_2_200_181.csv,120,362,2,2,200,181,200,42
human_120_3630_1_13_200_200.csv,120,3630,1,13,200,200,200,42
human_120_3631_1_13_200_184.csv,120,3631,1,13,200,184,200,42
human_120_3632_1_13_200_216.csv,120,3632,1,13,200,216,200,42
human_120_3633_1_13_200_197.csv,120,3633,1,13,200,197,200,42
human_120_3634_1_13_200_200.csv,120,3634,1,13,200,200,200,42
human_120_3635_1_13_200_195.csv,120,3635,1,13,200,195,200,42
human_120_3636_1_13_200_175.csv,120,3636,1,13,200,175,200,42
human_120_3637_1_13_200_207.csv,120,3637,1,13,200,207,200,42
human_120_3638_1_13_200_217.csv,120,3638,1,13,200,217,200,42
human_120_3639_1_13_200_186.csv,120,3639,1,13,200,186,200,42
human_120_363_2_2_200_185.csv,120,363,2,2,200,185,200,42
human_120_3640_1_13_200_218.csv,120,3640,1,13,200,218,200,42
human_120_3641_1_13_200_204.csv,120,3641,1,13,200,204,200,42
human_120_3642_1_13_200_198.csv,120,3642,1,13,200,198,200,42
human_120_3643_1_13_200_198.csv,120,3643,1,13,200,198,200,42
human_120_3644_1_13_200_184.csv,120,3644,1,13,200,184,200,42
human_120_3645_1_13_200_223.csv,120,3645,1,13,200,223,200,42
human_120_3646_1_13_200_200.csv,120,3646,1,13,200,200,200,42
human_120_3647_1_13_200_182.csv,120,3647,1,13,200,182,200,42
human_120_3648_1_13_200_214.csv,120,3648,1,13,200,214,200,42
human_120_3649_1_13_200_197.csv,120,3649,1,13,200,197,200,42
human_120_364_2_2_200_171.csv,120,364,2,2,200,171,200,42
human_120_3650_1_13_200_184.csv,120,3650,1,13,200,184,200,42
human_120_3651_2_13_200_183.csv,120,3651,2,13,200,183,200,42
human_120_3652_2_13_200_200.csv,120,3652,2,13,200,200,200,42
human_120_3653_2_13_200_207.csv,120,3653,2,13,200,207,200,42
human_120_3654_2_13_200_206.csv,120,3654,2,13,200,206,200,42
human_120_3655_2_13_200_186.csv,120,3655,2,13,200,186,200,42
human_120_3656_2_13_200_227.csv,120,3656,2,13,200,227,200,42
human_120_3657_2_13_200_194.csv,120,3657,2,13,200,194,200,42
human_120_3658_2_13_200_206.csv,120,3658,2,13,200,206,200,42
human_120_3659_2_13_200_191.csv,120,3659,2,13,200,191,200,42
human_120_365_2_2_200_185.csv,120,365,2,2,200,185,200,42
human_120_3660_2_13_200_237.csv,120,3660,2,13,200,237,200,42
human_120_3661_2_13_200_200.csv,120,3661,2,13,200,200,200,42
human_120_3662_2_13_200_200.csv,120,3662,2,13,200,200,200,42
human_120_3663_2_13_200_185.csv,120,3663,2,13,200,185,200,42
human_120_3664_2_13_200_205.csv,120,3664,2,13,200,205,200,42
human_120_3665_2_13_200_231.csv,120,3665,2,13,200,231,200,42
human_120_3666_2_13_200_197.csv,120,3666,2,13,200,197,200,42
human_120_3667_2_13_200_214.csv,120,3667,2,13,200,214,200,42
human_120_3668_2_13_200_200.csv,120,3668,2,13,200,200,200,42
human_120_3669_2_13_200_205.csv,120,3669,2,13,200,205,200,42
human_120_366_2_2_200_170.csv,120,366,2,2,200,170,200,42
human_120_3670_2_13_200_205.csv,120,3670,2,13,200,205,200,42
human_120_3671_2_13_200_205.csv,120,3671,2,13,200,205,200,42
human_120_3672_2_13_200_175.csv,120,3672,2,13,200,175,200,42
human_120_3673_2_13_200_230.csv,120,3673,2,13,200,230,200,42
human_120_3674_2_13_200_211.csv,120,3674,2,13,200,211,200,42
human_120_3675_2_13_200_206.csv,120,3675,2,13,200,206,200,42
human_120_3676_2_13_200_166.csv,120,3676,2,13,200,166,200,42
human_120_3677_2_13_200_246.csv,120,3677,2,13,200,246,200,42
human_120_3678_2_13_200_178.csv,120,3678,2,13,200,178,200,42
human_120_3679_2_13_200_227.csv,120,3679,2,13,200,227,200,42
human_120_367_2_2_200_172.csv,120,367,2,2,200,172,200,42
human_120_3680_2_13_200_208.csv,120,3680,2,13,200,208,200,42
human_120_3681_2_13_200_205.csv,120,3681,2,13,200,205,200,42
human_120_3682_2_13_200_221.csv,120,3682,2,13,200,221,200,42
human_120_3683_2_13_200_205.csv,120,3683,2,13,200,205,200,42
human_120_3684_2_13_200_179.csv,120,3684,2,13,200,179,200,42
human_120_3685_2_13_200_234.csv,120,3685,2,13,200,234,200,42
human_120_3686_2_13_200_217.csv,120,3686,2,13,200,217,200,42
human_120_3687_2_13_200_207.csv,120,3687,2,13,200,207,200,42
human_120_3688_2_13_200_200.csv,120,3688,2,13,200,200,200,42
human_120_3689_2_13_200_204.csv,120,3689,2,13,200,204,200,42
human_120_368_2_2_200_160.csv,120,368,2,2,200,160,200,42
human_120_3690_2_13_200_209.csv,120,3690,2,13,200,209,200,42
human_120_3691_2_13_200_207.csv,120,3691,2,13,200,207,200,42
human_120_3692_2_13_200_206.csv,120,3692,2,13,200,206,200,42
human_120_3693_2_13_200_205.csv,120,3693,2,13,200,205,200,42
human_120_3694_2_13_200_234.csv,120,3694,2,13,200,234,200,42
human_120_3695_2_13_200_204.csv,120,3695,2,13,200,204,200,42
human_120_3696_2_13_200_172.csv,120,3696,2,13,200,172,200,42
human_120_3697_2_13_200_237.csv,120,3697,2,13,200,237,200,42
human_120_3698_2_13_200_199.csv,120,3698,2,13,200,199,200,42
human_120_3699_2_13_200_206.csv,120,3699,2,13,200,206,200,42
human_120_369_2_2_200_177.csv,120,369,2,2,200,177,200,42
human_120_36_1_1_200_190.csv,120,36,1,1,200,190,200,42
human_120_3700_2_13_200_183.csv,120,3700,2,13,200,183,200,42
human_120_3701_3_13_200_160.csv,120,3701,3,13,200,160,200,42
human_120_3702_3_13_200_182.csv,120,3702,3,13,200,182,200,42
human_120_3703_3_13_200_176.csv,120,3703,3,13,200,176,200,42
human_120_3704_3_13_200_157.csv,120,3704,3,13,200,157,200,42
human_120_3705_3_13_200_181.csv,120,3705,3,13,200,181,200,42
human_120_3706_3_13_200_190.csv,120,3706,3,13,200,190,200,42
human_120_3707_3_13_200_186.csv,120,3707,3,13,200,186,200,42
human_120_3708_3_13_200_192.csv,120,3708,3,13,200,192,200,42
human_120_3709_3_13_200_177.csv,120,3709,3,13,200,177,200,42
human_120_370_2_2_200_165.csv,120,370,2,2,200,165,200,42
human_120_3710_3_13_200_193.csv,120,3710,3,13,200,193,200,42
human_120_3711_3_13_200_187.csv,120,3711,3,13,200,187,200,42
human_120_3712_3_13_200_185.csv,120,3712,3,13,200,185,200,42
human_120_3713_3_13_200_205.csv,120,3713,3,13,200,205,200,42
human_120_3714_3_13_200_195.csv,120,3714,3,13,200,195,200,42
human_120_3715_3_13_200_180.csv,120,3715,3,13,200,180,200,42
human_120_3716_3_13_200_185.csv,120,3716,3,13,200,185,200,42
human_120_3717_3_13_200_170.csv,120,3717,3,13,200,170,200,42
human_120_3718_3_13_200_190.csv,120,3718,3,13,200,190,200,42
human_120_3719_3_13_200_161.csv,120,3719,3,13,200,161,200,42
human_120_371_2_2_200_174.csv,120,371,2,2,200,174,200,42
human_120_3720_3_13_200_193.csv,120,3720,3,13,200,193,200,42
human_120_3721_3_13_200_177.csv,120,3721,3,13,200,177,200,42
human_120_3722_3_13_200_162.csv,120,3722,3,13,200,162,200,42
human_120_3723_3_13_200_170.csv,120,3723,3,13,200,170,200,42
human_120_3724_3_13_200_179.csv,120,3724,3,13,200,179,200,42
human_120_3725_3_13_200_181.csv,120,3725,3,13,200,181,200,42
human_120_3726_3_13_200_218.csv,120,3726,3,13,200,218,200,42
human_120_3727_3_13_200_193.csv,120,3727,3,13,200,193,200,42
human_120_3728_3_13_200_173.csv,120,3728,3,13,200,173,200,42
human_120_3729_3_13_200_174.csv,120,3729,3,13,200,174,200,42
human_120_372_2_2_200_176.csv,120,372,2,2,200,176,200,42
human_120_3730_3_13_200_195.csv,120,3730,3,13,200,195,200,42
human_120_3731_3_13_200_198.csv,120,3731,3,13,200,198,200,42
human_120_3732_3_13_200_181.csv,120,3732,3,13,200,181,200,42
human_120_3733_3_13_200_190.csv,120,3733,3,13,200,190,200,42
human_120_3734_3_13_200_197.csv,120,3734,3,13,200,197,200,42
human_120_3735_3_13_200_197.csv,120,3735,3,13,200,197,200,42
human_120_3736_3_13_200_189.csv,120,3736,3,13,200,189,200,42
human_120_3737_3_13_200_171.csv,120,3737,3,13,200,171,200,42
human_120_3738_3_13_200_163.csv,120,3738,3,13,200,163,200,42
human_120_3739_3_13_200_175.csv,120,3739,3,13,200,175,200,42
human_120_373_2_2_200_169.csv,120,373,2,2,200,169,200,42
human_120_3740_3_13_200_168.csv,120,3740,3,13,200,168,200,42
human_120_3741_3_13_200_180.csv,120,3741,3,13,200,180,200,42
human_120_3742_3_13_200_192.csv,120,3742,3,13,200,192,200,42
human_120_3743_3_13_200_196.csv,120,3743,3,13,200,196,200,42
human_120_3744_3_13_200_184.csv,120,3744,3,13,200,184,200,42
human_120_3745_3_13_200_192.csv,120,3745,3,13,200,192,200,42
human_120_3746_3_13_200_196.csv,120,3746,3,13,200,196,200,42
human_120_3747_3_13_200_199.csv,120,3747,3,13,200,199,200,42
human_120_3748_3_13_200_206.csv,120,3748,3,13,200,206,200,42
human_120_3749_3_13_200_189.csv,120,3749,3,13,200,189,200,42
human_120_374_2_2_200_189.csv,120,374,2,2,200,189,200,42
human_120_3750_3_13_200_191.csv,120,3750,3,13,200,191,200,42
human_120_3751_4_13_200_167.csv,120,3751,4,13,200,167,200,42
human_120_3752_4_13_200_183.csv,120,3752,4,13,200,183,200,42
human_120_3753_4_13_200_186.csv,120,3753,4,13,200,186,200,42
human_120_3754_4_13_200_170.csv,120,3754,4,13,200,170,200,42
human_120_3755_4_13_200_163.csv,120,3755,4,13,200,163,200,42
human_120_3756_4_13_200_163.csv,120,3756,4,13,200,163,200,42
human_120_3757_4_13_200_200.csv,120,3757,4,13,200,200,200,42
human_120_3758_4_13_200_180.csv,120,3758,4,13,200,180,200,42
human_120_3759_4_13_200_182.csv,120,3759,4,13,200,182,200,42
human_120_375_2_2_200_170.csv,120,375,2,2,200,170,200,42
human_120_3760_4_13_200_193.csv,120,3760,4,13,200,193,200,42
human_120_3761_4_13_200_169.csv,120,3761,4,13,200,169,200,42
human_120_3762_4_13_200_212.csv,120,3762,4,13,200,212,200,42
human_120_3763_4_13_200_184.csv,120,3763,4,13,200,184,200,42
human_120_3764_4_13_200_195.csv,120,3764,4,13,200,195,200,42
human_120_3765_4_13_200_176.csv,120,3765,4,13,200,176,200,42
human_120_3766_4_13_200_182.csv,120,3766,4,13,200,182,200,42
human_120_3767_4_13_200_188.csv,120,3767,4,13,200,188,200,42
human_120_3768_4_13_200_198.csv,120,3768,4,13,200,198,200,42
human_120_3769_4_13_200_187.csv,120,3769,4,13,200,187,200,42
human_120_376_2_2_200_179.csv,120,376,2,2,200,179,200,42
human_120_3770_4_13_200_177.csv,120,3770,4,13,200,177,200,42
human_120_3771_4_13_200_182.csv,120,3771,4,13,200,182,200,42
human_120_3772_4_13_200_177.csv,120,3772,4,13,200,177,200,42
human_120_3773_4_13_200_205.csv,120,3773,4,13,200,205,200,42
human_120_3774_4_13_200_170.csv,120,3774,4,13,200,170,200,42
human_120_3775_4_13_200_163.csv,120,3775,4,13,200,163,200,42
human_120_3776_4_13_200_166.csv,120,3776,4,13,200,166,200,42
human_120_3777_4_13_200_154.csv,120,3777,4,13,200,154,200,42
human_120_3778_4_13_200_163.csv,120,3778,4,13,200,163,200,42
human_120_3779_4_13_200_177.csv,120,3779,4,13,200,177,200,42
human_120_377_2_2_200_168.csv,120,377,2,2,200,168,200,42
human_120_3780_4_13_200_171.csv,120,3780,4,13,200,171,200,42
human_120_3781_4_13_200_181.csv,120,3781,4,13,200,181,200,42
human_120_3782_4_13_200_185.csv,120,3782,4,13,200,185,200,42
human_120_3783_4_13_200_169.csv,120,3783,4,13,200,169,200,42
human_120_3784_4_13_200_205.csv,120,3784,4,13,200,205,200,42
human_120_3785_4_13_200_189.csv,120,3785,4,13,200,189,200,42
human_120_3786_4_13_200_178.csv,120,3786,4,13,200,178,200,42
human_120_3787_4_13_200_175.csv,120,3787,4,13,200,175,200,42
human_120_3788_4_13_200_178.csv,120,3788,4,13,200,178,200,42
human_120_3789_4_13_200_180.csv,120,3789,4,13,200,180,200,42
human_120_378_2_2_200_180.csv,120,378,2,2,200,180,200,42
human_120_3790_4_13_200_180.csv,120,3790,4,13,200,180,200,42
human_120_3791_4_13_200_191.csv,120,3791,4,13,200,191,200,42
human_120_3792_4_13_200_188.csv,120,3792,4,13,200,188,200,42
human_120_3793_4_13_200_180.csv,120,3793,4,13,200,180,200,42
human_120_3794_4_13_200_157.csv,120,3794,4,13,200,157,200,42
human_120_3795_4_13_200_188.csv,120,3795,4,13,200,188,200,42
human_120_3796_4_13_200_161.csv,120,3796,4,13,200,161,200,42
human_120_3797_4_13_200_193.csv,120,3797,4,13,200,193,200,42
human_120_3798_4_13_200_168.csv,120,3798,4,13,200,168,200,42
human_120_3799_4_13_200_172.csv,120,3799,4,13,200,172,200,42
human_120_379_2_2_200_162.csv,120,379,2,2,200,162,200,42
human_120_37_1_1_200_200.csv,120,37,1,1,200,200,200,42
human_120_3800_4_13_200_161.csv,120,3800,4,13,200,161,200,42
human_120_3801_5_13_200_200.csv,120,3801,5,13,200,200,200,42
human_120_3802_5_13_200_182.csv,120,3802,5,13,200,182,200,42
human_120_3803_5_13_200_200.csv,120,3803,5,13,200,200,200,42
human_120_3804_5_13_200_180.csv,120,3804,5,13,200,180,200,42
human_120_3805_5_13_200_200.csv,120,3805,5,13,200,200,200,42
human_120_3806_5_13_200_183.csv,120,3806,5,13,200,183,200,42
human_120_3807_5_13_200_187.csv,120,3807,5,13,200,187,200,42
human_120_3808_5_13_200_190.csv,120,3808,5,13,200,190,200,42
human_120_3809_5_13_200_200.csv,120,3809,5,13,200,200,200,42
human_120_380_2_2_200_178.csv,120,380,2,2,200,178,200,42
human_120_3810_5_13_200_200.csv,120,3810,5,13,200,200,200,42
human_120_3811_5_13_200_200.csv,120,3811,5,13,200,200,200,42
human_120_3812_5_13_200_200.csv,120,3812,5,13,200,200,200,42
human_120_3813_5_13_200_192.csv,120,3813,5,13,200,192,200,42
human_120_3814_5_13_200_188.csv,120,3814,5,13,200,188,200,42
human_120_3815_5_13_200_148.csv,120,3815,5,13,200,148,200,42
human_120_3816_5_13_200_233.csv,120,3816,5,13,200,233,200,42
human_120_3817_5_13_200_200.csv,120,3817,5,13,200,200,200,42
human_120_3818_5_13_200_200.csv,120,3818,5,13,200,200,200,42
human_120_3819_5_13_200_200.csv,120,3819,5,13,200,200,200,42
human_120_381_2_2_200_175.csv,120,381,2,2,200,175,200,42
human_120_3820_5_13_200_200.csv,120,3820,5,13,200,200,200,42
human_120_3821_5_13_200_200.csv,120,3821,5,13,200,200,200,42
human_120_3822_5_13_200_200.csv,120,3822,5,13,200,200,200,42
human_120_3823_5_13_200_170.csv,120,3823,5,13,200,170,200,42
human_120_3824_5_13_200_194.csv,120,3824,5,13,200,194,200,42
human_120_3825_5_13_200_190.csv,120,3825,5,13,200,190,200,42
human_120_3826_5_13_200_200.csv,120,3826,5,13,200,200,200,42
human_120_3827_5_13_200_200.csv,120,3827,5,13,200,200,200,42
human_120_3828_5_13_200_184.csv,120,3828,5,13,200,184,200,42
human_120_3829_5_13_200_200.csv,120,3829,5,13,200,200,200,42
human_120_382_2_2_200_170.csv,120,382,2,2,200,170,200,42
human_120_3830_5_13_200_200.csv,120,3830,5,13,200,200,200,42
human_120_3831_5_13_200_194.csv,120,3831,5,13,200,194,200,42
human_120_3832_5_13_200_200.csv,120,3832,5,13,200,200,200,42
human_120_3833_5_13_200_200.csv,120,3833,5,13,200,200,200,42
human_120_3834_5_13_200_200.csv,120,3834,5,13,200,200,200,42
human_120_3835_5_13_200_200.csv,120,3835,5,13,200,200,200,42
human_120_3836_5_13_200_200.csv,120,3836,5,13,200,200,200,42
human_120_3837_5_13_200_173.csv,120,3837,5,13,200,173,200,42
human_120_3838_5_13_200_223.csv,120,3838,5,13,200,223,200,42
human_120_3839_5_13_200_200.csv,120,3839,5,13,200,200,200,42
human_120_383_2_2_200_167.csv,120,383,2,2,200,167,200,42
human_120_3840_5_13_200_191.csv,120,3840,5,13,200,191,200,42
human_120_3841_5_13_200_200.csv,120,3841,5,13,200,200,200,42
human_120_3842_5_13_200_200.csv,120,3842,5,13,200,200,200,42
human_120_3843_5_13_200_200.csv,120,3843,5,13,200,200,200,42
human_120_3844_5_13_200_200.csv,120,3844,5,13,200,200,200,42
human_120_3845_5_13_200_200.csv,120,3845,5,13,200,200,200,42
human_120_3846_5_13_200_174.csv,120,3846,5,13,200,174,200,42
human_120_3847_5_13_200_203.csv,120,3847,5,13,200,203,200,42
human_120_3848_5_13_200_183.csv,120,3848,5,13,200,183,200,42
human_120_3849_5_13_200_200.csv,120,3849,5,13,200,200,200,42
human_120_384_2_2_200_168.csv,120,384,2,2,200,168,200,42
human_120_3850_5_13_200_200.csv,120,3850,5,13,200,200,200,42
human_120_3851_6_13_200_174.csv,120,3851,6,13,200,174,200,42
human_120_3852_6_13_200_163.csv,120,3852,6,13,200,163,200,42
human_120_3853_6_13_200_199.csv,120,3853,6,13,200,199,200,42
human_120_3854_6_13_200_190.csv,120,3854,6,13,200,190,200,42
human_120_3855_6_13_200_183.csv,120,3855,6,13,200,183,200,42
human_120_3856_6_13_200_164.csv,120,3856,6,13,200,164,200,42
human_120_3857_6_13_200_167.csv,120,3857,6,13,200,167,200,42
human_120_3858_6_13_200_199.csv,120,3858,6,13,200,199,200,42
human_120_3859_6_13_200_177.csv,120,3859,6,13,200,177,200,42
human_120_385_2_2_200_171.csv,120,385,2,2,200,171,200,42
human_120_3860_6_13_200_204.csv,120,3860,6,13,200,204,200,42
human_120_3861_6_13_200_184.csv,120,3861,6,13,200,184,200,42
human_120_3862_6_13_200_188.csv,120,3862,6,13,200,188,200,42
human_120_3863_6_13_200_172.csv,120,3863,6,13,200,172,200,42
human_120_3864_6_13_200_176.csv,120,3864,6,13,200,176,200,42
human_120_3865_6_13_200_174.csv,120,3865,6,13,200,174,200,42
human_120_3866_6_13_200_174.csv,120,3866,6,13,200,174,200,42
human_120_3867_6_13_200_179.csv,120,3867,6,13,200,179,200,42
human_120_3868_6_13_200_170.csv,120,3868,6,13,200,170,200,42
human_120_3869_6_13_200_185.csv,120,3869,6,13,200,185,200,42
human_120_386_2_2_200_182.csv,120,386,2,2,200,182,200,42
human_120_3870_6_13_200_188.csv,120,3870,6,13,200,188,200,42
human_120_3871_6_13_200_185.csv,120,3871,6,13,200,185,200,42
human_120_3872_6_13_200_190.csv,120,3872,6,13,200,190,200,42
human_120_3873_6_13_200_174.csv,120,3873,6,13,200,174,200,42
human_120_3874_6_13_200_155.csv,120,3874,6,13,200,155,200,42
human_120_3875_6_13_200_165.csv,120,3875,6,13,200,165,200,42
human_120_3876_6_13_200_164.csv,120,3876,6,13,200,164,200,42
human_120_3877_6_13_200_168.csv,120,3877,6,13,200,168,200,42
human_120_3878_6_13_200_174.csv,120,3878,6,13,200,174,200,42
human_120_3879_6_13_200_166.csv,120,3879,6,13,200,166,200,42
human_120_387_2_2_200_180.csv,120,387,2,2,200,180,200,42
human_120_3880_6_13_200_188.csv,120,3880,6,13,200,188,200,42
human_120_3881_6_13_200_182.csv,120,3881,6,13,200,182,200,42
human_120_3882_6_13_200_210.csv,120,3882,6,13,200,210,200,42
human_120_3883_6_13_200_191.csv,120,3883,6,13,200,191,200,42
human_120_3884_6_13_200_192.csv,120,3884,6,13,200,192,200,42
human_120_3885_6_13_200_168.csv,120,3885,6,13,200,168,200,42
human_120_3886_6_13_200_165.csv,120,3886,6,13,200,165,200,42
human_120_3887_6_13_200_187.csv,120,3887,6,13,200,187,200,42
human_120_3888_6_13_200_177.csv,120,3888,6,13,200,177,200,42
human_120_3889_6_13_200_174.csv,120,3889,6,13,200,174,200,42
human_120_388_2_2_200_167.csv,120,388,2,2,200,167,200,42
human_120_3890_6_13_200_200.csv,120,3890,6,13,200,200,200,42
human_120_3891_6_13_200_162.csv,120,3891,6,13,200,162,200,42
human_120_3892_6_13_200_160.csv,120,3892,6,13,200,160,200,42
human_120_3893_6_13_200_177.csv,120,3893,6,13,200,177,200,42
human_120_3894_6_13_200_212.csv,120,3894,6,13,200,212,200,42
human_120_3895_6_13_200_193.csv,120,3895,6,13,200,193,200,42
human_120_3896_6_13_200_160.csv,120,3896,6,13,200,160,200,42
human_120_3897_6_13_200_146.csv,120,3897,6,13,200,146,200,42
human_120_3898_6_13_200_146.csv,120,3898,6,13,200,146,200,42
human_120_3899_6_13_200_193.csv,120,3899,6,13,200,193,200,42
human_120_389_2_2_200_177.csv,120,389,2,2,200,177,200,42
human_120_38_1_1_200_161.csv,120,38,1,1,200,161,200,42
human_120_3900_6_13_200_160.csv,120,3900,6,13,200,160,200,42
human_120_3901_1_14_200_166.csv,120,3901,1,14,200,166,200,42
human_120_3902_1_14_200_176.csv,120,3902,1,14,200,176,200,42
human_120_3903_1_14_200_192.csv,120,3903,1,14,200,192,200,42
human_120_3904_1_14_200_196.csv,120,3904,1,14,200,196,200,42
human_120_3905_1_14_200_198.csv,120,3905,1,14,200,198,200,42
human_120_3906_1_14_200_190.csv,120,3906,1,14,200,190,200,42
human_120_3907_1_14_200_200.csv,120,3907,1,14,200,200,200,42
human_120_3908_1_14_200_200.csv,120,3908,1,14,200,200,200,42
human_120_3909_1_14_200_153.csv,120,3909,1,14,200,153,200,42
human_120_390_2_2_200_169.csv,120,390,2,2,200,169,200,42
human_120_3910_1_14_200_213.csv,120,3910,1,14,200,213,200,42
human_120_3911_1_14_200_161.csv,120,3911,1,14,200,161,200,42
human_120_3912_1_14_200_191.csv,120,3912,1,14,200,191,200,42
human_120_3913_1_14_200_226.csv,120,3913,1,14,200,226,200,42
human_120_3914_1_14_200_197.csv,120,3914,1,14,200,197,200,42
human_120_3915_1_14_200_192.csv,120,3915,1,14,200,192,200,42
human_120_3916_1_14_200_185.csv,120,3916,1,14,200,185,200,42
human_120_3917_1_14_200_196.csv,120,3917,1,14,200,196,200,42
human_120_3918_1_14_200_190.csv,120,3918,1,14,200,190,200,42
human_120_3919_1_14_200_172.csv,120,3919,1,14,200,172,200,42
human_120_391_2_2_200_168.csv,120,391,2,2,200,168,200,42
human_120_3920_1_14_200_198.csv,120,3920,1,14,200,198,200,42
human_120_3921_1_14_200_176.csv,120,3921,1,14,200,176,200,42
human_120_3922_1_14_200_226.csv,120,3922,1,14,200,226,200,42
human_120_3923_1_14_200_187.csv,120,3923,1,14,200,187,200,42
human_120_3924_1_14_200_215.csv,120,3924,1,14,200,215,200,42
human_120_3925_1_14_200_213.csv,120,3925,1,14,200,213,200,42
human_120_3926_1_14_200_183.csv,120,3926,1,14,200,183,200,42
human_120_3927_1_14_200_178.csv,120,3927,1,14,200,178,200,42
human_120_3928_1_14_200_200.csv,120,3928,1,14,200,200,200,42
human_120_3929_1_14_200_164.csv,120,3929,1,14,200,164,200,42
human_120_392_2_2_200_185.csv,120,392,2,2,200,185,200,42
human_120_3930_1_14_200_206.csv,120,3930,1,14,200,206,200,42
human_120_3931_1_14_200_187.csv,120,3931,1,14,200,187,200,42
human_120_3932_1_14_200_193.csv,120,3932,1,14,200,193,200,42
human_120_3933_1_14_200_172.csv,120,3933,1,14,200,172,200,42
human_120_3934_1_14_200_181.csv,120,3934,1,14,200,181,200,42
human_120_3935_1_14_200_200.csv,120,3935,1,14,200,200,200,42
human_120_3936_1_14_200_193.csv,120,3936,1,14,200,193,200,42
human_120_3937_1_14_200_200.csv,120,3937,1,14,200,200,200,42
human_120_3938_1_14_200_175.csv,120,3938,1,14,200,175,200,42
human_120_3939_1_14_200_172.csv,120,3939,1,14,200,172,200,42
human_120_393_2_2_200_177.csv,120,393,2,2,200,177,200,42
human_120_3940_1_14_200_207.csv,120,3940,1,14,200,207,200,42
human_120_3941_1_14_200_160.csv,120,3941,1,14,200,160,200,42
human_120_3942_1_14_200_159.csv,120,3942,1,14,200,159,200,42
human_120_3943_1_14_200_184.csv,120,3943,1,14,200,184,200,42
human_120_3944_1_14_200_161.csv,120,3944,1,14,200,161,200,42
human_120_3945_1_14_200_205.csv,120,3945,1,14,200,205,200,42
human_120_3946_1_14_200_200.csv,120,3946,1,14,200,200,200,42
human_120_3947_1_14_200_206.csv,120,3947,1,14,200,206,200,42
human_120_3948_1_14_200_186.csv,120,3948,1,14,200,186,200,42
human_120_3949_1_14_200_165.csv,120,3949,1,14,200,165,200,42
human_120_394_2_2_200_165.csv,120,394,2,2,200,165,200,42
human_120_3950_1_14_200_162.csv,120,3950,1,14,200,162,200,42
human_120_3951_2_14_200_168.csv,120,3951,2,14,200,168,200,42
human_120_3952_2_14_200_208.csv,120,3952,2,14,200,208,200,42
human_120_3953_2_14_200_183.csv,120,3953,2,14,200,183,200,42
human_120_3954_2_14_200_178.csv,120,3954,2,14,200,178,200,42
human_120_3955_2_14_200_214.csv,120,3955,2,14,200,214,200,42
human_120_3956_2_14_200_193.csv,120,3956,2,14,200,193,200,42
human_120_3957_2_14_200_189.csv,120,3957,2,14,200,189,200,42
human_120_3958_2_14_200_196.csv,120,3958,2,14,200,196,200,42
human_120_3959_2_14_200_189.csv,120,3959,2,14,200,189,200,42
human_120_395_2_2_200_162.csv,120,395,2,2,200,162,200,42
human_120_3960_2_14_200_180.csv,120,3960,2,14,200,180,200,42
human_120_3961_2_14_200_200.csv,120,3961,2,14,200,200,200,42
human_120_3962_2_14_200_202.csv,120,3962,2,14,200,202,200,42
human_120_3963_2_14_200_194.csv,120,3963,2,14,200,194,200,42
human_120_3964_2_14_200_210.csv,120,3964,2,14,200,210,200,42
human_120_3965_2_14_200_191.csv,120,3965,2,14,200,191,200,42
human_120_3966_2_14_200_195.csv,120,3966,2,14,200,195,200,42
human_120_3967_2_14_200_197.csv,120,3967,2,14,200,197,200,42
human_120_3968_2_14_200_181.csv,120,3968,2,14,200,181,200,42
human_120_3969_2_14_200_197.csv,120,3969,2,14,200,197,200,42
human_120_396_2_2_200_162.csv,120,396,2,2,200,162,200,42
human_120_3970_2_14_200_192.csv,120,3970,2,14,200,192,200,42
human_120_3971_2_14_200_173.csv,120,3971,2,14,200,173,200,42
human_120_3972_2_14_200_221.csv,120,3972,2,14,200,221,200,42
human_120_3973_2_14_200_196.csv,120,3973,2,14,200,196,200,42
human_120_3974_2_14_200_189.csv,120,3974,2,14,200,189,200,42
human_120_3975_2_14_200_204.csv,120,3975,2,14,200,204,200,42
human_120_3976_2_14_200_200.csv,120,3976,2,14,200,200,200,42
human_120_3977_2_14_200_200.csv,120,3977,2,14,200,200,200,42
human_120_3978_2_14_200_182.csv,120,3978,2,14,200,182,200,42
human_120_3979_2_14_200_204.csv,120,3979,2,14,200,204,200,42
human_120_397_2_2_200_162.csv,120,397,2,2,200,162,200,42
human_120_3980_2_14_200_193.csv,120,3980,2,14,200,193,200,42
human_120_3981_2_14_200_191.csv,120,3981,2,14,200,191,200,42
human_120_3982_2_14_200_198.csv,120,3982,2,14,200,198,200,42
human_120_3983_2_14_200_183.csv,120,3983,2,14,200,183,200,42
human_120_3984_2_14_200_210.csv,120,3984,2,14,200,210,200,42
human_120_3985_2_14_200_187.csv,120,3985,2,14,200,187,200,42
human_120_3986_2_14_200_213.csv,120,3986,2,14,200,213,200,42
human_120_3987_2_14_200_200.csv,120,3987,2,14,200,200,200,42
human_120_3988_2_14_200_194.csv,120,3988,2,14,200,194,200,42
human_120_3989_2_14_200_195.csv,120,3989,2,14,200,195,200,42
human_120_398_2_2_200_160.csv,120,398,2,2,200,160,200,42
human_120_3990_2_14_200_200.csv,120,3990,2,14,200,200,200,42
human_120_3991_2_14_200_200.csv,120,3991,2,14,200,200,200,42
human_120_3992_2_14_200_194.csv,120,3992,2,14,200,194,200,42
human_120_3993_2_14_200_194.csv,120,3993,2,14,200,194,200,42
human_120_3994_2_14_200_194.csv,120,3994,2,14,200,194,200,42
human_120_3995_2_14_200_200.csv,120,3995,2,14,200,200,200,42
human_120_3996_2_14_200_195.csv,120,3996,2,14,200,195,200,42
human_120_3997_2_14_200_205.csv,120,3997,2,14,200,205,200,42
human_120_3998_2_14_200_192.csv,120,3998,2,14,200,192,200,42
human_120_3999_2_14_200_192.csv,120,3999,2,14,200,192,200,42
human_120_399_2_2_200_186.csv,120,399,2,2,200,186,200,42
human_120_39_1_1_200_166.csv,120,39,1,1,200,166,200,42
human_120_3_1_1_200_202.csv,120,3,1,1,200,202,200,42
human_120_4000_2_14_200_197.csv,120,4000,2,14,200,197,200,42
human_120_4001_3_14_200_188.csv,120,4001,3,14,200,188,200,42
human_120_4002_3_14_200_194.csv,120,4002,3,14,200,194,200,42
human_120_4003_3_14_200_205.csv,120,4003,3,14,200,205,200,42
human_120_4004_3_14_200_178.csv,120,4004,3,14,200,178,200,42
human_120_4005_3_14_200_176.csv,120,4005,3,14,200,176,200,42
human_120_4006_3_14_200_178.csv,120,4006,3,14,200,178,200,42
human_120_4007_3_14_200_192.csv,120,4007,3,14,200,192,200,42
human_120_4008_3_14_200_199.csv,120,4008,3,14,200,199,200,42
human_120_4009_3_14_200_184.csv,120,4009,3,14,200,184,200,42
human_120_400_2_2_200_160.csv,120,400,2,2,200,160,200,42
human_120_4010_3_14_200_202.csv,120,4010,3,14,200,202,200,42
human_120_4011_3_14_200_183.csv,120,4011,3,14,200,183,200,42
human_120_4012_3_14_200_177.csv,120,4012,3,14,200,177,200,42
human_120_4013_3_14_200_214.csv,120,4013,3,14,200,214,200,42
human_120_4014_3_14_200_179.csv,120,4014,3,14,200,179,200,42
human_120_4015_3_14_200_186.csv,120,4015,3,14,200,186,200,42
human_120_4016_3_14_200_190.csv,120,4016,3,14,200,190,200,42
human_120_4017_3_14_200_195.csv,120,4017,3,14,200,195,200,42
human_120_4018_3_14_200_185.csv,120,4018,3,14,200,185,200,42
human_120_4019_3_14_200_197.csv,120,4019,3,14,200,197,200,42
human_120_401_3_2_200_161.csv,120,401,3,2,200,161,200,42
human_120_4020_3_14_200_186.csv,120,4020,3,14,200,186,200,42
human_120_4021_3_14_200_182.csv,120,4021,3,14,200,182,200,42
human_120_4022_3_14_200_189.csv,120,4022,3,14,200,189,200,42
human_120_4023_3_14_200_188.csv,120,4023,3,14,200,188,200,42
human_120_4024_3_14_200_203.csv,120,4024,3,14,200,203,200,42
human_120_4025_3_14_200_195.csv,120,4025,3,14,200,195,200,42
human_120_4026_3_14_200_174.csv,120,4026,3,14,200,174,200,42
human_120_4027_3_14_200_198.csv,120,4027,3,14,200,198,200,42
human_120_4028_3_14_200_184.csv,120,4028,3,14,200,184,200,42
human_120_4029_3_14_200_195.csv,120,4029,3,14,200,195,200,42
human_120_402_3_2_200_200.csv,120,402,3,2,200,200,200,42
human_120_4030_3_14_200_201.csv,120,4030,3,14,200,201,200,42
human_120_4031_3_14_200_191.csv,120,4031,3,14,200,191,200,42
human_120_4032_3_14_200_173.csv,120,4032,3,14,200,173,200,42
human_120_4033_3_14_200_201.csv,120,4033,3,14,200,201,200,42
human_120_4034_3_14_200_198.csv,120,4034,3,14,200,198,200,42
human_120_4035_3_14_200_188.csv,120,4035,3,14,200,188,200,42
human_120_4036_3_14_200_191.csv,120,4036,3,14,200,191,200,42
human_120_4037_3_14_200_178.csv,120,4037,3,14,200,178,200,42
human_120_4038_3_14_200_203.csv,120,4038,3,14,200,203,200,42
human_120_4039_3_14_200_192.csv,120,4039,3,14,200,192,200,42
human_120_403_3_2_200_219.csv,120,403,3,2,200,219,200,42
human_120_4040_3_14_200_194.csv,120,4040,3,14,200,194,200,42
human_120_4041_3_14_200_184.csv,120,4041,3,14,200,184,200,42
human_120_4042_3_14_200_203.csv,120,4042,3,14,200,203,200,42
human_120_4043_3_14_200_198.csv,120,4043,3,14,200,198,200,42
human_120_4044_3_14_200_185.csv,120,4044,3,14,200,185,200,42
human_120_4045_3_14_200_197.csv,120,4045,3,14,200,197,200,42
human_120_4046_3_14_200_178.csv,120,4046,3,14,200,178,200,42
human_120_4047_3_14_200_185.csv,120,4047,3,14,200,185,200,42
human_120_4048_3_14_200_191.csv,120,4048,3,14,200,191,200,42
human_120_4049_3_14_200_196.csv,120,4049,3,14,200,196,200,42
human_120_404_3_2_200_213.csv,120,404,3,2,200,213,200,42
human_120_4050_3_14_200_206.csv,120,4050,3,14,200,206,200,42
human_120_4051_4_14_200_170.csv,120,4051,4,14,200,170,200,42
human_120_4052_4_14_200_177.csv,120,4052,4,14,200,177,200,42
human_120_4053_4_14_200_153.csv,120,4053,4,14,200,153,200,42
human_120_4054_4_14_200_171.csv,120,4054,4,14,200,171,200,42
human_120_4055_4_14_200_171.csv,120,4055,4,14,200,171,200,42
human_120_4056_4_14_200_149.csv,120,4056,4,14,200,149,200,42
human_120_4057_4_14_200_167.csv,120,4057,4,14,200,167,200,42
human_120_4058_4_14_200_155.csv,120,4058,4,14,200,155,200,42
human_120_4059_4_14_200_158.csv,120,4059,4,14,200,158,200,42
human_120_405_3_2_200_199.csv,120,405,3,2,200,199,200,42
human_120_4060_4_14_200_159.csv,120,4060,4,14,200,159,200,42
human_120_4061_4_14_200_150.csv,120,4061,4,14,200,150,200,42
human_120_4062_4_14_200_164.csv,120,4062,4,14,200,164,200,42
human_120_4063_4_14_200_169.csv,120,4063,4,14,200,169,200,42
human_120_4064_4_14_200_176.csv,120,4064,4,14,200,176,200,42
human_120_4065_4_14_200_177.csv,120,4065,4,14,200,177,200,42
human_120_4066_4_14_200_151.csv,120,4066,4,14,200,151,200,42
human_120_4067_4_14_200_148.csv,120,4067,4,14,200,148,200,42
human_120_4068_4_14_200_168.csv,120,4068,4,14,200,168,200,42
human_120_4069_4_14_200_142.csv,120,4069,4,14,200,142,200,42
human_120_406_3_2_200_196.csv,120,406,3,2,200,196,200,42
human_120_4070_4_14_200_163.csv,120,4070,4,14,200,163,200,42
human_120_4071_4_14_200_169.csv,120,4071,4,14,200,169,200,42
human_120_4072_4_14_200_187.csv,120,4072,4,14,200,187,200,42
human_120_4073_4_14_200_165.csv,120,4073,4,14,200,165,200,42
human_120_4074_4_14_200_158.csv,120,4074,4,14,200,158,200,42
human_120_4075_4_14_200_173.csv,120,4075,4,14,200,173,200,42
human_120_4076_4_14_200_171.csv,120,4076,4,14,200,171,200,42
human_120_4077_4_14_200_152.csv,120,4077,4,14,200,152,200,42
human_120_4078_4_14_200_159.csv,120,4078,4,14,200,159,200,42
human_120_4079_4_14_200_180.csv,120,4079,4,14,200,180,200,42
human_120_407_3_2_200_200.csv,120,407,3,2,200,200,200,42
human_120_4080_4_14_200_168.csv,120,4080,4,14,200,168,200,42
human_120_4081_4_14_200_152.csv,120,4081,4,14,200,152,200,42
human_120_4082_4_14_200_184.csv,120,4082,4,14,200,184,200,42
human_120_4083_4_14_200_138.csv,120,4083,4,14,200,138,200,42
human_120_4084_4_14_200_184.csv,120,4084,4,14,200,184,200,42
human_120_4085_4_14_200_195.csv,120,4085,4,14,200,195,200,42
human_120_4086_4_14_200_164.csv,120,4086,4,14,200,164,200,42
human_120_4087_4_14_200_185.csv,120,4087,4,14,200,185,200,42
human_120_4088_4_14_200_161.csv,120,4088,4,14,200,161,200,42
human_120_4089_4_14_200_150.csv,120,4089,4,14,200,150,200,42
human_120_408_3_2_200_200.csv,120,408,3,2,200,200,200,42
human_120_4090_4_14_200_163.csv,120,4090,4,14,200,163,200,42
human_120_4091_4_14_200_157.csv,120,4091,4,14,200,157,200,42
human_120_4092_4_14_200_154.csv,120,4092,4,14,200,154,200,42
human_120_4093_4_14_200_176.csv,120,4093,4,14,200,176,200,42
human_120_4094_4_14_200_163.csv,120,4094,4,14,200,163,200,42
human_120_4095_4_14_200_147.csv,120,4095,4,14,200,147,200,42
human_120_4096_4_14_200_148.csv,120,4096,4,14,200,148,200,42
human_120_4097_4_14_200_146.csv,120,4097,4,14,200,146,200,42
human_120_4098_4_14_200_144.csv,120,4098,4,14,200,144,200,42
human_120_4099_4_14_200_189.csv,120,4099,4,14,200,189,200,42
human_120_409_3_2_200_216.csv,120,409,3,2,200,216,200,42
human_120_40_1_1_200_213.csv,120,40,1,1,200,213,200,42
human_120_4100_4_14_200_149.csv,120,4100,4,14,200,149,200,42
human_120_4101_5_14_200_193.csv,120,4101,5,14,200,193,200,42
human_120_4102_5_14_200_200.csv,120,4102,5,14,200,200,200,42
human_120_4103_5_14_200_184.csv,120,4103,5,14,200,184,200,42
human_120_4104_5_14_200_189.csv,120,4104,5,14,200,189,200,42
human_120_4105_5_14_200_177.csv,120,4105,5,14,200,177,200,42
human_120_4106_5_14_200_220.csv,120,4106,5,14,200,220,200,42
human_120_4107_5_14_200_186.csv,120,4107,5,14,200,186,200,42
human_120_4108_5_14_200_180.csv,120,4108,5,14,200,180,200,42
human_120_4109_5_14_200_213.csv,120,4109,5,14,200,213,200,42
human_120_410_3_2_200_193.csv,120,410,3,2,200,193,200,42
human_120_4110_5_14_200_182.csv,120,4110,5,14,200,182,200,42
human_120_4111_5_14_200_200.csv,120,4111,5,14,200,200,200,42
human_120_4112_5_14_200_207.csv,120,4112,5,14,200,207,200,42
human_120_4113_5_14_200_185.csv,120,4113,5,14,200,185,200,42
human_120_4114_5_14_200_189.csv,120,4114,5,14,200,189,200,42
human_120_4115_5_14_200_206.csv,120,4115,5,14,200,206,200,42
human_120_4116_5_14_200_193.csv,120,4116,5,14,200,193,200,42
human_120_4117_5_14_200_175.csv,120,4117,5,14,200,175,200,42
human_120_4118_5_14_200_194.csv,120,4118,5,14,200,194,200,42
human_120_4119_5_14_200_188.csv,120,4119,5,14,200,188,200,42
human_120_411_3_2_200_201.csv,120,411,3,2,200,201,200,42
human_120_4120_5_14_200_187.csv,120,4120,5,14,200,187,200,42
human_120_4121_5_14_200_200.csv,120,4121,5,14,200,200,200,42
human_120_4122_5_14_200_194.csv,120,4122,5,14,200,194,200,42
human_120_4123_5_14_200_181.csv,120,4123,5,14,200,181,200,42
human_120_4124_5_14_200_177.csv,120,4124,5,14,200,177,200,42
human_120_4125_5_14_200_200.csv,120,4125,5,14,200,200,200,42
human_120_4126_5_14_200_168.csv,120,4126,5,14,200,168,200,42
human_120_4127_5_14_200_236.csv,120,4127,5,14,200,236,200,42
human_120_4128_5_14_200_191.csv,120,4128,5,14,200,191,200,42
human_120_4129_5_14_200_200.csv,120,4129,5,14,200,200,200,42
human_120_412_3_2_200_209.csv,120,412,3,2,200,209,200,42
human_120_4130_5_14_200_186.csv,120,4130,5,14,200,186,200,42
human_120_4131_5_14_200_187.csv,120,4131,5,14,200,187,200,42
human_120_4132_5_14_200_200.csv,120,4132,5,14,200,200,200,42
human_120_4133_5_14_200_182.csv,120,4133,5,14,200,182,200,42
human_120_4134_5_14_200_177.csv,120,4134,5,14,200,177,200,42
human_120_4135_5_14_200_200.csv,120,4135,5,14,200,200,200,42
human_120_4136_5_14_200_183.csv,120,4136,5,14,200,183,200,42
human_120_4137_5_14_200_179.csv,120,4137,5,14,200,179,200,42
human_120_4138_5_14_200_200.csv,120,4138,5,14,200,200,200,42
human_120_4139_5_14_200_194.csv,120,4139,5,14,200,194,200,42
human_120_413_3_2_200_200.csv,120,413,3,2,200,200,200,42
human_120_4140_5_14_200_188.csv,120,4140,5,14,200,188,200,42
human_120_4141_5_14_200_180.csv,120,4141,5,14,200,180,200,42
human_120_4142_5_14_200_189.csv,120,4142,5,14,200,189,200,42
human_120_4143_5_14_200_184.csv,120,4143,5,14,200,184,200,42
human_120_4144_5_14_200_192.csv,120,4144,5,14,200,192,200,42
human_120_4145_5_14_200_214.csv,120,4145,5,14,200,214,200,42
human_120_4146_5_14_200_174.csv,120,4146,5,14,200,174,200,42
human_120_4147_5_14_200_211.csv,120,4147,5,14,200,211,200,42
human_120_4148_5_14_200_169.csv,120,4148,5,14,200,169,200,42
human_120_4149_5_14_200_185.csv,120,4149,5,14,200,185,200,42
human_120_414_3_2_200_204.csv,120,414,3,2,200,204,200,42
human_120_4150_5_14_200_164.csv,120,4150,5,14,200,164,200,42
human_120_4151_6_14_200_204.csv,120,4151,6,14,200,204,200,42
human_120_4152_6_14_200_207.csv,120,4152,6,14,200,207,200,42
human_120_4153_6_14_200_188.csv,120,4153,6,14,200,188,200,42
human_120_4154_6_14_200_194.csv,120,4154,6,14,200,194,200,42
human_120_4155_6_14_200_180.csv,120,4155,6,14,200,180,200,42
human_120_4156_6_14_200_204.csv,120,4156,6,14,200,204,200,42
human_120_4157_6_14_200_180.csv,120,4157,6,14,200,180,200,42
human_120_4158_6_14_200_186.csv,120,4158,6,14,200,186,200,42
human_120_4159_6_14_200_192.csv,120,4159,6,14,200,192,200,42
human_120_415_3_2_200_200.csv,120,415,3,2,200,200,200,42
human_120_4160_6_14_200_195.csv,120,4160,6,14,200,195,200,42
human_120_4161_6_14_200_189.csv,120,4161,6,14,200,189,200,42
human_120_4162_6_14_200_181.csv,120,4162,6,14,200,181,200,42
human_120_4163_6_14_200_200.csv,120,4163,6,14,200,200,200,42
human_120_4164_6_14_200_177.csv,120,4164,6,14,200,177,200,42
human_120_4165_6_14_200_192.csv,120,4165,6,14,200,192,200,42
human_120_4166_6_14_200_203.csv,120,4166,6,14,200,203,200,42
human_120_4167_6_14_200_191.csv,120,4167,6,14,200,191,200,42
human_120_4168_6_14_200_189.csv,120,4168,6,14,200,189,200,42
human_120_4169_6_14_200_194.csv,120,4169,6,14,200,194,200,42
human_120_416_3_2_200_202.csv,120,416,3,2,200,202,200,42
human_120_4170_6_14_200_196.csv,120,4170,6,14,200,196,200,42
human_120_4171_6_14_200_187.csv,120,4171,6,14,200,187,200,42
human_120_4172_6_14_200_178.csv,120,4172,6,14,200,178,200,42
human_120_4173_6_14_200_214.csv,120,4173,6,14,200,214,200,42
human_120_4174_6_14_200_174.csv,120,4174,6,14,200,174,200,42
human_120_4175_6_14_200_205.csv,120,4175,6,14,200,205,200,42
human_120_4176_6_14_200_183.csv,120,4176,6,14,200,183,200,42
human_120_4177_6_14_200_198.csv,120,4177,6,14,200,198,200,42
human_120_4178_6_14_200_179.csv,120,4178,6,14,200,179,200,42
human_120_4179_6_14_200_181.csv,120,4179,6,14,200,181,200,42
human_120_417_3_2_200_200.csv,120,417,3,2,200,200,200,42
human_120_4180_6_14_200_206.csv,120,4180,6,14,200,206,200,42
human_120_4181_6_14_200_196.csv,120,4181,6,14,200,196,200,42
human_120_4182_6_14_200_190.csv,120,4182,6,14,200,190,200,42
human_120_4183_6_14_200_181.csv,120,4183,6,14,200,181,200,42
human_120_4184_6_14_200_208.csv,120,4184,6,14,200,208,200,42
human_120_4185_6_14_200_203.csv,120,4185,6,14,200,203,200,42
human_120_4186_6_14_200_192.csv,120,4186,6,14,200,192,200,42
human_120_4187_6_14_200_177.csv,120,4187,6,14,200,177,200,42
human_120_4188_6_14_200_182.csv,120,4188,6,14,200,182,200,42
human_120_4189_6_14_200_184.csv,120,4189,6,14,200,184,200,42
human_120_418_3_2_200_197.csv,120,418,3,2,200,197,200,42
human_120_4190_6_14_200_182.csv,120,4190,6,14,200,182,200,42
human_120_4191_6_14_200_167.csv,120,4191,6,14,200,167,200,42
human_120_4192_6_14_200_227.csv,120,4192,6,14,200,227,200,42
human_120_4193_6_14_200_171.csv,120,4193,6,14,200,171,200,42
human_120_4194_6_14_200_198.csv,120,4194,6,14,200,198,200,42
human_120_4195_6_14_200_170.csv,120,4195,6,14,200,170,200,42
human_120_4196_6_14_200_209.csv,120,4196,6,14,200,209,200,42
human_120_4197_6_14_200_184.csv,120,4197,6,14,200,184,200,42
human_120_4198_6_14_200_181.csv,120,4198,6,14,200,181,200,42
human_120_4199_6_14_200_184.csv,120,4199,6,14,200,184,200,42
human_120_419_3_2_200_204.csv,120,419,3,2,200,204,200,42
human_120_41_1_1_200_182.csv,120,41,1,1,200,182,200,42
human_120_4200_6_14_200_195.csv,120,4200,6,14,200,195,200,42
human_120_4201_1_15_200_189.csv,120,4201,1,15,200,189,200,42
human_120_4202_1_15_200_185.csv,120,4202,1,15,200,185,200,42
human_120_4203_1_15_200_204.csv,120,4203,1,15,200,204,200,42
human_120_4204_1_15_200_148.csv,120,4204,1,15,200,148,200,42
human_120_4205_1_15_200_179.csv,120,4205,1,15,200,179,200,42
human_120_4206_1_15_200_218.csv,120,4206,1,15,200,218,200,42
human_120_4207_1_15_200_190.csv,120,4207,1,15,200,190,200,42
human_120_4208_1_15_200_170.csv,120,4208,1,15,200,170,200,42
human_120_4209_1_15_200_212.csv,120,4209,1,15,200,212,200,42
human_120_420_3_2_200_205.csv,120,420,3,2,200,205,200,42
human_120_4210_1_15_200_158.csv,120,4210,1,15,200,158,200,42
human_120_4211_1_15_200_227.csv,120,4211,1,15,200,227,200,42
human_120_4212_1_15_200_168.csv,120,4212,1,15,200,168,200,42
human_120_4213_1_15_200_194.csv,120,4213,1,15,200,194,200,42
human_120_4214_1_15_200_189.csv,120,4214,1,15,200,189,200,42
human_120_4215_1_15_200_167.csv,120,4215,1,15,200,167,200,42
human_120_4216_1_15_200_217.csv,120,4216,1,15,200,217,200,42
human_120_4217_1_15_200_170.csv,120,4217,1,15,200,170,200,42
human_120_4218_1_15_200_193.csv,120,4218,1,15,200,193,200,42
human_120_4219_1_15_200_217.csv,120,4219,1,15,200,217,200,42
human_120_421_3_2_200_204.csv,120,421,3,2,200,204,200,42
human_120_4220_1_15_200_181.csv,120,4220,1,15,200,181,200,42
human_120_4221_1_15_200_176.csv,120,4221,1,15,200,176,200,42
human_120_4222_1_15_200_149.csv,120,4222,1,15,200,149,200,42
human_120_4223_1_15_200_214.csv,120,4223,1,15,200,214,200,42
human_120_4224_1_15_200_207.csv,120,4224,1,15,200,207,200,42
human_120_4225_1_15_200_176.csv,120,4225,1,15,200,176,200,42
human_120_4226_1_15_200_211.csv,120,4226,1,15,200,211,200,42
human_120_4227_1_15_200_208.csv,120,4227,1,15,200,208,200,42
human_120_4228_1_15_200_184.csv,120,4228,1,15,200,184,200,42
human_120_4229_1_15_200_179.csv,120,4229,1,15,200,179,200,42
human_120_422_3_2_200_208.csv,120,422,3,2,200,208,200,42
human_120_4230_1_15_200_146.csv,120,4230,1,15,200,146,200,42
human_120_4231_1_15_200_226.csv,120,4231,1,15,200,226,200,42
human_120_4232_1_15_200_187.csv,120,4232,1,15,200,187,200,42
human_120_4233_1_15_200_173.csv,120,4233,1,15,200,173,200,42
human_120_4234_1_15_200_211.csv,120,4234,1,15,200,211,200,42
human_120_4235_1_15_200_200.csv,120,4235,1,15,200,200,200,42
human_120_4236_1_15_200_154.csv,120,4236,1,15,200,154,200,42
human_120_4237_1_15_200_157.csv,120,4237,1,15,200,157,200,42
human_120_4238_1_15_200_212.csv,120,4238,1,15,200,212,200,42
human_120_4239_1_15_200_200.csv,120,4239,1,15,200,200,200,42
human_120_423_3_2_200_199.csv,120,423,3,2,200,199,200,42
human_120_4240_1_15_200_190.csv,120,4240,1,15,200,190,200,42
human_120_4241_1_15_200_172.csv,120,4241,1,15,200,172,200,42
human_120_4242_1_15_200_200.csv,120,4242,1,15,200,200,200,42
human_120_4243_1_15_200_162.csv,120,4243,1,15,200,162,200,42
human_120_4244_1_15_200_211.csv,120,4244,1,15,200,211,200,42
human_120_4245_1_15_200_193.csv,120,4245,1,15,200,193,200,42
human_120_4246_1_15_200_193.csv,120,4246,1,15,200,193,200,42
human_120_4247_1_15_200_195.csv,120,4247,1,15,200,195,200,42
human_120_4248_1_15_200_200.csv,120,4248,1,15,200,200,200,42
human_120_4249_1_15_200_200.csv,120,4249,1,15,200,200,200,42
human_120_424_3_2_200_204.csv,120,424,3,2,200,204,200,42
human_120_4250_1_15_200_165.csv,120,4250,1,15,200,165,200,42
human_120_4251_2_15_200_171.csv,120,4251,2,15,200,171,200,42
human_120_4252_2_15_200_185.csv,120,4252,2,15,200,185,200,42
human_120_4253_2_15_200_200.csv,120,4253,2,15,200,200,200,42
human_120_4254_2_15_200_195.csv,120,4254,2,15,200,195,200,42
human_120_4255_2_15_200_192.csv,120,4255,2,15,200,192,200,42
human_120_4256_2_15_200_184.csv,120,4256,2,15,200,184,200,42
human_120_4257_2_15_200_200.csv,120,4257,2,15,200,200,200,42
human_120_4258_2_15_200_188.csv,120,4258,2,15,200,188,200,42
human_120_4259_2_15_200_197.csv,120,4259,2,15,200,197,200,42
human_120_425_3_2_200_187.csv,120,425,3,2,200,187,200,42
human_120_4260_2_15_200_174.csv,120,4260,2,15,200,174,200,42
human_120_4261_2_15_200_176.csv,120,4261,2,15,200,176,200,42
human_120_4262_2_15_200_181.csv,120,4262,2,15,200,181,200,42
human_120_4263_2_15_200_189.csv,120,4263,2,15,200,189,200,42
human_120_4264_2_15_200_184.csv,120,4264,2,15,200,184,200,42
human_120_4265_2_15_200_194.csv,120,4265,2,15,200,194,200,42
human_120_4266_2_15_200_200.csv,120,4266,2,15,200,200,200,42
human_120_4267_2_15_200_177.csv,120,4267,2,15,200,177,200,42
human_120_4268_2_15_200_188.csv,120,4268,2,15,200,188,200,42
human_120_4269_2_15_200_188.csv,120,4269,2,15,200,188,200,42
human_120_426_3_2_200_198.csv,120,426,3,2,200,198,200,42
human_120_4270_2_15_200_185.csv,120,4270,2,15,200,185,200,42
human_120_4271_2_15_200_200.csv,120,4271,2,15,200,200,200,42
human_120_4272_2_15_200_187.csv,120,4272,2,15,200,187,200,42
human_120_4273_2_15_200_163.csv,120,4273,2,15,200,163,200,42
human_120_4274_2_15_200_230.csv,120,4274,2,15,200,230,200,42
human_120_4275_2_15_200_193.csv,120,4275,2,15,200,193,200,42
human_120_4276_2_15_200_195.csv,120,4276,2,15,200,195,200,42
human_120_4277_2_15_200_200.csv,120,4277,2,15,200,200,200,42
human_120_4278_2_15_200_192.csv,120,4278,2,15,200,192,200,42
human_120_4279_2_15_200_209.csv,120,4279,2,15,200,209,200,42
human_120_427_3_2_200_200.csv,120,427,3,2,200,200,200,42
human_120_4280_2_15_200_200.csv,120,4280,2,15,200,200,200,42
human_120_4281_2_15_200_171.csv,120,4281,2,15,200,171,200,42
human_120_4282_2_15_200_200.csv,120,4282,2,15,200,200,200,42
human_120_4283_2_15_200_176.csv,120,4283,2,15,200,176,200,42
human_120_4284_2_15_200_213.csv,120,4284,2,15,200,213,200,42
human_120_4285_2_15_200_193.csv,120,4285,2,15,200,193,200,42
human_120_4286_2_15_200_200.csv,120,4286,2,15,200,200,200,42
human_120_4287_2_15_200_188.csv,120,4287,2,15,200,188,200,42
human_120_4288_2_15_200_207.csv,120,4288,2,15,200,207,200,42
human_120_4289_2_15_200_200.csv,120,4289,2,15,200,200,200,42
human_120_428_3_2_200_200.csv,120,428,3,2,200,200,200,42
human_120_4290_2_15_200_205.csv,120,4290,2,15,200,205,200,42
human_120_4291_2_15_200_196.csv,120,4291,2,15,200,196,200,42
human_120_4292_2_15_200_181.csv,120,4292,2,15,200,181,200,42
human_120_4293_2_15_200_200.csv,120,4293,2,15,200,200,200,42
human_120_4294_2_15_200_186.csv,120,4294,2,15,200,186,200,42
human_120_4295_2_15_200_175.csv,120,4295,2,15,200,175,200,42
human_120_4296_2_15_200_166.csv,120,4296,2,15,200,166,200,42
human_120_4297_2_15_200_193.csv,120,4297,2,15,200,193,200,42
human_120_4298_2_15_200_179.csv,120,4298,2,15,200,179,200,42
human_120_4299_2_15_200_227.csv,120,4299,2,15,200,227,200,42
human_120_429_3_2_200_208.csv,120,429,3,2,200,208,200,42
human_120_42_1_1_200_193.csv,120,42,1,1,200,193,200,42
human_120_4300_2_15_200_194.csv,120,4300,2,15,200,194,200,42
human_120_4301_3_15_200_205.csv,120,4301,3,15,200,205,200,42
human_120_4302_3_15_200_197.csv,120,4302,3,15,200,197,200,42
human_120_4303_3_15_200_205.csv,120,4303,3,15,200,205,200,42
human_120_4304_3_15_200_198.csv,120,4304,3,15,200,198,200,42
human_120_4305_3_15_200_213.csv,120,4305,3,15,200,213,200,42
human_120_4306_3_15_200_195.csv,120,4306,3,15,200,195,200,42
human_120_4307_3_15_200_191.csv,120,4307,3,15,200,191,200,42
human_120_4308_3_15_200_200.csv,120,4308,3,15,200,200,200,42
human_120_4309_3_15_200_196.csv,120,4309,3,15,200,196,200,42
human_120_430_3_2_200_208.csv,120,430,3,2,200,208,200,42
human_120_4310_3_15_200_186.csv,120,4310,3,15,200,186,200,42
human_120_4311_3_15_200_217.csv,120,4311,3,15,200,217,200,42
human_120_4312_3_15_200_201.csv,120,4312,3,15,200,201,200,42
human_120_4313_3_15_200_191.csv,120,4313,3,15,200,191,200,42
human_120_4314_3_15_200_201.csv,120,4314,3,15,200,201,200,42
human_120_4315_3_15_200_194.csv,120,4315,3,15,200,194,200,42
human_120_4316_3_15_200_197.csv,120,4316,3,15,200,197,200,42
human_120_4317_3_15_200_202.csv,120,4317,3,15,200,202,200,42
human_120_4318_3_15_200_191.csv,120,4318,3,15,200,191,200,42
human_120_4319_3_15_200_198.csv,120,4319,3,15,200,198,200,42
human_120_431_3_2_200_200.csv,120,431,3,2,200,200,200,42
human_120_4320_3_15_200_200.csv,120,4320,3,15,200,200,200,42
human_120_4321_3_15_200_215.csv,120,4321,3,15,200,215,200,42
human_120_4322_3_15_200_214.csv,120,4322,3,15,200,214,200,42
human_120_4323_3_15_200_198.csv,120,4323,3,15,200,198,200,42
human_120_4324_3_15_200_200.csv,120,4324,3,15,200,200,200,42
human_120_4325_3_15_200_204.csv,120,4325,3,15,200,204,200,42
human_120_4326_3_15_200_205.csv,120,4326,3,15,200,205,200,42
human_120_4327_3_15_200_194.csv,120,4327,3,15,200,194,200,42
human_120_4328_3_15_200_197.csv,120,4328,3,15,200,197,200,42
human_120_4329_3_15_200_194.csv,120,4329,3,15,200,194,200,42
human_120_432_3_2_200_201.csv,120,432,3,2,200,201,200,42
human_120_4330_3_15_200_200.csv,120,4330,3,15,200,200,200,42
human_120_4331_3_15_200_190.csv,120,4331,3,15,200,190,200,42
human_120_4332_3_15_200_195.csv,120,4332,3,15,200,195,200,42
human_120_4333_3_15_200_188.csv,120,4333,3,15,200,188,200,42
human_120_4334_3_15_200_190.csv,120,4334,3,15,200,190,200,42
human_120_4335_3_15_200_210.csv,120,4335,3,15,200,210,200,42
human_120_4336_3_15_200_205.csv,120,4336,3,15,200,205,200,42
human_120_4337_3_15_200_193.csv,120,4337,3,15,200,193,200,42
human_120_4338_3_15_200_177.csv,120,4338,3,15,200,177,200,42
human_120_4339_3_15_200_190.csv,120,4339,3,15,200,190,200,42
human_120_433_3_2_200_195.csv,120,433,3,2,200,195,200,42
human_120_4340_3_15_200_188.csv,120,4340,3,15,200,188,200,42
human_120_4341_3_15_200_201.csv,120,4341,3,15,200,201,200,42
human_120_4342_3_15_200_210.csv,120,4342,3,15,200,210,200,42
human_120_4343_3_15_200_207.csv,120,4343,3,15,200,207,200,42
human_120_4344_3_15_200_189.csv,120,4344,3,15,200,189,200,42
human_120_4345_3_15_200_214.csv,120,4345,3,15,200,214,200,42
human_120_4346_3_15_200_196.csv,120,4346,3,15,200,196,200,42
human_120_4347_3_15_200_206.csv,120,4347,3,15,200,206,200,42
human_120_4348_3_15_200_199.csv,120,4348,3,15,200,199,200,42
human_120_4349_3_15_200_164.csv,120,4349,3,15,200,164,200,42
human_120_434_3_2_200_207.csv,120,434,3,2,200,207,200,42
human_120_4350_3_15_200_201.csv,120,4350,3,15,200,201,200,42
human_120_4351_4_15_200_180.csv,120,4351,4,15,200,180,200,42
human_120_4352_4_15_200_223.csv,120,4352,4,15,200,223,200,42
human_120_4353_4_15_200_205.csv,120,4353,4,15,200,205,200,42
human_120_4354_4_15_200_164.csv,120,4354,4,15,200,164,200,42
human_120_4355_4_15_200_188.csv,120,4355,4,15,200,188,200,42
human_120_4356_4_15_200_196.csv,120,4356,4,15,200,196,200,42
human_120_4357_4_15_200_208.csv,120,4357,4,15,200,208,200,42
human_120_4358_4_15_200_188.csv,120,4358,4,15,200,188,200,42
human_120_4359_4_15_200_193.csv,120,4359,4,15,200,193,200,42
human_120_435_3_2_200_200.csv,120,435,3,2,200,200,200,42
human_120_4360_4_15_200_165.csv,120,4360,4,15,200,165,200,42
human_120_4361_4_15_200_187.csv,120,4361,4,15,200,187,200,42
human_120_4362_4_15_200_190.csv,120,4362,4,15,200,190,200,42
human_120_4363_4_15_200_188.csv,120,4363,4,15,200,188,200,42
human_120_4364_4_15_200_175.csv,120,4364,4,15,200,175,200,42
human_120_4365_4_15_200_209.csv,120,4365,4,15,200,209,200,42
human_120_4366_4_15_200_212.csv,120,4366,4,15,200,212,200,42
human_120_4367_4_15_200_173.csv,120,4367,4,15,200,173,200,42
human_120_4368_4_15_200_147.csv,120,4368,4,15,200,147,200,42
human_120_4369_4_15_200_202.csv,120,4369,4,15,200,202,200,42
human_120_436_3_2_200_211.csv,120,436,3,2,200,211,200,42
human_120_4370_4_15_200_172.csv,120,4370,4,15,200,172,200,42
human_120_4371_4_15_200_149.csv,120,4371,4,15,200,149,200,42
human_120_4372_4_15_200_199.csv,120,4372,4,15,200,199,200,42
human_120_4373_4_15_200_156.csv,120,4373,4,15,200,156,200,42
human_120_4374_4_15_200_182.csv,120,4374,4,15,200,182,200,42
human_120_4375_4_15_200_173.csv,120,4375,4,15,200,173,200,42
human_120_4376_4_15_200_195.csv,120,4376,4,15,200,195,200,42
human_120_4377_4_15_200_188.csv,120,4377,4,15,200,188,200,42
human_120_4378_4_15_200_189.csv,120,4378,4,15,200,189,200,42
human_120_4379_4_15_200_197.csv,120,4379,4,15,200,197,200,42
human_120_437_3_2_200_215.csv,120,437,3,2,200,215,200,42
human_120_4380_4_15_200_172.csv,120,4380,4,15,200,172,200,42
human_120_4381_4_15_200_151.csv,120,4381,4,15,200,151,200,42
human_120_4382_4_15_200_198.csv,120,4382,4,15,200,198,200,42
human_120_4383_4_15_200_145.csv,120,4383,4,15,200,145,200,42
human_120_4384_4_15_200_202.csv,120,4384,4,15,200,202,200,42
human_120_4385_4_15_200_227.csv,120,4385,4,15,200,227,200,42
human_120_4386_4_15_200_205.csv,120,4386,4,15,200,205,200,42
human_120_4387_4_15_200_175.csv,120,4387,4,15,200,175,200,42
human_120_4388_4_15_200_192.csv,120,4388,4,15,200,192,200,42
human_120_4389_4_15_200_185.csv,120,4389,4,15,200,185,200,42
human_120_438_3_2_200_167.csv,120,438,3,2,200,167,200,42
human_120_4390_4_15_200_182.csv,120,4390,4,15,200,182,200,42
human_120_4391_4_15_200_183.csv,120,4391,4,15,200,183,200,42
human_120_4392_4_15_200_196.csv,120,4392,4,15,200,196,200,42
human_120_4393_4_15_200_183.csv,120,4393,4,15,200,183,200,42
human_120_4394_4_15_200_164.csv,120,4394,4,15,200,164,200,42
human_120_4395_4_15_200_200.csv,120,4395,4,15,200,200,200,42
human_120_4396_4_15_200_186.csv,120,4396,4,15,200,186,200,42
human_120_4397_4_15_200_157.csv,120,4397,4,15,200,157,200,42
human_120_4398_4_15_200_176.csv,120,4398,4,15,200,176,200,42
human_120_4399_4_15_200_224.csv,120,4399,4,15,200,224,200,42
human_120_439_3_2_200_171.csv,120,439,3,2,200,171,200,42
human_120_43_1_1_200_188.csv,120,43,1,1,200,188,200,42
human_120_4400_4_15_200_169.csv,120,4400,4,15,200,169,200,42
human_120_4401_5_15_200_200.csv,120,4401,5,15,200,200,200,42
human_120_4402_5_15_200_200.csv,120,4402,5,15,200,200,200,42
human_120_4403_5_15_200_200.csv,120,4403,5,15,200,200,200,42
human_120_4404_5_15_200_171.csv,120,4404,5,15,200,171,200,42
human_120_4405_5_15_200_179.csv,120,4405,5,15,200,179,200,42
human_120_4406_5_15_200_200.csv,120,4406,5,15,200,200,200,42
human_120_4407_5_15_200_179.csv,120,4407,5,15,200,179,200,42
human_120_4408_5_15_200_210.csv,120,4408,5,15,200,210,200,42
human_120_4409_5_15_200_180.csv,120,4409,5,15,200,180,200,42
human_120_440_3_2_200_195.csv,120,440,3,2,200,195,200,42
human_120_4410_5_15_200_172.csv,120,4410,5,15,200,172,200,42
human_120_4411_5_15_200_208.csv,120,4411,5,15,200,208,200,42
human_120_4412_5_15_200_194.csv,120,4412,5,15,200,194,200,42
human_120_4413_5_15_200_178.csv,120,4413,5,15,200,178,200,42
human_120_4414_5_15_200_173.csv,120,4414,5,15,200,173,200,42
human_120_4415_5_15_200_177.csv,120,4415,5,15,200,177,200,42
human_120_4416_5_15_200_189.csv,120,4416,5,15,200,189,200,42
human_120_4417_5_15_200_209.csv,120,4417,5,15,200,209,200,42
human_120_4418_5_15_200_200.csv,120,4418,5,15,200,200,200,42
human_120_4419_5_15_200_175.csv,120,4419,5,15,200,175,200,42
human_120_441_3_2_200_209.csv,120,441,3,2,200,209,200,42
human_120_4420_5_15_200_200.csv,120,4420,5,15,200,200,200,42
human_120_4421_5_15_200_166.csv,120,4421,5,15,200,166,200,42
human_120_4422_5_15_200_200.csv,120,4422,5,15,200,200,200,42
human_120_4423_5_15_200_192.csv,120,4423,5,15,200,192,200,42
human_120_4424_5_15_200_188.csv,120,4424,5,15,200,188,200,42
human_120_4425_5_15_200_193.csv,120,4425,5,15,200,193,200,42
human_120_4426_5_15_200_177.csv,120,4426,5,15,200,177,200,42
human_120_4427_5_15_200_195.csv,120,4427,5,15,200,195,200,42
human_120_4428_5_15_200_180.csv,120,4428,5,15,200,180,200,42
human_120_4429_5_15_200_191.csv,120,4429,5,15,200,191,200,42
human_120_442_3_2_200_200.csv,120,442,3,2,200,200,200,42
human_120_4430_5_15_200_200.csv,120,4430,5,15,200,200,200,42
human_120_4431_5_15_200_190.csv,120,4431,5,15,200,190,200,42
human_120_4432_5_15_200_183.csv,120,4432,5,15,200,183,200,42
human_120_4433_5_15_200_200.csv,120,4433,5,15,200,200,200,42
human_120_4434_5_15_200_189.csv,120,4434,5,15,200,189,200,42
human_120_4435_5_15_200_180.csv,120,4435,5,15,200,180,200,42
human_120_4436_5_15_200_182.csv,120,4436,5,15,200,182,200,42
human_120_4437_5_15_200_177.csv,120,4437,5,15,200,177,200,42
human_120_4438_5_15_200_213.csv,120,4438,5,15,200,213,200,42
human_120_4439_5_15_200_186.csv,120,4439,5,15,200,186,200,42
human_120_443_3_2_200_183.csv,120,443,3,2,200,183,200,42
human_120_4440_5_15_200_163.csv,120,4440,5,15,200,163,200,42
human_120_4441_5_15_200_215.csv,120,4441,5,15,200,215,200,42
human_120_4442_5_15_200_193.csv,120,4442,5,15,200,193,200,42
human_120_4443_5_15_200_183.csv,120,4443,5,15,200,183,200,42
human_120_4444_5_15_200_173.csv,120,4444,5,15,200,173,200,42
human_120_4445_5_15_200_214.csv,120,4445,5,15,200,214,200,42
human_120_4446_5_15_200_194.csv,120,4446,5,15,200,194,200,42
human_120_4447_5_15_200_189.csv,120,4447,5,15,200,189,200,42
human_120_4448_5_15_200_178.csv,120,4448,5,15,200,178,200,42
human_120_4449_5_15_200_169.csv,120,4449,5,15,200,169,200,42
human_120_444_3_2_200_191.csv,120,444,3,2,200,191,200,42
human_120_4450_5_15_200_202.csv,120,4450,5,15,200,202,200,42
human_120_4451_6_15_200_192.csv,120,4451,6,15,200,192,200,42
human_120_4452_6_15_200_202.csv,120,4452,6,15,200,202,200,42
human_120_4453_6_15_200_216.csv,120,4453,6,15,200,216,200,42
human_120_4454_6_15_200_210.csv,120,4454,6,15,200,210,200,42
human_120_4455_6_15_200_209.csv,120,4455,6,15,200,209,200,42
human_120_4456_6_15_200_200.csv,120,4456,6,15,200,200,200,42
human_120_4457_6_15_200_187.csv,120,4457,6,15,200,187,200,42
human_120_4458_6_15_200_193.csv,120,4458,6,15,200,193,200,42
human_120_4459_6_15_200_166.csv,120,4459,6,15,200,166,200,42
human_120_445_3_2_200_179.csv,120,445,3,2,200,179,200,42
human_120_4460_6_15_200_149.csv,120,4460,6,15,200,149,200,42
human_120_4461_6_15_200_185.csv,120,4461,6,15,200,185,200,42
human_120_4462_6_15_200_161.csv,120,4462,6,15,200,161,200,42
human_120_4463_6_15_200_181.csv,120,4463,6,15,200,181,200,42
human_120_4464_6_15_200_191.csv,120,4464,6,15,200,191,200,42
human_120_4465_6_15_200_175.csv,120,4465,6,15,200,175,200,42
human_120_4466_6_15_200_174.csv,120,4466,6,15,200,174,200,42
human_120_4467_6_15_200_188.csv,120,4467,6,15,200,188,200,42
human_120_4468_6_15_200_176.csv,120,4468,6,15,200,176,200,42
human_120_4469_6_15_200_195.csv,120,4469,6,15,200,195,200,42
human_120_446_3_2_200_188.csv,120,446,3,2,200,188,200,42
human_120_4470_6_15_200_160.csv,120,4470,6,15,200,160,200,42
human_120_4471_6_15_200_205.csv,120,4471,6,15,200,205,200,42
human_120_4472_6_15_200_172.csv,120,4472,6,15,200,172,200,42
human_120_4473_6_15_200_181.csv,120,4473,6,15,200,181,200,42
human_120_4474_6_15_200_216.csv,120,4474,6,15,200,216,200,42
human_120_4475_6_15_200_167.csv,120,4475,6,15,200,167,200,42
human_120_4476_6_15_200_162.csv,120,4476,6,15,200,162,200,42
human_120_4477_6_15_200_190.csv,120,4477,6,15,200,190,200,42
human_120_4478_6_15_200_170.csv,120,4478,6,15,200,170,200,42
human_120_4479_6_15_200_154.csv,120,4479,6,15,200,154,200,42
human_120_447_3_2_200_200.csv,120,447,3,2,200,200,200,42
human_120_4480_6_15_200_183.csv,120,4480,6,15,200,183,200,42
human_120_4481_6_15_200_140.csv,120,4481,6,15,200,140,200,42
human_120_4482_6_15_200_193.csv,120,4482,6,15,200,193,200,42
human_120_4483_6_15_200_183.csv,120,4483,6,15,200,183,200,42
human_120_4484_6_15_200_194.csv,120,4484,6,15,200,194,200,42
human_120_4485_6_15_200_203.csv,120,4485,6,15,200,203,200,42
human_120_4486_6_15_200_172.csv,120,4486,6,15,200,172,200,42
human_120_4487_6_15_200_168.csv,120,4487,6,15,200,168,200,42
human_120_4488_6_15_200_176.csv,120,4488,6,15,200,176,200,42
human_120_4489_6_15_200_180.csv,120,4489,6,15,200,180,200,42
human_120_448_3_2_200_200.csv,120,448,3,2,200,200,200,42
human_120_4490_6_15_200_180.csv,120,4490,6,15,200,180,200,42
human_120_4491_6_15_200_197.csv,120,4491,6,15,200,197,200,42
human_120_4492_6_15_200_164.csv,120,4492,6,15,200,164,200,42
human_120_4493_6_15_200_181.csv,120,4493,6,15,200,181,200,42
human_120_4494_6_15_200_180.csv,120,4494,6,15,200,180,200,42
human_120_4495_6_15_200_179.csv,120,4495,6,15,200,179,200,42
human_120_4496_6_15_200_148.csv,120,4496,6,15,200,148,200,42
human_120_4497_6_15_200_179.csv,120,4497,6,15,200,179,200,42
human_120_4498_6_15_200_162.csv,120,4498,6,15,200,162,200,42
human_120_4499_6_15_200_180.csv,120,4499,6,15,200,180,200,42
human_120_449_3_2_200_192.csv,120,449,3,2,200,192,200,42
human_120_44_1_1_200_191.csv,120,44,1,1,200,191,200,42
human_120_4500_6_15_200_188.csv,120,4500,6,15,200,188,200,42
human_120_4501_1_16_200_159.csv,120,4501,1,16,200,159,200,42
human_120_4502_1_16_200_184.csv,120,4502,1,16,200,184,200,42
human_120_4503_1_16_200_176.csv,120,4503,1,16,200,176,200,42
human_120_4504_1_16_200_169.csv,120,4504,1,16,200,169,200,42
human_120_4505_1_16_200_153.csv,120,4505,1,16,200,153,200,42
human_120_4506_1_16_200_178.csv,120,4506,1,16,200,178,200,42
human_120_4507_1_16_200_183.csv,120,4507,1,16,200,183,200,42
human_120_4508_1_16_200_197.csv,120,4508,1,16,200,197,200,42
human_120_4509_1_16_200_174.csv,120,4509,1,16,200,174,200,42
human_120_450_3_2_200_196.csv,120,450,3,2,200,196,200,42
human_120_4510_1_16_200_141.csv,120,4510,1,16,200,141,200,42
human_120_4511_1_16_200_209.csv,120,4511,1,16,200,209,200,42
human_120_4512_1_16_200_209.csv,120,4512,1,16,200,209,200,42
human_120_4513_1_16_200_140.csv,120,4513,1,16,200,140,200,42
human_120_4514_1_16_200_200.csv,120,4514,1,16,200,200,200,42
human_120_4515_1_16_200_192.csv,120,4515,1,16,200,192,200,42
human_120_4516_1_16_200_162.csv,120,4516,1,16,200,162,200,42
human_120_4517_1_16_200_181.csv,120,4517,1,16,200,181,200,42
human_120_4518_1_16_200_187.csv,120,4518,1,16,200,187,200,42
human_120_4519_1_16_200_200.csv,120,4519,1,16,200,200,200,42
human_120_451_4_2_200_115.csv,120,451,4,2,200,115,200,42
human_120_4520_1_16_200_189.csv,120,4520,1,16,200,189,200,42
human_120_4521_1_16_200_175.csv,120,4521,1,16,200,175,200,42
human_120_4522_1_16_200_193.csv,120,4522,1,16,200,193,200,42
human_120_4523_1_16_200_191.csv,120,4523,1,16,200,191,200,42
human_120_4524_1_16_200_200.csv,120,4524,1,16,200,200,200,42
human_120_4525_1_16_200_186.csv,120,4525,1,16,200,186,200,42
human_120_4526_1_16_200_191.csv,120,4526,1,16,200,191,200,42
human_120_4527_1_16_200_171.csv,120,4527,1,16,200,171,200,42
human_120_4528_1_16_200_181.csv,120,4528,1,16,200,181,200,42
human_120_4529_1_16_200_170.csv,120,4529,1,16,200,170,200,42
human_120_452_4_2_200_116.csv,120,452,4,2,200,116,200,42
human_120_4530_1_16_200_200.csv,120,4530,1,16,200,200,200,42
human_120_4531_1_16_200_185.csv,120,4531,1,16,200,185,200,42
human_120_4532_1_16_200_213.csv,120,4532,1,16,200,213,200,42
human_120_4533_1_16_200_154.csv,120,4533,1,16,200,154,200,42
human_120_4534_1_16_200_171.csv,120,4534,1,16,200,171,200,42
human_120_4535_1_16_200_177.csv,120,4535,1,16,200,177,200,42
human_120_4536_1_16_200_235.csv,120,4536,1,16,200,235,200,42
human_120_4537_1_16_200_211.csv,120,4537,1,16,200,211,200,42
human_120_4538_1_16_200_184.csv,120,4538,1,16,200,184,200,42
human_120_4539_1_16_200_184.csv,120,4539,1,16,200,184,200,42
human_120_453_4_2_200_135.csv,120,453,4,2,200,135,200,42
human_120_4540_1_16_200_156.csv,120,4540,1,16,200,156,200,42
human_120_4541_1_16_200_157.csv,120,4541,1,16,200,157,200,42
human_120_4542_1_16_200_213.csv,120,4542,1,16,200,213,200,42
human_120_4543_1_16_200_184.csv,120,4543,1,16,200,184,200,42
human_120_4544_1_16_200_192.csv,120,4544,1,16,200,192,200,42
human_120_4545_1_16_200_148.csv,120,4545,1,16,200,148,200,42
human_120_4546_1_16_200_185.csv,120,4546,1,16,200,185,200,42
human_120_4547_1_16_200_196.csv,120,4547,1,16,200,196,200,42
human_120_4548_1_16_200_178.csv,120,4548,1,16,200,178,200,42
human_120_4549_1_16_200_222.csv,120,4549,1,16,200,222,200,42
human_120_454_4_2_200_127.csv,120,454,4,2,200,127,200,42
human_120_4550_1_16_200_164.csv,120,4550,1,16,200,164,200,42
human_120_4551_2_16_200_197.csv,120,4551,2,16,200,197,200,42
human_120_4552_2_16_200_188.csv,120,4552,2,16,200,188,200,42
human_120_4553_2_16_200_205.csv,120,4553,2,16,200,205,200,42
human_120_4554_2_16_200_158.csv,120,4554,2,16,200,158,200,42
human_120_4555_2_16_200_197.csv,120,4555,2,16,200,197,200,42
human_120_4556_2_16_200_186.csv,120,4556,2,16,200,186,200,42
human_120_4557_2_16_200_208.csv,120,4557,2,16,200,208,200,42
human_120_4558_2_16_200_173.csv,120,4558,2,16,200,173,200,42
human_120_4559_2_16_200_221.csv,120,4559,2,16,200,221,200,42
human_120_455_4_2_200_140.csv,120,455,4,2,200,140,200,42
human_120_4560_2_16_200_174.csv,120,4560,2,16,200,174,200,42
human_120_4561_2_16_200_223.csv,120,4561,2,16,200,223,200,42
human_120_4562_2_16_200_204.csv,120,4562,2,16,200,204,200,42
human_120_4563_2_16_200_203.csv,120,4563,2,16,200,203,200,42
human_120_4564_2_16_200_200.csv,120,4564,2,16,200,200,200,42
human_120_4565_2_16_200_217.csv,120,4565,2,16,200,217,200,42
human_120_4566_2_16_200_196.csv,120,4566,2,16,200,196,200,42
human_120_4567_2_16_200_181.csv,120,4567,2,16,200,181,200,42
human_120_4568_2_16_200_204.csv,120,4568,2,16,200,204,200,42
human_120_4569_2_16_200_207.csv,120,4569,2,16,200,207,200,42
human_120_456_4_2_200_148.csv,120,456,4,2,200,148,200,42
human_120_4570_2_16_200_212.csv,120,4570,2,16,200,212,200,42
human_120_4571_2_16_200_208.csv,120,4571,2,16,200,208,200,42
human_120_4572_2_16_200_205.csv,120,4572,2,16,200,205,200,42
human_120_4573_2_16_200_197.csv,120,4573,2,16,200,197,200,42
human_120_4574_2_16_200_206.csv,120,4574,2,16,200,206,200,42
human_120_4575_2_16_200_211.csv,120,4575,2,16,200,211,200,42
human_120_4576_2_16_200_205.csv,120,4576,2,16,200,205,200,42
human_120_4577_2_16_200_204.csv,120,4577,2,16,200,204,200,42
human_120_4578_2_16_200_200.csv,120,4578,2,16,200,200,200,42
human_120_4579_2_16_200_191.csv,120,4579,2,16,200,191,200,42
human_120_457_4_2_200_137.csv,120,457,4,2,200,137,200,42
human_120_4580_2_16_200_215.csv,120,4580,2,16,200,215,200,42
human_120_4581_2_16_200_202.csv,120,4581,2,16,200,202,200,42
human_120_4582_2_16_200_223.csv,120,4582,2,16,200,223,200,42
human_120_4583_2_16_200_201.csv,120,4583,2,16,200,201,200,42
human_120_4584_2_16_200_200.csv,120,4584,2,16,200,200,200,42
human_120_4585_2_16_200_196.csv,120,4585,2,16,200,196,200,42
human_120_4586_2_16_200_186.csv,120,4586,2,16,200,186,200,42
human_120_4587_2_16_200_213.csv,120,4587,2,16,200,213,200,42
human_120_4588_2_16_200_184.csv,120,4588,2,16,200,184,200,42
human_120_4589_2_16_200_200.csv,120,4589,2,16,200,200,200,42
human_120_458_4_2_200_122.csv,120,458,4,2,200,122,200,42
human_120_4590_2_16_200_201.csv,120,4590,2,16,200,201,200,42
human_120_4591_2_16_200_204.csv,120,4591,2,16,200,204,200,42
human_120_4592_2_16_200_203.csv,120,4592,2,16,200,203,200,42
human_120_4593_2_16_200_184.csv,120,4593,2,16,200,184,200,42
human_120_4594_2_16_200_205.csv,120,4594,2,16,200,205,200,42
human_120_4595_2_16_200_216.csv,120,4595,2,16,200,216,200,42
human_120_4596_2_16_200_197.csv,120,4596,2,16,200,197,200,42
human_120_4597_2_16_200_210.csv,120,4597,2,16,200,210,200,42
human_120_4598_2_16_200_212.csv,120,4598,2,16,200,212,200,42
human_120_4599_2_16_200_194.csv,120,4599,2,16,200,194,200,42
human_120_459_4_2_200_132.csv,120,459,4,2,200,132,200,42
human_120_45_1_1_200_190.csv,120,45,1,1,200,190,200,42
human_120_4600_2_16_200_219.csv,120,4600,2,16,200,219,200,42
human_120_4601_3_16_200_196.csv,120,4601,3,16,200,196,200,42
human_120_4602_3_16_200_187.csv,120,4602,3,16,200,187,200,42
human_120_4603_3_16_200_192.csv,120,4603,3,16,200,192,200,42
human_120_4604_3_16_200_190.csv,120,4604,3,16,200,190,200,42
human_120_4605_3_16_200_165.csv,120,4605,3,16,200,165,200,42
human_120_4606_3_16_200_199.csv,120,4606,3,16,200,199,200,42
human_120_4607_3_16_200_225.csv,120,4607,3,16,200,225,200,42
human_120_4608_3_16_200_157.csv,120,4608,3,16,200,157,200,42
human_120_4609_3_16_200_208.csv,120,4609,3,16,200,208,200,42
human_120_460_4_2_200_166.csv,120,460,4,2,200,166,200,42
human_120_4610_3_16_200_209.csv,120,4610,3,16,200,209,200,42
human_120_4611_3_16_200_166.csv,120,4611,3,16,200,166,200,42
human_120_4612_3_16_200_164.csv,120,4612,3,16,200,164,200,42
human_120_4613_3_16_200_234.csv,120,4613,3,16,200,234,200,42
human_120_4614_3_16_200_194.csv,120,4614,3,16,200,194,200,42
human_120_4615_3_16_200_167.csv,120,4615,3,16,200,167,200,42
human_120_4616_3_16_200_195.csv,120,4616,3,16,200,195,200,42
human_120_4617_3_16_200_224.csv,120,4617,3,16,200,224,200,42
human_120_4618_3_16_200_190.csv,120,4618,3,16,200,190,200,42
human_120_4619_3_16_200_189.csv,120,4619,3,16,200,189,200,42
human_120_461_4_2_200_136.csv,120,461,4,2,200,136,200,42
human_120_4620_3_16_200_200.csv,120,4620,3,16,200,200,200,42
human_120_4621_3_16_200_195.csv,120,4621,3,16,200,195,200,42
human_120_4622_3_16_200_190.csv,120,4622,3,16,200,190,200,42
human_120_4623_3_16_200_179.csv,120,4623,3,16,200,179,200,42
human_120_4624_3_16_200_201.csv,120,4624,3,16,200,201,200,42
human_120_4625_3_16_200_193.csv,120,4625,3,16,200,193,200,42
human_120_4626_3_16_200_179.csv,120,4626,3,16,200,179,200,42
human_120_4627_3_16_200_228.csv,120,4627,3,16,200,228,200,42
human_120_4628_3_16_200_180.csv,120,4628,3,16,200,180,200,42
human_120_4629_3_16_200_180.csv,120,4629,3,16,200,180,200,42
human_120_462_4_2_200_154.csv,120,462,4,2,200,154,200,42
human_120_4630_3_16_200_179.csv,120,4630,3,16,200,179,200,42
human_120_4631_3_16_200_195.csv,120,4631,3,16,200,195,200,42
human_120_4632_3_16_200_172.csv,120,4632,3,16,200,172,200,42
human_120_4633_3_16_200_213.csv,120,4633,3,16,200,213,200,42
human_120_4634_3_16_200_193.csv,120,4634,3,16,200,193,200,42
human_120_4635_3_16_200_200.csv,120,4635,3,16,200,200,200,42
human_120_4636_3_16_200_189.csv,120,4636,3,16,200,189,200,42
human_120_4637_3_16_200_196.csv,120,4637,3,16,200,196,200,42
human_120_4638_3_16_200_204.csv,120,4638,3,16,200,204,200,42
human_120_4639_3_16_200_189.csv,120,4639,3,16,200,189,200,42
human_120_463_4_2_200_161.csv,120,463,4,2,200,161,200,42
human_120_4640_3_16_200_193.csv,120,4640,3,16,200,193,200,42
human_120_4641_3_16_200_187.csv,120,4641,3,16,200,187,200,42
human_120_4642_3_16_200_172.csv,120,4642,3,16,200,172,200,42
human_120_4643_3_16_200_223.csv,120,4643,3,16,200,223,200,42
human_120_4644_3_16_200_194.csv,120,4644,3,16,200,194,200,42
human_120_4645_3_16_200_168.csv,120,4645,3,16,200,168,200,42
human_120_4646_3_16_200_199.csv,120,4646,3,16,200,199,200,42
human_120_4647_3_16_200_196.csv,120,4647,3,16,200,196,200,42
human_120_4648_3_16_200_189.csv,120,4648,3,16,200,189,200,42
human_120_4649_3_16_200_160.csv,120,4649,3,16,200,160,200,42
human_120_464_4_2_200_163.csv,120,464,4,2,200,163,200,42
human_120_4650_3_16_200_208.csv,120,4650,3,16,200,208,200,42
human_120_4651_4_16_200_154.csv,120,4651,4,16,200,154,200,42
human_120_4652_4_16_200_161.csv,120,4652,4,16,200,161,200,42
human_120_4653_4_16_200_157.csv,120,4653,4,16,200,157,200,42
human_120_4654_4_16_200_142.csv,120,4654,4,16,200,142,200,42
human_120_4655_4_16_200_179.csv,120,4655,4,16,200,179,200,42
human_120_4656_4_16_200_159.csv,120,4656,4,16,200,159,200,42
human_120_4657_4_16_200_154.csv,120,4657,4,16,200,154,200,42
human_120_4658_4_16_200_195.csv,120,4658,4,16,200,195,200,42
human_120_4659_4_16_200_152.csv,120,4659,4,16,200,152,200,42
human_120_465_4_2_200_145.csv,120,465,4,2,200,145,200,42
human_120_4660_4_16_200_161.csv,120,4660,4,16,200,161,200,42
human_120_4661_4_16_200_149.csv,120,4661,4,16,200,149,200,42
human_120_4662_4_16_200_150.csv,120,4662,4,16,200,150,200,42
human_120_4663_4_16_200_156.csv,120,4663,4,16,200,156,200,42
human_120_4664_4_16_200_158.csv,120,4664,4,16,200,158,200,42
human_120_4665_4_16_200_127.csv,120,4665,4,16,200,127,200,42
human_120_4666_4_16_200_171.csv,120,4666,4,16,200,171,200,42
human_120_4667_4_16_200_153.csv,120,4667,4,16,200,153,200,42
human_120_4668_4_16_200_126.csv,120,4668,4,16,200,126,200,42
human_120_4669_4_16_200_181.csv,120,4669,4,16,200,181,200,42
human_120_466_4_2_200_170.csv,120,466,4,2,200,170,200,42
human_120_4670_4_16_200_159.csv,120,4670,4,16,200,159,200,42
human_120_4671_4_16_200_168.csv,120,4671,4,16,200,168,200,42
human_120_4672_4_16_200_139.csv,120,4672,4,16,200,139,200,42
human_120_4673_4_16_200_142.csv,120,4673,4,16,200,142,200,42
human_120_4674_4_16_200_125.csv,120,4674,4,16,200,125,200,42
human_120_4675_4_16_200_161.csv,120,4675,4,16,200,161,200,42
human_120_4676_4_16_200_161.csv,120,4676,4,16,200,161,200,42
human_120_4677_4_16_200_170.csv,120,4677,4,16,200,170,200,42
human_120_4678_4_16_200_145.csv,120,4678,4,16,200,145,200,42
human_120_4679_4_16_200_178.csv,120,4679,4,16,200,178,200,42
human_120_467_4_2_200_169.csv,120,467,4,2,200,169,200,42
human_120_4680_4_16_200_156.csv,120,4680,4,16,200,156,200,42
human_120_4681_4_16_200_144.csv,120,4681,4,16,200,144,200,42
human_120_4682_4_16_200_154.csv,120,4682,4,16,200,154,200,42
human_120_4683_4_16_200_125.csv,120,4683,4,16,200,125,200,42
human_120_4684_4_16_200_200.csv,120,4684,4,16,200,200,200,42
human_120_4685_4_16_200_165.csv,120,4685,4,16,200,165,200,42
human_120_4686_4_16_200_145.csv,120,4686,4,16,200,145,200,42
human_120_4687_4_16_200_130.csv,120,4687,4,16,200,130,200,42
human_120_4688_4_16_200_176.csv,120,4688,4,16,200,176,200,42
human_120_4689_4_16_200_182.csv,120,4689,4,16,200,182,200,42
human_120_468_4_2_200_179.csv,120,468,4,2,200,179,200,42
human_120_4690_4_16_200_156.csv,120,4690,4,16,200,156,200,42
human_120_4691_4_16_200_196.csv,120,4691,4,16,200,196,200,42
human_120_4692_4_16_200_133.csv,120,4692,4,16,200,133,200,42
human_120_4693_4_16_200_138.csv,120,4693,4,16,200,138,200,42
human_120_4694_4_16_200_153.csv,120,4694,4,16,200,153,200,42
human_120_4695_4_16_200_171.csv,120,4695,4,16,200,171,200,42
human_120_4696_4_16_200_198.csv,120,4696,4,16,200,198,200,42
human_120_4697_4_16_200_165.csv,120,4697,4,16,200,165,200,42
human_120_4698_4_16_200_164.csv,120,4698,4,16,200,164,200,42
human_120_4699_4_16_200_133.csv,120,4699,4,16,200,133,200,42
human_120_469_4_2_200_152.csv,120,469,4,2,200,152,200,42
human_120_46_1_1_200_183.csv,120,46,1,1,200,183,200,42
human_120_4700_4_16_200_197.csv,120,4700,4,16,200,197,200,42
human_120_4701_5_16_200_191.csv,120,4701,5,16,200,191,200,42
human_120_4702_5_16_200_170.csv,120,4702,5,16,200,170,200,42
human_120_4703_5_16_200_200.csv,120,4703,5,16,200,200,200,42
human_120_4704_5_16_200_184.csv,120,4704,5,16,200,184,200,42
human_120_4705_5_16_200_184.csv,120,4705,5,16,200,184,200,42
human_120_4706_5_16_200_188.csv,120,4706,5,16,200,188,200,42
human_120_4707_5_16_200_189.csv,120,4707,5,16,200,189,200,42
human_120_4708_5_16_200_200.csv,120,4708,5,16,200,200,200,42
human_120_4709_5_16_200_179.csv,120,4709,5,16,200,179,200,42
human_120_470_4_2_200_167.csv,120,470,4,2,200,167,200,42
human_120_4710_5_16_200_216.csv,120,4710,5,16,200,216,200,42
human_120_4711_5_16_200_171.csv,120,4711,5,16,200,171,200,42
human_120_4712_5_16_200_197.csv,120,4712,5,16,200,197,200,42
human_120_4713_5_16_200_159.csv,120,4713,5,16,200,159,200,42
human_120_4714_5_16_200_240.csv,120,4714,5,16,200,240,200,42
human_120_4715_5_16_200_178.csv,120,4715,5,16,200,178,200,42
human_120_4716_5_16_200_161.csv,120,4716,5,16,200,161,200,42
human_120_4717_5_16_200_200.csv,120,4717,5,16,200,200,200,42
human_120_4718_5_16_200_166.csv,120,4718,5,16,200,166,200,42
human_120_4719_5_16_200_200.csv,120,4719,5,16,200,200,200,42
human_120_471_4_2_200_148.csv,120,471,4,2,200,148,200,42
human_120_4720_5_16_200_170.csv,120,4720,5,16,200,170,200,42
human_120_4721_5_16_200_200.csv,120,4721,5,16,200,200,200,42
human_120_4722_5_16_200_187.csv,120,4722,5,16,200,187,200,42
human_120_4723_5_16_200_172.csv,120,4723,5,16,200,172,200,42
human_120_4724_5_16_200_173.csv,120,4724,5,16,200,173,200,42
human_120_4725_5_16_200_162.csv,120,4725,5,16,200,162,200,42
human_120_4726_5_16_200_184.csv,120,4726,5,16,200,184,200,42
human_120_4727_5_16_200_175.csv,120,4727,5,16,200,175,200,42
human_120_4728_5_16_200_175.csv,120,4728,5,16,200,175,200,42
human_120_4729_5_16_200_163.csv,120,4729,5,16,200,163,200,42
human_120_472_4_2_200_150.csv,120,472,4,2,200,150,200,42
human_120_4730_5_16_200_177.csv,120,4730,5,16,200,177,200,42
human_120_4731_5_16_200_186.csv,120,4731,5,16,200,186,200,42
human_120_4732_5_16_200_173.csv,120,4732,5,16,200,173,200,42
human_120_4733_5_16_200_189.csv,120,4733,5,16,200,189,200,42
human_120_4734_5_16_200_194.csv,120,4734,5,16,200,194,200,42
human_120_4735_5_16_200_175.csv,120,4735,5,16,200,175,200,42
human_120_4736_5_16_200_186.csv,120,4736,5,16,200,186,200,42
human_120_4737_5_16_200_197.csv,120,4737,5,16,200,197,200,42
human_120_4738_5_16_200_173.csv,120,4738,5,16,200,173,200,42
human_120_4739_5_16_200_206.csv,120,4739,5,16,200,206,200,42
human_120_473_4_2_200_154.csv,120,473,4,2,200,154,200,42
human_120_4740_5_16_200_177.csv,120,4740,5,16,200,177,200,42
human_120_4741_5_16_200_161.csv,120,4741,5,16,200,161,200,42
human_120_4742_5_16_200_161.csv,120,4742,5,16,200,161,200,42
human_120_4743_5_16_200_181.csv,120,4743,5,16,200,181,200,42
human_120_4744_5_16_200_181.csv,120,4744,5,16,200,181,200,42
human_120_4745_5_16_200_152.csv,120,4745,5,16,200,152,200,42
human_120_4746_5_16_200_241.csv,120,4746,5,16,200,241,200,42
human_120_4747_5_16_200_220.csv,120,4747,5,16,200,220,200,42
human_120_4748_5_16_200_183.csv,120,4748,5,16,200,183,200,42
human_120_4749_5_16_200_173.csv,120,4749,5,16,200,173,200,42
human_120_474_4_2_200_190.csv,120,474,4,2,200,190,200,42
human_120_4750_5_16_200_181.csv,120,4750,5,16,200,181,200,42
human_120_4751_6_16_200_188.csv,120,4751,6,16,200,188,200,42
human_120_4752_6_16_200_170.csv,120,4752,6,16,200,170,200,42
human_120_4753_6_16_200_182.csv,120,4753,6,16,200,182,200,42
human_120_4754_6_16_200_181.csv,120,4754,6,16,200,181,200,42
human_120_4755_6_16_200_173.csv,120,4755,6,16,200,173,200,42
human_120_4756_6_16_200_163.csv,120,4756,6,16,200,163,200,42
human_120_4757_6_16_200_179.csv,120,4757,6,16,200,179,200,42
human_120_4758_6_16_200_168.csv,120,4758,6,16,200,168,200,42
human_120_4759_6_16_200_183.csv,120,4759,6,16,200,183,200,42
human_120_475_4_2_200_150.csv,120,475,4,2,200,150,200,42
human_120_4760_6_16_200_192.csv,120,4760,6,16,200,192,200,42
human_120_4761_6_16_200_188.csv,120,4761,6,16,200,188,200,42
human_120_4762_6_16_200_178.csv,120,4762,6,16,200,178,200,42
human_120_4763_6_16_200_174.csv,120,4763,6,16,200,174,200,42
human_120_4764_6_16_200_170.csv,120,4764,6,16,200,170,200,42
human_120_4765_6_16_200_156.csv,120,4765,6,16,200,156,200,42
human_120_4766_6_16_200_193.csv,120,4766,6,16,200,193,200,42
human_120_4767_6_16_200_189.csv,120,4767,6,16,200,189,200,42
human_120_4768_6_16_200_155.csv,120,4768,6,16,200,155,200,42
human_120_4769_6_16_200_186.csv,120,4769,6,16,200,186,200,42
human_120_476_4_2_200_166.csv,120,476,4,2,200,166,200,42
human_120_4770_6_16_200_180.csv,120,4770,6,16,200,180,200,42
human_120_4771_6_16_200_175.csv,120,4771,6,16,200,175,200,42
human_120_4772_6_16_200_144.csv,120,4772,6,16,200,144,200,42
human_120_4773_6_16_200_214.csv,120,4773,6,16,200,214,200,42
human_120_4774_6_16_200_190.csv,120,4774,6,16,200,190,200,42
human_120_4775_6_16_200_171.csv,120,4775,6,16,200,171,200,42
human_120_4776_6_16_200_186.csv,120,4776,6,16,200,186,200,42
human_120_4777_6_16_200_185.csv,120,4777,6,16,200,185,200,42
human_120_4778_6_16_200_180.csv,120,4778,6,16,200,180,200,42
human_120_4779_6_16_200_190.csv,120,4779,6,16,200,190,200,42
human_120_477_4_2_200_151.csv,120,477,4,2,200,151,200,42
human_120_4780_6_16_200_177.csv,120,4780,6,16,200,177,200,42
human_120_4781_6_16_200_176.csv,120,4781,6,16,200,176,200,42
human_120_4782_6_16_200_186.csv,120,4782,6,16,200,186,200,42
human_120_4783_6_16_200_185.csv,120,4783,6,16,200,185,200,42
human_120_4784_6_16_200_162.csv,120,4784,6,16,200,162,200,42
human_120_4785_6_16_200_170.csv,120,4785,6,16,200,170,200,42
human_120_4786_6_16_200_192.csv,120,4786,6,16,200,192,200,42
human_120_4787_6_16_200_186.csv,120,4787,6,16,200,186,200,42
human_120_4788_6_16_200_196.csv,120,4788,6,16,200,196,200,42
human_120_4789_6_16_200_170.csv,120,4789,6,16,200,170,200,42
human_120_478_4_2_200_171.csv,120,478,4,2,200,171,200,42
human_120_4790_6_16_200_185.csv,120,4790,6,16,200,185,200,42
human_120_4791_6_16_200_178.csv,120,4791,6,16,200,178,200,42
human_120_4792_6_16_200_166.csv,120,4792,6,16,200,166,200,42
human_120_4793_6_16_200_165.csv,120,4793,6,16,200,165,200,42
human_120_4794_6_16_200_212.csv,120,4794,6,16,200,212,200,42
human_120_4795_6_16_200_214.csv,120,4795,6,16,200,214,200,42
human_120_4796_6_16_200_179.csv,120,4796,6,16,200,179,200,42
human_120_4797_6_16_200_143.csv,120,4797,6,16,200,143,200,42
human_120_4798_6_16_200_207.csv,120,4798,6,16,200,207,200,42
human_120_4799_6_16_200_175.csv,120,4799,6,16,200,175,200,42
human_120_479_4_2_200_168.csv,120,479,4,2,200,168,200,42
human_120_47_1_1_200_187.csv,120,47,1,1,200,187,200,42
human_120_4800_6_16_200_203.csv,120,4800,6,16,200,203,200,42
human_120_4801_1_17_200_166.csv,120,4801,1,17,200,166,200,42
human_120_4802_1_17_200_179.csv,120,4802,1,17,200,179,200,42
human_120_4803_1_17_200_152.csv,120,4803,1,17,200,152,200,42
human_120_4804_1_17_200_149.csv,120,4804,1,17,200,149,200,42
human_120_4805_1_17_200_137.csv,120,4805,1,17,200,137,200,42
human_120_4806_1_17_200_135.csv,120,4806,1,17,200,135,200,42
human_120_4807_1_17_200_175.csv,120,4807,1,17,200,175,200,42
human_120_4808_1_17_200_164.csv,120,4808,1,17,200,164,200,42
human_120_4809_1_17_200_144.csv,120,4809,1,17,200,144,200,42
human_120_480_4_2_200_177.csv,120,480,4,2,200,177,200,42
human_120_4810_1_17_200_144.csv,120,4810,1,17,200,144,200,42
human_120_4811_1_17_200_153.csv,120,4811,1,17,200,153,200,42
human_120_4812_1_17_200_184.csv,120,4812,1,17,200,184,200,42
human_120_4813_1_17_200_152.csv,120,4813,1,17,200,152,200,42
human_120_4814_1_17_200_174.csv,120,4814,1,17,200,174,200,42
human_120_4815_1_17_200_167.csv,120,4815,1,17,200,167,200,42
human_120_4816_1_17_200_177.csv,120,4816,1,17,200,177,200,42
human_120_4817_1_17_200_161.csv,120,4817,1,17,200,161,200,42
human_120_4818_1_17_200_164.csv,120,4818,1,17,200,164,200,42
human_120_4819_1_17_200_162.csv,120,4819,1,17,200,162,200,42
human_120_481_4_2_200_165.csv,120,481,4,2,200,165,200,42
human_120_4820_1_17_200_145.csv,120,4820,1,17,200,145,200,42
human_120_4821_1_17_200_200.csv,120,4821,1,17,200,200,200,42
human_120_4822_1_17_200_184.csv,120,4822,1,17,200,184,200,42
human_120_4823_1_17_200_168.csv,120,4823,1,17,200,168,200,42
human_120_4824_1_17_200_163.csv,120,4824,1,17,200,163,200,42
human_120_4825_1_17_200_153.csv,120,4825,1,17,200,153,200,42
human_120_4826_1_17_200_173.csv,120,4826,1,17,200,173,200,42
human_120_4827_1_17_200_166.csv,120,4827,1,17,200,166,200,42
human_120_4828_1_17_200_161.csv,120,4828,1,17,200,161,200,42
human_120_4829_1_17_200_166.csv,120,4829,1,17,200,166,200,42
human_120_482_4_2_200_180.csv,120,482,4,2,200,180,200,42
human_120_4830_1_17_200_155.csv,120,4830,1,17,200,155,200,42
human_120_4831_1_17_200_195.csv,120,4831,1,17,200,195,200,42
human_120_4832_1_17_200_152.csv,120,4832,1,17,200,152,200,42
human_120_4833_1_17_200_156.csv,120,4833,1,17,200,156,200,42
human_120_4834_1_17_200_183.csv,120,4834,1,17,200,183,200,42
human_120_4835_1_17_200_150.csv,120,4835,1,17,200,150,200,42
human_120_4836_1_17_200_174.csv,120,4836,1,17,200,174,200,42
human_120_4837_1_17_200_169.csv,120,4837,1,17,200,169,200,42
human_120_4838_1_17_200_173.csv,120,4838,1,17,200,173,200,42
human_120_4839_1_17_200_166.csv,120,4839,1,17,200,166,200,42
human_120_483_4_2_200_167.csv,120,483,4,2,200,167,200,42
human_120_4840_1_17_200_148.csv,120,4840,1,17,200,148,200,42
human_120_4841_1_17_200_177.csv,120,4841,1,17,200,177,200,42
human_120_4842_1_17_200_152.csv,120,4842,1,17,200,152,200,42
human_120_4843_1_17_200_183.csv,120,4843,1,17,200,183,200,42
human_120_4844_1_17_200_156.csv,120,4844,1,17,200,156,200,42
human_120_4845_1_17_200_155.csv,120,4845,1,17,200,155,200,42
human_120_4846_1_17_200_146.csv,120,4846,1,17,200,146,200,42
human_120_4847_1_17_200_178.csv,120,4847,1,17,200,178,200,42
human_120_4848_1_17_200_160.csv,120,4848,1,17,200,160,200,42
human_120_4849_1_17_200_159.csv,120,4849,1,17,200,159,200,42
human_120_484_4_2_200_143.csv,120,484,4,2,200,143,200,42
human_120_4850_1_17_200_172.csv,120,4850,1,17,200,172,200,42
human_120_4851_2_17_200_193.csv,120,4851,2,17,200,193,200,42
human_120_4852_2_17_200_188.csv,120,4852,2,17,200,188,200,42
human_120_4853_2_17_200_202.csv,120,4853,2,17,200,202,200,42
human_120_4854_2_17_200_188.csv,120,4854,2,17,200,188,200,42
human_120_4855_2_17_200_197.csv,120,4855,2,17,200,197,200,42
human_120_4856_2_17_200_193.csv,120,4856,2,17,200,193,200,42
human_120_4857_2_17_200_197.csv,120,4857,2,17,200,197,200,42
human_120_4858_2_17_200_194.csv,120,4858,2,17,200,194,200,42
human_120_4859_2_17_200_195.csv,120,4859,2,17,200,195,200,42
human_120_485_4_2_200_186.csv,120,485,4,2,200,186,200,42
human_120_4860_2_17_200_200.csv,120,4860,2,17,200,200,200,42
human_120_4861_2_17_200_190.csv,120,4861,2,17,200,190,200,42
human_120_4862_2_17_200_200.csv,120,4862,2,17,200,200,200,42
human_120_4863_2_17_200_200.csv,120,4863,2,17,200,200,200,42
human_120_4864_2_17_200_189.csv,120,4864,2,17,200,189,200,42
human_120_4865_2_17_200_200.csv,120,4865,2,17,200,200,200,42
human_120_4866_2_17_200_193.csv,120,4866,2,17,200,193,200,42
human_120_4867_2_17_200_200.csv,120,4867,2,17,200,200,200,42
human_120_4868_2_17_200_191.csv,120,4868,2,17,200,191,200,42
human_120_4869_2_17_200_208.csv,120,4869,2,17,200,208,200,42
human_120_486_4_2_200_177.csv,120,486,4,2,200,177,200,42
human_120_4870_2_17_200_200.csv,120,4870,2,17,200,200,200,42
human_120_4871_2_17_200_173.csv,120,4871,2,17,200,173,200,42
human_120_4872_2_17_200_215.csv,120,4872,2,17,200,215,200,42
human_120_4873_2_17_200_178.csv,120,4873,2,17,200,178,200,42
human_120_4874_2_17_200_216.csv,120,4874,2,17,200,216,200,42
human_120_4875_2_17_200_206.csv,120,4875,2,17,200,206,200,42
human_120_4876_2_17_200_200.csv,120,4876,2,17,200,200,200,42
human_120_4877_2_17_200_200.csv,120,4877,2,17,200,200,200,42
human_120_4878_2_17_200_187.csv,120,4878,2,17,200,187,200,42
human_120_4879_2_17_200_215.csv,120,4879,2,17,200,215,200,42
human_120_487_4_2_200_172.csv,120,487,4,2,200,172,200,42
human_120_4880_2_17_200_211.csv,120,4880,2,17,200,211,200,42
human_120_4881_2_17_200_207.csv,120,4881,2,17,200,207,200,42
human_120_4882_2_17_200_195.csv,120,4882,2,17,200,195,200,42
human_120_4883_2_17_200_192.csv,120,4883,2,17,200,192,200,42
human_120_4884_2_17_200_196.csv,120,4884,2,17,200,196,200,42
human_120_4885_2_17_200_187.csv,120,4885,2,17,200,187,200,42
human_120_4886_2_17_200_200.csv,120,4886,2,17,200,200,200,42
human_120_4887_2_17_200_198.csv,120,4887,2,17,200,198,200,42
human_120_4888_2_17_200_190.csv,120,4888,2,17,200,190,200,42
human_120_4889_2_17_200_211.csv,120,4889,2,17,200,211,200,42
human_120_488_4_2_200_148.csv,120,488,4,2,200,148,200,42
human_120_4890_2_17_200_210.csv,120,4890,2,17,200,210,200,42
human_120_4891_2_17_200_200.csv,120,4891,2,17,200,200,200,42
human_120_4892_2_17_200_187.csv,120,4892,2,17,200,187,200,42
human_120_4893_2_17_200_213.csv,120,4893,2,17,200,213,200,42
human_120_4894_2_17_200_204.csv,120,4894,2,17,200,204,200,42
human_120_4895_2_17_200_198.csv,120,4895,2,17,200,198,200,42
human_120_4896_2_17_200_204.csv,120,4896,2,17,200,204,200,42
human_120_4897_2_17_200_200.csv,120,4897,2,17,200,200,200,42
human_120_4898_2_17_200_194.csv,120,4898,2,17,200,194,200,42
human_120_4899_2_17_200_200.csv,120,4899,2,17,200,200,200,42
human_120_489_4_2_200_152.csv,120,489,4,2,200,152,200,42
human_120_48_1_1_200_188.csv,120,48,1,1,200,188,200,42
human_120_4900_2_17_200_180.csv,120,4900,2,17,200,180,200,42
human_120_4901_3_17_200_183.csv,120,4901,3,17,200,183,200,42
human_120_4902_3_17_200_164.csv,120,4902,3,17,200,164,200,42
human_120_4903_3_17_200_216.csv,120,4903,3,17,200,216,200,42
human_120_4904_3_17_200_201.csv,120,4904,3,17,200,201,200,42
human_120_4905_3_17_200_201.csv,120,4905,3,17,200,201,200,42
human_120_4906_3_17_200_189.csv,120,4906,3,17,200,189,200,42
human_120_4907_3_17_200_166.csv,120,4907,3,17,200,166,200,42
human_120_4908_3_17_200_219.csv,120,4908,3,17,200,219,200,42
human_120_4909_3_17_200_157.csv,120,4909,3,17,200,157,200,42
human_120_490_4_2_200_161.csv,120,490,4,2,200,161,200,42
human_120_4910_3_17_200_191.csv,120,4910,3,17,200,191,200,42
human_120_4911_3_17_200_212.csv,120,4911,3,17,200,212,200,42
human_120_4912_3_17_200_155.csv,120,4912,3,17,200,155,200,42
human_120_4913_3_17_200_210.csv,120,4913,3,17,200,210,200,42
human_120_4914_3_17_200_200.csv,120,4914,3,17,200,200,200,42
human_120_4915_3_17_200_195.csv,120,4915,3,17,200,195,200,42
human_120_4916_3_17_200_184.csv,120,4916,3,17,200,184,200,42
human_120_4917_3_17_200_203.csv,120,4917,3,17,200,203,200,42
human_120_4918_3_17_200_188.csv,120,4918,3,17,200,188,200,42
human_120_4919_3_17_200_178.csv,120,4919,3,17,200,178,200,42
human_120_491_4_2_200_161.csv,120,491,4,2,200,161,200,42
human_120_4920_3_17_200_182.csv,120,4920,3,17,200,182,200,42
human_120_4921_3_17_200_183.csv,120,4921,3,17,200,183,200,42
human_120_4922_3_17_200_198.csv,120,4922,3,17,200,198,200,42
human_120_4923_3_17_200_193.csv,120,4923,3,17,200,193,200,42
human_120_4924_3_17_200_188.csv,120,4924,3,17,200,188,200,42
human_120_4925_3_17_200_186.csv,120,4925,3,17,200,186,200,42
human_120_4926_3_17_200_186.csv,120,4926,3,17,200,186,200,42
human_120_4927_3_17_200_181.csv,120,4927,3,17,200,181,200,42
human_120_4928_3_17_200_186.csv,120,4928,3,17,200,186,200,42
human_120_4929_3_17_200_190.csv,120,4929,3,17,200,190,200,42
human_120_492_4_2_200_173.csv,120,492,4,2,200,173,200,42
human_120_4930_3_17_200_175.csv,120,4930,3,17,200,175,200,42
human_120_4931_3_17_200_193.csv,120,4931,3,17,200,193,200,42
human_120_4932_3_17_200_184.csv,120,4932,3,17,200,184,200,42
human_120_4933_3_17_200_169.csv,120,4933,3,17,200,169,200,42
human_120_4934_3_17_200_170.csv,120,4934,3,17,200,170,200,42
human_120_4935_3_17_200_170.csv,120,4935,3,17,200,170,200,42
human_120_4936_3_17_200_183.csv,120,4936,3,17,200,183,200,42
human_120_4937_3_17_200_179.csv,120,4937,3,17,200,179,200,42
human_120_4938_3_17_200_184.csv,120,4938,3,17,200,184,200,42
human_120_4939_3_17_200_150.csv,120,4939,3,17,200,150,200,42
human_120_493_4_2_200_163.csv,120,493,4,2,200,163,200,42
human_120_4940_3_17_200_184.csv,120,4940,3,17,200,184,200,42
human_120_4941_3_17_200_173.csv,120,4941,3,17,200,173,200,42
human_120_4942_3_17_200_176.csv,120,4942,3,17,200,176,200,42
human_120_4943_3_17_200_178.csv,120,4943,3,17,200,178,200,42
human_120_4944_3_17_200_149.csv,120,4944,3,17,200,149,200,42
human_120_4945_3_17_200_201.csv,120,4945,3,17,200,201,200,42
human_120_4946_3_17_200_170.csv,120,4946,3,17,200,170,200,42
human_120_4947_3_17_200_183.csv,120,4947,3,17,200,183,200,42
human_120_4948_3_17_200_171.csv,120,4948,3,17,200,171,200,42
human_120_4949_3_17_200_206.csv,120,4949,3,17,200,206,200,42
human_120_494_4_2_200_168.csv,120,494,4,2,200,168,200,42
human_120_4950_3_17_200_168.csv,120,4950,3,17,200,168,200,42
human_120_4951_4_17_200_176.csv,120,4951,4,17,200,176,200,42
human_120_4952_4_17_200_155.csv,120,4952,4,17,200,155,200,42
human_120_4953_4_17_200_151.csv,120,4953,4,17,200,151,200,42
human_120_4954_4_17_200_130.csv,120,4954,4,17,200,130,200,42
human_120_4955_4_17_200_146.csv,120,4955,4,17,200,146,200,42
human_120_4956_4_17_200_174.csv,120,4956,4,17,200,174,200,42
human_120_4957_4_17_200_146.csv,120,4957,4,17,200,146,200,42
human_120_4958_4_17_200_163.csv,120,4958,4,17,200,163,200,42
human_120_4959_4_17_200_187.csv,120,4959,4,17,200,187,200,42
human_120_495_4_2_200_148.csv,120,495,4,2,200,148,200,42
human_120_4960_4_17_200_147.csv,120,4960,4,17,200,147,200,42
human_120_4961_4_17_200_144.csv,120,4961,4,17,200,144,200,42
human_120_4962_4_17_200_179.csv,120,4962,4,17,200,179,200,42
human_120_4963_4_17_200_165.csv,120,4963,4,17,200,165,200,42
human_120_4964_4_17_200_186.csv,120,4964,4,17,200,186,200,42
human_120_4965_4_17_200_136.csv,120,4965,4,17,200,136,200,42
human_120_4966_4_17_200_207.csv,120,4966,4,17,200,207,200,42
human_120_4967_4_17_200_143.csv,120,4967,4,17,200,143,200,42
human_120_4968_4_17_200_133.csv,120,4968,4,17,200,133,200,42
human_120_4969_4_17_200_175.csv,120,4969,4,17,200,175,200,42
human_120_496_4_2_200_185.csv,120,496,4,2,200,185,200,42
human_120_4970_4_17_200_143.csv,120,4970,4,17,200,143,200,42
human_120_4971_4_17_200_212.csv,120,4971,4,17,200,212,200,42
human_120_4972_4_17_200_165.csv,120,4972,4,17,200,165,200,42
human_120_4973_4_17_200_168.csv,120,4973,4,17,200,168,200,42
human_120_4974_4_17_200_189.csv,120,4974,4,17,200,189,200,42
human_120_4975_4_17_200_140.csv,120,4975,4,17,200,140,200,42
human_120_4976_4_17_200_153.csv,120,4976,4,17,200,153,200,42
human_120_4977_4_17_200_117.csv,120,4977,4,17,200,117,200,42
human_120_4978_4_17_200_139.csv,120,4978,4,17,200,139,200,42
human_120_4979_4_17_200_132.csv,120,4979,4,17,200,132,200,42
human_120_497_4_2_200_154.csv,120,497,4,2,200,154,200,42
human_120_4980_4_17_200_142.csv,120,4980,4,17,200,142,200,42
human_120_4981_4_17_200_184.csv,120,4981,4,17,200,184,200,42
human_120_4982_4_17_200_159.csv,120,4982,4,17,200,159,200,42
human_120_4983_4_17_200_175.csv,120,4983,4,17,200,175,200,42
human_120_4984_4_17_200_146.csv,120,4984,4,17,200,146,200,42
human_120_4985_4_17_200_179.csv,120,4985,4,17,200,179,200,42
human_120_4986_4_17_200_139.csv,120,4986,4,17,200,139,200,42
human_120_4987_4_17_200_157.csv,120,4987,4,17,200,157,200,42
human_120_4988_4_17_200_122.csv,120,4988,4,17,200,122,200,42
human_120_4989_4_17_200_205.csv,120,4989,4,17,200,205,200,42
human_120_498_4_2_200_138.csv,120,498,4,2,200,138,200,42
human_120_4990_4_17_200_160.csv,120,4990,4,17,200,160,200,42
human_120_4991_4_17_200_128.csv,120,4991,4,17,200,128,200,42
human_120_4992_4_17_200_153.csv,120,4992,4,17,200,153,200,42
human_120_4993_4_17_200_176.csv,120,4993,4,17,200,176,200,42
human_120_4994_4_17_200_184.csv,120,4994,4,17,200,184,200,42
human_120_4995_4_17_200_184.csv,120,4995,4,17,200,184,200,42
human_120_4996_4_17_200_187.csv,120,4996,4,17,200,187,200,42
human_120_4997_4_17_200_193.csv,120,4997,4,17,200,193,200,42
human_120_4998_4_17_200_169.csv,120,4998,4,17,200,169,200,42
human_120_4999_4_17_200_128.csv,120,4999,4,17,200,128,200,42
human_120_499_4_2_200_162.csv,120,499,4,2,200,162,200,42
human_120_49_1_1_200_186.csv,120,49,1,1,200,186,200,42
human_120_4_1_1_200_193.csv,120,4,1,1,200,193,200,42
human_120_5000_4_17_200_203.csv,120,5000,4,17,200,203,200,42
human_120_5001_5_17_200_162.csv,120,5001,5,17,200,162,200,42
human_120_5002_5_17_200_182.csv,120,5002,5,17,200,182,200,42
human_120_5003_5_17_200_143.csv,120,5003,5,17,200,143,200,42
human_120_5004_5_17_200_174.csv,120,5004,5,17,200,174,200,42
human_120_5005_5_17_200_181.csv,120,5005,5,17,200,181,200,42
human_120_5006_5_17_200_191.csv,120,5006,5,17,200,191,200,42
human_120_5007_5_17_200_185.csv,120,5007,5,17,200,185,200,42
human_120_5008_5_17_200_183.csv,120,5008,5,17,200,183,200,42
human_120_5009_5_17_200_188.csv,120,5009,5,17,200,188,200,42
human_120_500_4_2_200_140.csv,120,500,4,2,200,140,200,42
human_120_5010_5_17_200_200.csv,120,5010,5,17,200,200,200,42
human_120_5011_5_17_200_146.csv,120,5011,5,17,200,146,200,42
human_120_5012_5_17_200_129.csv,120,5012,5,17,200,129,200,42
human_120_5013_5_17_200_191.csv,120,5013,5,17,200,191,200,42
human_120_5014_5_17_200_197.csv,120,5014,5,17,200,197,200,42
human_120_5015_5_17_200_175.csv,120,5015,5,17,200,175,200,42
human_120_5016_5_17_200_178.csv,120,5016,5,17,200,178,200,42
human_120_5017_5_17_200_170.csv,120,5017,5,17,200,170,200,42
human_120_5018_5_17_200_152.csv,120,5018,5,17,200,152,200,42
human_120_5019_5_17_200_151.csv,120,5019,5,17,200,151,200,42
human_120_501_5_2_200_172.csv,120,501,5,2,200,172,200,42
human_120_5020_5_17_200_153.csv,120,5020,5,17,200,153,200,42
human_120_5021_5_17_200_155.csv,120,5021,5,17,200,155,200,42
human_120_5022_5_17_200_155.csv,120,5022,5,17,200,155,200,42
human_120_5023_5_17_200_152.csv,120,5023,5,17,200,152,200,42
human_120_5024_5_17_200_162.csv,120,5024,5,17,200,162,200,42
human_120_5025_5_17_200_166.csv,120,5025,5,17,200,166,200,42
human_120_5026_5_17_200_152.csv,120,5026,5,17,200,152,200,42
human_120_5027_5_17_200_154.csv,120,5027,5,17,200,154,200,42
human_120_5028_5_17_200_200.csv,120,5028,5,17,200,200,200,42
human_120_5029_5_17_200_208.csv,120,5029,5,17,200,208,200,42
human_120_502_5_2_200_313.csv,120,502,5,2,200,313,200,42
human_120_5030_5_17_200_173.csv,120,5030,5,17,200,173,200,42
human_120_5031_5_17_200_150.csv,120,5031,5,17,200,150,200,42
human_120_5032_5_17_200_200.csv,120,5032,5,17,200,200,200,42
human_120_5033_5_17_200_165.csv,120,5033,5,17,200,165,200,42
human_120_5034_5_17_200_169.csv,120,5034,5,17,200,169,200,42
human_120_5035_5_17_200_178.csv,120,5035,5,17,200,178,200,42
human_120_5036_5_17_200_157.csv,120,5036,5,17,200,157,200,42
human_120_5037_5_17_200_194.csv,120,5037,5,17,200,194,200,42
human_120_5038_5_17_200_149.csv,120,5038,5,17,200,149,200,42
human_120_5039_5_17_200_200.csv,120,5039,5,17,200,200,200,42
human_120_503_5_2_200_155.csv,120,503,5,2,200,155,200,42
human_120_5040_5_17_200_194.csv,120,5040,5,17,200,194,200,42
human_120_5041_5_17_200_177.csv,120,5041,5,17,200,177,200,42
human_120_5042_5_17_200_186.csv,120,5042,5,17,200,186,200,42
human_120_5043_5_17_200_139.csv,120,5043,5,17,200,139,200,42
human_120_5044_5_17_200_193.csv,120,5044,5,17,200,193,200,42
human_120_5045_5_17_200_160.csv,120,5045,5,17,200,160,200,42
human_120_5046_5_17_200_183.csv,120,5046,5,17,200,183,200,42
human_120_5047_5_17_200_200.csv,120,5047,5,17,200,200,200,42
human_120_5048_5_17_200_166.csv,120,5048,5,17,200,166,200,42
human_120_5049_5_17_200_178.csv,120,5049,5,17,200,178,200,42
human_120_504_5_2_200_157.csv,120,504,5,2,200,157,200,42
human_120_5050_5_17_200_200.csv,120,5050,5,17,200,200,200,42
human_120_5051_6_17_200_155.csv,120,5051,6,17,200,155,200,42
human_120_5052_6_17_200_166.csv,120,5052,6,17,200,166,200,42
human_120_5053_6_17_200_174.csv,120,5053,6,17,200,174,200,42
human_120_5054_6_17_200_179.csv,120,5054,6,17,200,179,200,42
human_120_5055_6_17_200_172.csv,120,5055,6,17,200,172,200,42
human_120_5056_6_17_200_150.csv,120,5056,6,17,200,150,200,42
human_120_5057_6_17_200_168.csv,120,5057,6,17,200,168,200,42
human_120_5058_6_17_200_172.csv,120,5058,6,17,200,172,200,42
human_120_5059_6_17_200_152.csv,120,5059,6,17,200,152,200,42
human_120_505_5_2_200_187.csv,120,505,5,2,200,187,200,42
human_120_5060_6_17_200_181.csv,120,5060,6,17,200,181,200,42
human_120_5061_6_17_200_177.csv,120,5061,6,17,200,177,200,42
human_120_5062_6_17_200_158.csv,120,5062,6,17,200,158,200,42
human_120_5063_6_17_200_158.csv,120,5063,6,17,200,158,200,42
human_120_5064_6_17_200_147.csv,120,5064,6,17,200,147,200,42
human_120_5065_6_17_200_171.csv,120,5065,6,17,200,171,200,42
human_120_5066_6_17_200_157.csv,120,5066,6,17,200,157,200,42
human_120_5067_6_17_200_145.csv,120,5067,6,17,200,145,200,42
human_120_5068_6_17_200_195.csv,120,5068,6,17,200,195,200,42
human_120_5069_6_17_200_140.csv,120,5069,6,17,200,140,200,42
human_120_506_5_2_200_145.csv,120,506,5,2,200,145,200,42
human_120_5070_6_17_200_177.csv,120,5070,6,17,200,177,200,42
human_120_5071_6_17_200_175.csv,120,5071,6,17,200,175,200,42
human_120_5072_6_17_200_174.csv,120,5072,6,17,200,174,200,42
human_120_5073_6_17_200_160.csv,120,5073,6,17,200,160,200,42
human_120_5074_6_17_200_185.csv,120,5074,6,17,200,185,200,42
human_120_5075_6_17_200_175.csv,120,5075,6,17,200,175,200,42
human_120_5076_6_17_200_159.csv,120,5076,6,17,200,159,200,42
human_120_5077_6_17_200_168.csv,120,5077,6,17,200,168,200,42
human_120_5078_6_17_200_167.csv,120,5078,6,17,200,167,200,42
human_120_5079_6_17_200_158.csv,120,5079,6,17,200,158,200,42
human_120_507_5_2_200_157.csv,120,507,5,2,200,157,200,42
human_120_5080_6_17_200_156.csv,120,5080,6,17,200,156,200,42
human_120_5081_6_17_200_168.csv,120,5081,6,17,200,168,200,42
human_120_5082_6_17_200_151.csv,120,5082,6,17,200,151,200,42
human_120_5083_6_17_200_141.csv,120,5083,6,17,200,141,200,42
human_120_5084_6_17_200_166.csv,120,5084,6,17,200,166,200,42
human_120_5085_6_17_200_171.csv,120,5085,6,17,200,171,200,42
human_120_5086_6_17_200_154.csv,120,5086,6,17,200,154,200,42
human_120_5087_6_17_200_154.csv,120,5087,6,17,200,154,200,42
human_120_5088_6_17_200_154.csv,120,5088,6,17,200,154,200,42
human_120_5089_6_17_200_140.csv,120,5089,6,17,200,140,200,42
human_120_508_5_2_200_182.csv,120,508,5,2,200,182,200,42
human_120_5090_6_17_200_203.csv,120,5090,6,17,200,203,200,42
human_120_5091_6_17_200_157.csv,120,5091,6,17,200,157,200,42
human_120_5092_6_17_200_149.csv,120,5092,6,17,200,149,200,42
human_120_5093_6_17_200_166.csv,120,5093,6,17,200,166,200,42
human_120_5094_6_17_200_180.csv,120,5094,6,17,200,180,200,42
human_120_5095_6_17_200_140.csv,120,5095,6,17,200,140,200,42
human_120_5096_6_17_200_176.csv,120,5096,6,17,200,176,200,42
human_120_5097_6_17_200_164.csv,120,5097,6,17,200,164,200,42
human_120_5098_6_17_200_172.csv,120,5098,6,17,200,172,200,42
human_120_5099_6_17_200_164.csv,120,5099,6,17,200,164,200,42
human_120_509_5_2_200_173.csv,120,509,5,2,200,173,200,42
human_120_50_1_1_200_169.csv,120,50,1,1,200,169,200,42
human_120_5100_6_17_200_176.csv,120,5100,6,17,200,176,200,42
human_120_5101_1_18_200_154.csv,120,5101,1,18,200,154,200,42
human_120_5102_1_18_200_155.csv,120,5102,1,18,200,155,200,42
human_120_5103_1_18_200_162.csv,120,5103,1,18,200,162,200,42
human_120_5104_1_18_200_164.csv,120,5104,1,18,200,164,200,42
human_120_5105_1_18_200_159.csv,120,5105,1,18,200,159,200,42
human_120_5106_1_18_200_196.csv,120,5106,1,18,200,196,200,42
human_120_5107_1_18_200_157.csv,120,5107,1,18,200,157,200,42
human_120_5108_1_18_200_126.csv,120,5108,1,18,200,126,200,42
human_120_5109_1_18_200_181.csv,120,5109,1,18,200,181,200,42
human_120_510_5_2_200_169.csv,120,510,5,2,200,169,200,42
human_120_5110_1_18_200_132.csv,120,5110,1,18,200,132,200,42
human_120_5111_1_18_200_200.csv,120,5111,1,18,200,200,200,42
human_120_5112_1_18_200_142.csv,120,5112,1,18,200,142,200,42
human_120_5113_1_18_200_162.csv,120,5113,1,18,200,162,200,42
human_120_5114_1_18_200_194.csv,120,5114,1,18,200,194,200,42
human_120_5115_1_18_200_134.csv,120,5115,1,18,200,134,200,42
human_120_5116_1_18_200_157.csv,120,5116,1,18,200,157,200,42
human_120_5117_1_18_200_145.csv,120,5117,1,18,200,145,200,42
human_120_5118_1_18_200_213.csv,120,5118,1,18,200,213,200,42
human_120_5119_1_18_200_156.csv,120,5119,1,18,200,156,200,42
human_120_511_5_2_200_173.csv,120,511,5,2,200,173,200,42
human_120_5120_1_18_200_167.csv,120,5120,1,18,200,167,200,42
human_120_5121_1_18_200_135.csv,120,5121,1,18,200,135,200,42
human_120_5122_1_18_200_195.csv,120,5122,1,18,200,195,200,42
human_120_5123_1_18_200_160.csv,120,5123,1,18,200,160,200,42
human_120_5124_1_18_200_161.csv,120,5124,1,18,200,161,200,42
human_120_5125_1_18_200_130.csv,120,5125,1,18,200,130,200,42
human_120_5126_1_18_200_200.csv,120,5126,1,18,200,200,200,42
human_120_5127_1_18_200_155.csv,120,5127,1,18,200,155,200,42
human_120_5128_1_18_200_181.csv,120,5128,1,18,200,181,200,42
human_120_5129_1_18_200_133.csv,120,5129,1,18,200,133,200,42
human_120_512_5_2_200_173.csv,120,512,5,2,200,173,200,42
human_120_5130_1_18_200_187.csv,120,5130,1,18,200,187,200,42
human_120_5131_1_18_200_174.csv,120,5131,1,18,200,174,200,42
human_120_5132_1_18_200_161.csv,120,5132,1,18,200,161,200,42
human_120_5133_1_18_200_137.csv,120,5133,1,18,200,137,200,42
human_120_5134_1_18_200_171.csv,120,5134,1,18,200,171,200,42
human_120_5135_1_18_200_183.csv,120,5135,1,18,200,183,200,42
human_120_5136_1_18_200_157.csv,120,5136,1,18,200,157,200,42
human_120_5137_1_18_200_141.csv,120,5137,1,18,200,141,200,42
human_120_5138_1_18_200_168.csv,120,5138,1,18,200,168,200,42
human_120_5139_1_18_200_149.csv,120,5139,1,18,200,149,200,42
human_120_513_5_2_200_186.csv,120,513,5,2,200,186,200,42
human_120_5140_1_18_200_156.csv,120,5140,1,18,200,156,200,42
human_120_5141_1_18_200_198.csv,120,5141,1,18,200,198,200,42
human_120_5142_1_18_200_183.csv,120,5142,1,18,200,183,200,42
human_120_5143_1_18_200_170.csv,120,5143,1,18,200,170,200,42
human_120_5144_1_18_200_162.csv,120,5144,1,18,200,162,200,42
human_120_5145_1_18_200_136.csv,120,5145,1,18,200,136,200,42
human_120_5146_1_18_200_179.csv,120,5146,1,18,200,179,200,42
human_120_5147_1_18_200_191.csv,120,5147,1,18,200,191,200,42
human_120_5148_1_18_200_166.csv,120,5148,1,18,200,166,200,42
human_120_5149_1_18_200_177.csv,120,5149,1,18,200,177,200,42
human_120_514_5_2_200_167.csv,120,514,5,2,200,167,200,42
human_120_5150_1_18_200_142.csv,120,5150,1,18,200,142,200,42
human_120_5151_2_18_200_183.csv,120,5151,2,18,200,183,200,42
human_120_5152_2_18_200_205.csv,120,5152,2,18,200,205,200,42
human_120_5153_2_18_200_204.csv,120,5153,2,18,200,204,200,42
human_120_5154_2_18_200_193.csv,120,5154,2,18,200,193,200,42
human_120_5155_2_18_200_203.csv,120,5155,2,18,200,203,200,42
human_120_5156_2_18_200_173.csv,120,5156,2,18,200,173,200,42
human_120_5157_2_18_200_205.csv,120,5157,2,18,200,205,200,42
human_120_5158_2_18_200_205.csv,120,5158,2,18,200,205,200,42
human_120_5159_2_18_200_197.csv,120,5159,2,18,200,197,200,42
human_120_515_5_2_200_187.csv,120,515,5,2,200,187,200,42
human_120_5160_2_18_200_184.csv,120,5160,2,18,200,184,200,42
human_120_5161_2_18_200_181.csv,120,5161,2,18,200,181,200,42
human_120_5162_2_18_200_210.csv,120,5162,2,18,200,210,200,42
human_120_5163_2_18_200_207.csv,120,5163,2,18,200,207,200,42
human_120_5164_2_18_200_197.csv,120,5164,2,18,200,197,200,42
human_120_5165_2_18_200_212.csv,120,5165,2,18,200,212,200,42
human_120_5166_2_18_200_194.csv,120,5166,2,18,200,194,200,42
human_120_5167_2_18_200_211.csv,120,5167,2,18,200,211,200,42
human_120_5168_2_18_200_200.csv,120,5168,2,18,200,200,200,42
human_120_5169_2_18_200_211.csv,120,5169,2,18,200,211,200,42
human_120_516_5_2_200_198.csv,120,516,5,2,200,198,200,42
human_120_5170_2_18_200_190.csv,120,5170,2,18,200,190,200,42
human_120_5171_2_18_200_200.csv,120,5171,2,18,200,200,200,42
human_120_5172_2_18_200_195.csv,120,5172,2,18,200,195,200,42
human_120_5173_2_18_200_190.csv,120,5173,2,18,200,190,200,42
human_120_5174_2_18_200_174.csv,120,5174,2,18,200,174,200,42
human_120_5175_2_18_200_186.csv,120,5175,2,18,200,186,200,42
human_120_5176_2_18_200_217.csv,120,5176,2,18,200,217,200,42
human_120_5177_2_18_200_215.csv,120,5177,2,18,200,215,200,42
human_120_5178_2_18_200_200.csv,120,5178,2,18,200,200,200,42
human_120_5179_2_18_200_209.csv,120,5179,2,18,200,209,200,42
human_120_517_5_2_200_185.csv,120,517,5,2,200,185,200,42
human_120_5180_2_18_200_200.csv,120,5180,2,18,200,200,200,42
human_120_5181_2_18_200_174.csv,120,5181,2,18,200,174,200,42
human_120_5182_2_18_200_200.csv,120,5182,2,18,200,200,200,42
human_120_5183_2_18_200_206.csv,120,5183,2,18,200,206,200,42
human_120_5184_2_18_200_189.csv,120,5184,2,18,200,189,200,42
human_120_5185_2_18_200_213.csv,120,5185,2,18,200,213,200,42
human_120_5186_2_18_200_203.csv,120,5186,2,18,200,203,200,42
human_120_5187_2_18_200_201.csv,120,5187,2,18,200,201,200,42
human_120_5188_2_18_200_205.csv,120,5188,2,18,200,205,200,42
human_120_5189_2_18_200_200.csv,120,5189,2,18,200,200,200,42
human_120_518_5_2_200_213.csv,120,518,5,2,200,213,200,42
human_120_5190_2_18_200_207.csv,120,5190,2,18,200,207,200,42
human_120_5191_2_18_200_200.csv,120,5191,2,18,200,200,200,42
human_120_5192_2_18_200_220.csv,120,5192,2,18,200,220,200,42
human_120_5193_2_18_200_163.csv,120,5193,2,18,200,163,200,42
human_120_5194_2_18_200_184.csv,120,5194,2,18,200,184,200,42
human_120_5195_2_18_200_203.csv,120,5195,2,18,200,203,200,42
human_120_5196_2_18_200_209.csv,120,5196,2,18,200,209,200,42
human_120_5197_2_18_200_209.csv,120,5197,2,18,200,209,200,42
human_120_5198_2_18_200_204.csv,120,5198,2,18,200,204,200,42
human_120_5199_2_18_200_188.csv,120,5199,2,18,200,188,200,42
human_120_519_5_2_200_162.csv,120,519,5,2,200,162,200,42
human_120_51_2_1_200_202.csv,120,51,2,1,200,202,200,42
human_120_5200_2_18_200_200.csv,120,5200,2,18,200,200,200,42
human_120_5201_3_18_200_150.csv,120,5201,3,18,200,150,200,42
human_120_5202_3_18_200_153.csv,120,5202,3,18,200,153,200,42
human_120_5203_3_18_200_161.csv,120,5203,3,18,200,161,200,42
human_120_5204_3_18_200_174.csv,120,5204,3,18,200,174,200,42
human_120_5205_3_18_200_192.csv,120,5205,3,18,200,192,200,42
human_120_5206_3_18_200_182.csv,120,5206,3,18,200,182,200,42
human_120_5207_3_18_200_174.csv,120,5207,3,18,200,174,200,42
human_120_5208_3_18_200_171.csv,120,5208,3,18,200,171,200,42
human_120_5209_3_18_200_183.csv,120,5209,3,18,200,183,200,42
human_120_520_5_2_200_182.csv,120,520,5,2,200,182,200,42
human_120_5210_3_18_200_200.csv,120,5210,3,18,200,200,200,42
human_120_5211_3_18_200_178.csv,120,5211,3,18,200,178,200,42
human_120_5212_3_18_200_182.csv,120,5212,3,18,200,182,200,42
human_120_5213_3_18_200_186.csv,120,5213,3,18,200,186,200,42
human_120_5214_3_18_200_186.csv,120,5214,3,18,200,186,200,42
human_120_5215_3_18_200_203.csv,120,5215,3,18,200,203,200,42
human_120_5216_3_18_200_177.csv,120,5216,3,18,200,177,200,42
human_120_5217_3_18_200_203.csv,120,5217,3,18,200,203,200,42
human_120_5218_3_18_200_181.csv,120,5218,3,18,200,181,200,42
human_120_5219_3_18_200_196.csv,120,5219,3,18,200,196,200,42
human_120_521_5_2_200_191.csv,120,521,5,2,200,191,200,42
human_120_5220_3_18_200_181.csv,120,5220,3,18,200,181,200,42
human_120_5221_3_18_200_153.csv,120,5221,3,18,200,153,200,42
human_120_5222_3_18_200_198.csv,120,5222,3,18,200,198,200,42
human_120_5223_3_18_200_174.csv,120,5223,3,18,200,174,200,42
human_120_5224_3_18_200_210.csv,120,5224,3,18,200,210,200,42
human_120_5225_3_18_200_172.csv,120,5225,3,18,200,172,200,42
human_120_5226_3_18_200_195.csv,120,5226,3,18,200,195,200,42
human_120_5227_3_18_200_192.csv,120,5227,3,18,200,192,200,42
human_120_5228_3_18_200_153.csv,120,5228,3,18,200,153,200,42
human_120_5229_3_18_200_182.csv,120,5229,3,18,200,182,200,42
human_120_522_5_2_200_185.csv,120,522,5,2,200,185,200,42
human_120_5230_3_18_200_201.csv,120,5230,3,18,200,201,200,42
human_120_5231_3_18_200_177.csv,120,5231,3,18,200,177,200,42
human_120_5232_3_18_200_168.csv,120,5232,3,18,200,168,200,42
human_120_5233_3_18_200_193.csv,120,5233,3,18,200,193,200,42
human_120_5234_3_18_200_164.csv,120,5234,3,18,200,164,200,42
human_120_5235_3_18_200_184.csv,120,5235,3,18,200,184,200,42
human_120_5236_3_18_200_210.csv,120,5236,3,18,200,210,200,42
human_120_5237_3_18_200_187.csv,120,5237,3,18,200,187,200,42
human_120_5238_3_18_200_192.csv,120,5238,3,18,200,192,200,42
human_120_5239_3_18_200_192.csv,120,5239,3,18,200,192,200,42
human_120_523_5_2_200_202.csv,120,523,5,2,200,202,200,42
human_120_5240_3_18_200_208.csv,120,5240,3,18,200,208,200,42
human_120_5241_3_18_200_155.csv,120,5241,3,18,200,155,200,42
human_120_5242_3_18_200_184.csv,120,5242,3,18,200,184,200,42
human_120_5243_3_18_200_198.csv,120,5243,3,18,200,198,200,42
human_120_5244_3_18_200_195.csv,120,5244,3,18,200,195,200,42
human_120_5245_3_18_200_184.csv,120,5245,3,18,200,184,200,42
human_120_5246_3_18_200_207.csv,120,5246,3,18,200,207,200,42
human_120_5247_3_18_200_188.csv,120,5247,3,18,200,188,200,42
human_120_5248_3_18_200_180.csv,120,5248,3,18,200,180,200,42
human_120_5249_3_18_200_188.csv,120,5249,3,18,200,188,200,42
human_120_524_5_2_200_189.csv,120,524,5,2,200,189,200,42
human_120_5250_3_18_200_200.csv,120,5250,3,18,200,200,200,42
human_120_5251_4_18_200_199.csv,120,5251,4,18,200,199,200,42
human_120_5252_4_18_200_185.csv,120,5252,4,18,200,185,200,42
human_120_5253_4_18_200_197.csv,120,5253,4,18,200,197,200,42
human_120_5254_4_18_200_174.csv,120,5254,4,18,200,174,200,42
human_120_5255_4_18_200_185.csv,120,5255,4,18,200,185,200,42
human_120_5256_4_18_200_204.csv,120,5256,4,18,200,204,200,42
human_120_5257_4_18_200_169.csv,120,5257,4,18,200,169,200,42
human_120_5258_4_18_200_200.csv,120,5258,4,18,200,200,200,42
human_120_5259_4_18_200_165.csv,120,5259,4,18,200,165,200,42
human_120_525_5_2_200_175.csv,120,525,5,2,200,175,200,42
human_120_5260_4_18_200_182.csv,120,5260,4,18,200,182,200,42
human_120_5261_4_18_200_210.csv,120,5261,4,18,200,210,200,42
human_120_5262_4_18_200_159.csv,120,5262,4,18,200,159,200,42
human_120_5263_4_18_200_199.csv,120,5263,4,18,200,199,200,42
human_120_5264_4_18_200_164.csv,120,5264,4,18,200,164,200,42
human_120_5265_4_18_200_201.csv,120,5265,4,18,200,201,200,42
human_120_5266_4_18_200_166.csv,120,5266,4,18,200,166,200,42
human_120_5267_4_18_200_174.csv,120,5267,4,18,200,174,200,42
human_120_5268_4_18_200_185.csv,120,5268,4,18,200,185,200,42
human_120_5269_4_18_200_159.csv,120,5269,4,18,200,159,200,42
human_120_526_5_2_200_193.csv,120,526,5,2,200,193,200,42
human_120_5270_4_18_200_176.csv,120,5270,4,18,200,176,200,42
human_120_5271_4_18_200_173.csv,120,5271,4,18,200,173,200,42
human_120_5272_4_18_200_174.csv,120,5272,4,18,200,174,200,42
human_120_5273_4_18_200_165.csv,120,5273,4,18,200,165,200,42
human_120_5274_4_18_200_158.csv,120,5274,4,18,200,158,200,42
human_120_5275_4_18_200_184.csv,120,5275,4,18,200,184,200,42
human_120_5276_4_18_200_191.csv,120,5276,4,18,200,191,200,42
human_120_5277_4_18_200_173.csv,120,5277,4,18,200,173,200,42
human_120_5278_4_18_200_168.csv,120,5278,4,18,200,168,200,42
human_120_5279_4_18_200_157.csv,120,5279,4,18,200,157,200,42
human_120_527_5_2_200_195.csv,120,527,5,2,200,195,200,42
human_120_5280_4_18_200_160.csv,120,5280,4,18,200,160,200,42
human_120_5281_4_18_200_176.csv,120,5281,4,18,200,176,200,42
human_120_5282_4_18_200_158.csv,120,5282,4,18,200,158,200,42
human_120_5283_4_18_200_170.csv,120,5283,4,18,200,170,200,42
human_120_5284_4_18_200_163.csv,120,5284,4,18,200,163,200,42
human_120_5285_4_18_200_161.csv,120,5285,4,18,200,161,200,42
human_120_5286_4_18_200_158.csv,120,5286,4,18,200,158,200,42
human_120_5287_4_18_200_165.csv,120,5287,4,18,200,165,200,42
human_120_5288_4_18_200_161.csv,120,5288,4,18,200,161,200,42
human_120_5289_4_18_200_163.csv,120,5289,4,18,200,163,200,42
human_120_528_5_2_200_233.csv,120,528,5,2,200,233,200,42
human_120_5290_4_18_200_150.csv,120,5290,4,18,200,150,200,42
human_120_5291_4_18_200_156.csv,120,5291,4,18,200,156,200,42
human_120_5292_4_18_200_144.csv,120,5292,4,18,200,144,200,42
human_120_5293_4_18_200_195.csv,120,5293,4,18,200,195,200,42
human_120_5294_4_18_200_143.csv,120,5294,4,18,200,143,200,42
human_120_5295_4_18_200_179.csv,120,5295,4,18,200,179,200,42
human_120_5296_4_18_200_164.csv,120,5296,4,18,200,164,200,42
human_120_5297_4_18_200_180.csv,120,5297,4,18,200,180,200,42
human_120_5298_4_18_200_172.csv,120,5298,4,18,200,172,200,42
human_120_5299_4_18_200_175.csv,120,5299,4,18,200,175,200,42
human_120_529_5_2_200_180.csv,120,529,5,2,200,180,200,42
human_120_52_2_1_200_193.csv,120,52,2,1,200,193,200,42
human_120_5300_4_18_200_167.csv,120,5300,4,18,200,167,200,42
human_120_5301_5_18_200_177.csv,120,5301,5,18,200,177,200,42
human_120_5302_5_18_200_188.csv,120,5302,5,18,200,188,200,42
human_120_5303_5_18_200_229.csv,120,5303,5,18,200,229,200,42
human_120_5304_5_18_200_195.csv,120,5304,5,18,200,195,200,42
human_120_5305_5_18_200_195.csv,120,5305,5,18,200,195,200,42
human_120_5306_5_18_200_184.csv,120,5306,5,18,200,184,200,42
human_120_5307_5_18_200_202.csv,120,5307,5,18,200,202,200,42
human_120_5308_5_18_200_180.csv,120,5308,5,18,200,180,200,42
human_120_5309_5_18_200_195.csv,120,5309,5,18,200,195,200,42
human_120_530_5_2_200_160.csv,120,530,5,2,200,160,200,42
human_120_5310_5_18_200_191.csv,120,5310,5,18,200,191,200,42
human_120_5311_5_18_200_184.csv,120,5311,5,18,200,184,200,42
human_120_5312_5_18_200_188.csv,120,5312,5,18,200,188,200,42
human_120_5313_5_18_200_208.csv,120,5313,5,18,200,208,200,42
human_120_5314_5_18_200_195.csv,120,5314,5,18,200,195,200,42
human_120_5315_5_18_200_195.csv,120,5315,5,18,200,195,200,42
human_120_5316_5_18_200_169.csv,120,5316,5,18,200,169,200,42
human_120_5317_5_18_200_212.csv,120,5317,5,18,200,212,200,42
human_120_5318_5_18_200_198.csv,120,5318,5,18,200,198,200,42
human_120_5319_5_18_200_192.csv,120,5319,5,18,200,192,200,42
human_120_531_5_2_200_172.csv,120,531,5,2,200,172,200,42
human_120_5320_5_18_200_200.csv,120,5320,5,18,200,200,200,42
human_120_5321_5_18_200_160.csv,120,5321,5,18,200,160,200,42
human_120_5322_5_18_200_239.csv,120,5322,5,18,200,239,200,42
human_120_5323_5_18_200_181.csv,120,5323,5,18,200,181,200,42
human_120_5324_5_18_200_200.csv,120,5324,5,18,200,200,200,42
human_120_5325_5_18_200_191.csv,120,5325,5,18,200,191,200,42
human_120_5326_5_18_200_188.csv,120,5326,5,18,200,188,200,42
human_120_5327_5_18_200_175.csv,120,5327,5,18,200,175,200,42
human_120_5328_5_18_200_198.csv,120,5328,5,18,200,198,200,42
human_120_5329_5_18_200_200.csv,120,5329,5,18,200,200,200,42
human_120_532_5_2_200_168.csv,120,532,5,2,200,168,200,42
human_120_5330_5_18_200_169.csv,120,5330,5,18,200,169,200,42
human_120_5331_5_18_200_212.csv,120,5331,5,18,200,212,200,42
human_120_5332_5_18_200_201.csv,120,5332,5,18,200,201,200,42
human_120_5333_5_18_200_149.csv,120,5333,5,18,200,149,200,42
human_120_5334_5_18_200_217.csv,120,5334,5,18,200,217,200,42
human_120_5335_5_18_200_185.csv,120,5335,5,18,200,185,200,42
human_120_5336_5_18_200_166.csv,120,5336,5,18,200,166,200,42
human_120_5337_5_18_200_225.csv,120,5337,5,18,200,225,200,42
human_120_5338_5_18_200_209.csv,120,5338,5,18,200,209,200,42
human_120_5339_5_18_200_189.csv,120,5339,5,18,200,189,200,42
human_120_533_5_2_200_172.csv,120,533,5,2,200,172,200,42
human_120_5340_5_18_200_200.csv,120,5340,5,18,200,200,200,42
human_120_5341_5_18_200_218.csv,120,5341,5,18,200,218,200,42
human_120_5342_5_18_200_194.csv,120,5342,5,18,200,194,200,42
human_120_5343_5_18_200_188.csv,120,5343,5,18,200,188,200,42
human_120_5344_5_18_200_210.csv,120,5344,5,18,200,210,200,42
human_120_5345_5_18_200_172.csv,120,5345,5,18,200,172,200,42
human_120_5346_5_18_200_228.csv,120,5346,5,18,200,228,200,42
human_120_5347_5_18_200_180.csv,120,5347,5,18,200,180,200,42
human_120_5348_5_18_200_204.csv,120,5348,5,18,200,204,200,42
human_120_5349_5_18_200_203.csv,120,5349,5,18,200,203,200,42
human_120_534_5_2_200_209.csv,120,534,5,2,200,209,200,42
human_120_5350_5_18_200_196.csv,120,5350,5,18,200,196,200,42
human_120_5351_6_18_200_160.csv,120,5351,6,18,200,160,200,42
human_120_5352_6_18_200_174.csv,120,5352,6,18,200,174,200,42
human_120_5353_6_18_200_175.csv,120,5353,6,18,200,175,200,42
human_120_5354_6_18_200_196.csv,120,5354,6,18,200,196,200,42
human_120_5355_6_18_200_176.csv,120,5355,6,18,200,176,200,42
human_120_5356_6_18_200_145.csv,120,5356,6,18,200,145,200,42
human_120_5357_6_18_200_171.csv,120,5357,6,18,200,171,200,42
human_120_5358_6_18_200_161.csv,120,5358,6,18,200,161,200,42
human_120_5359_6_18_200_153.csv,120,5359,6,18,200,153,200,42
human_120_535_5_2_200_173.csv,120,535,5,2,200,173,200,42
human_120_5360_6_18_200_164.csv,120,5360,6,18,200,164,200,42
human_120_5361_6_18_200_194.csv,120,5361,6,18,200,194,200,42
human_120_5362_6_18_200_152.csv,120,5362,6,18,200,152,200,42
human_120_5363_6_18_200_185.csv,120,5363,6,18,200,185,200,42
human_120_5364_6_18_200_188.csv,120,5364,6,18,200,188,200,42
human_120_5365_6_18_200_178.csv,120,5365,6,18,200,178,200,42
human_120_5366_6_18_200_161.csv,120,5366,6,18,200,161,200,42
human_120_5367_6_18_200_149.csv,120,5367,6,18,200,149,200,42
human_120_5368_6_18_200_187.csv,120,5368,6,18,200,187,200,42
human_120_5369_6_18_200_153.csv,120,5369,6,18,200,153,200,42
human_120_536_5_2_200_193.csv,120,536,5,2,200,193,200,42
human_120_5370_6_18_200_173.csv,120,5370,6,18,200,173,200,42
human_120_5371_6_18_200_190.csv,120,5371,6,18,200,190,200,42
human_120_5372_6_18_200_152.csv,120,5372,6,18,200,152,200,42
human_120_5373_6_18_200_161.csv,120,5373,6,18,200,161,200,42
human_120_5374_6_18_200_193.csv,120,5374,6,18,200,193,200,42
human_120_5375_6_18_200_173.csv,120,5375,6,18,200,173,200,42
human_120_5376_6_18_200_150.csv,120,5376,6,18,200,150,200,42
human_120_5377_6_18_200_153.csv,120,5377,6,18,200,153,200,42
human_120_5378_6_18_200_140.csv,120,5378,6,18,200,140,200,42
human_120_5379_6_18_200_171.csv,120,5379,6,18,200,171,200,42
human_120_537_5_2_200_179.csv,120,537,5,2,200,179,200,42
human_120_5380_6_18_200_169.csv,120,5380,6,18,200,169,200,42
human_120_5381_6_18_200_161.csv,120,5381,6,18,200,161,200,42
human_120_5382_6_18_200_158.csv,120,5382,6,18,200,158,200,42
human_120_5383_6_18_200_156.csv,120,5383,6,18,200,156,200,42
human_120_5384_6_18_200_167.csv,120,5384,6,18,200,167,200,42
human_120_5385_6_18_200_169.csv,120,5385,6,18,200,169,200,42
human_120_5386_6_18_200_160.csv,120,5386,6,18,200,160,200,42
human_120_5387_6_18_200_168.csv,120,5387,6,18,200,168,200,42
human_120_5388_6_18_200_153.csv,120,5388,6,18,200,153,200,42
human_120_5389_6_18_200_147.csv,120,5389,6,18,200,147,200,42
human_120_538_5_2_200_175.csv,120,538,5,2,200,175,200,42
human_120_5390_6_18_200_200.csv,120,5390,6,18,200,200,200,42
human_120_5391_6_18_200_176.csv,120,5391,6,18,200,176,200,42
human_120_5392_6_18_200_168.csv,120,5392,6,18,200,168,200,42
human_120_5393_6_18_200_185.csv,120,5393,6,18,200,185,200,42
human_120_5394_6_18_200_194.csv,120,5394,6,18,200,194,200,42
human_120_5395_6_18_200_154.csv,120,5395,6,18,200,154,200,42
human_120_5396_6_18_200_177.csv,120,5396,6,18,200,177,200,42
human_120_5397_6_18_200_162.csv,120,5397,6,18,200,162,200,42
human_120_5398_6_18_200_177.csv,120,5398,6,18,200,177,200,42
human_120_5399_6_18_200_177.csv,120,5399,6,18,200,177,200,42
human_120_539_5_2_200_179.csv,120,539,5,2,200,179,200,42
human_120_53_2_1_200_206.csv,120,53,2,1,200,206,200,42
human_120_5400_6_18_200_170.csv,120,5400,6,18,200,170,200,42
human_120_5401_1_19_200_155.csv,120,5401,1,19,200,155,200,42
human_120_5402_1_19_200_174.csv,120,5402,1,19,200,174,200,42
human_120_5403_1_19_200_184.csv,120,5403,1,19,200,184,200,42
human_120_5404_1_19_200_189.csv,120,5404,1,19,200,189,200,42
human_120_5405_1_19_200_170.csv,120,5405,1,19,200,170,200,42
human_120_5406_1_19_200_178.csv,120,5406,1,19,200,178,200,42
human_120_5407_1_19_200_141.csv,120,5407,1,19,200,141,200,42
human_120_5408_1_19_200_167.csv,120,5408,1,19,200,167,200,42
human_120_5409_1_19_200_208.csv,120,5409,1,19,200,208,200,42
human_120_540_5_2_200_199.csv,120,540,5,2,200,199,200,42
human_120_5410_1_19_200_174.csv,120,5410,1,19,200,174,200,42
human_120_5411_1_19_200_179.csv,120,5411,1,19,200,179,200,42
human_120_5412_1_19_200_170.csv,120,5412,1,19,200,170,200,42
human_120_5413_1_19_200_165.csv,120,5413,1,19,200,165,200,42
human_120_5414_1_19_200_159.csv,120,5414,1,19,200,159,200,42
human_120_5415_1_19_200_200.csv,120,5415,1,19,200,200,200,42
human_120_5416_1_19_200_200.csv,120,5416,1,19,200,200,200,42
human_120_5417_1_19_200_191.csv,120,5417,1,19,200,191,200,42
human_120_5418_1_19_200_134.csv,120,5418,1,19,200,134,200,42
human_120_5419_1_19_200_186.csv,120,5419,1,19,200,186,200,42
human_120_541_5_2_200_178.csv,120,541,5,2,200,178,200,42
human_120_5420_1_19_200_200.csv,120,5420,1,19,200,200,200,42
human_120_5421_1_19_200_186.csv,120,5421,1,19,200,186,200,42
human_120_5422_1_19_200_171.csv,120,5422,1,19,200,171,200,42
human_120_5423_1_19_200_174.csv,120,5423,1,19,200,174,200,42
human_120_5424_1_19_200_178.csv,120,5424,1,19,200,178,200,42
human_120_5425_1_19_200_181.csv,120,5425,1,19,200,181,200,42
human_120_5426_1_19_200_182.csv,120,5426,1,19,200,182,200,42
human_120_5427_1_19_200_189.csv,120,5427,1,19,200,189,200,42
human_120_5428_1_19_200_196.csv,120,5428,1,19,200,196,200,42
human_120_5429_1_19_200_166.csv,120,5429,1,19,200,166,200,42
human_120_542_5_2_200_177.csv,120,542,5,2,200,177,200,42
human_120_5430_1_19_200_196.csv,120,5430,1,19,200,196,200,42
human_120_5431_1_19_200_172.csv,120,5431,1,19,200,172,200,42
human_120_5432_1_19_200_187.csv,120,5432,1,19,200,187,200,42
human_120_5433_1_19_200_182.csv,120,5433,1,19,200,182,200,42
human_120_5434_1_19_200_140.csv,120,5434,1,19,200,140,200,42
human_120_5435_1_19_200_181.csv,120,5435,1,19,200,181,200,42
human_120_5436_1_19_200_204.csv,120,5436,1,19,200,204,200,42
human_120_5437_1_19_200_159.csv,120,5437,1,19,200,159,200,42
human_120_5438_1_19_200_181.csv,120,5438,1,19,200,181,200,42
human_120_5439_1_19_200_194.csv,120,5439,1,19,200,194,200,42
human_120_543_5_2_200_186.csv,120,543,5,2,200,186,200,42
human_120_5440_1_19_200_166.csv,120,5440,1,19,200,166,200,42
human_120_5441_1_19_200_218.csv,120,5441,1,19,200,218,200,42
human_120_5442_1_19_200_176.csv,120,5442,1,19,200,176,200,42
human_120_5443_1_19_200_179.csv,120,5443,1,19,200,179,200,42
human_120_5444_1_19_200_179.csv,120,5444,1,19,200,179,200,42
human_120_5445_1_19_200_185.csv,120,5445,1,19,200,185,200,42
human_120_5446_1_19_200_166.csv,120,5446,1,19,200,166,200,42
human_120_5447_1_19_200_166.csv,120,5447,1,19,200,166,200,42
human_120_5448_1_19_200_212.csv,120,5448,1,19,200,212,200,42
human_120_5449_1_19_200_172.csv,120,5449,1,19,200,172,200,42
human_120_544_5_2_200_186.csv,120,544,5,2,200,186,200,42
human_120_5450_1_19_200_158.csv,120,5450,1,19,200,158,200,42
human_120_5451_2_19_200_167.csv,120,5451,2,19,200,167,200,42
human_120_5452_2_19_200_181.csv,120,5452,2,19,200,181,200,42
human_120_5453_2_19_200_191.csv,120,5453,2,19,200,191,200,42
human_120_5454_2_19_200_176.csv,120,5454,2,19,200,176,200,42
human_120_5455_2_19_200_178.csv,120,5455,2,19,200,178,200,42
human_120_5456_2_19_200_179.csv,120,5456,2,19,200,179,200,42
human_120_5457_2_19_200_188.csv,120,5457,2,19,200,188,200,42
human_120_5458_2_19_200_162.csv,120,5458,2,19,200,162,200,42
human_120_5459_2_19_200_182.csv,120,5459,2,19,200,182,200,42
human_120_545_5_2_200_195.csv,120,545,5,2,200,195,200,42
human_120_5460_2_19_200_187.csv,120,5460,2,19,200,187,200,42
human_120_5461_2_19_200_183.csv,120,5461,2,19,200,183,200,42
human_120_5462_2_19_200_154.csv,120,5462,2,19,200,154,200,42
human_120_5463_2_19_200_215.csv,120,5463,2,19,200,215,200,42
human_120_5464_2_19_200_190.csv,120,5464,2,19,200,190,200,42
human_120_5465_2_19_200_169.csv,120,5465,2,19,200,169,200,42
human_120_5466_2_19_200_161.csv,120,5466,2,19,200,161,200,42
human_120_5467_2_19_200_200.csv,120,5467,2,19,200,200,200,42
human_120_5468_2_19_200_186.csv,120,5468,2,19,200,186,200,42
human_120_5469_2_19_200_180.csv,120,5469,2,19,200,180,200,42
human_120_546_5_2_200_165.csv,120,546,5,2,200,165,200,42
human_120_5470_2_19_200_180.csv,120,5470,2,19,200,180,200,42
human_120_5471_2_19_200_169.csv,120,5471,2,19,200,169,200,42
human_120_5472_2_19_200_185.csv,120,5472,2,19,200,185,200,42
human_120_5473_2_19_200_185.csv,120,5473,2,19,200,185,200,42
human_120_5474_2_19_200_176.csv,120,5474,2,19,200,176,200,42
human_120_5475_2_19_200_194.csv,120,5475,2,19,200,194,200,42
human_120_5476_2_19_200_178.csv,120,5476,2,19,200,178,200,42
human_120_5477_2_19_200_189.csv,120,5477,2,19,200,189,200,42
human_120_5478_2_19_200_182.csv,120,5478,2,19,200,182,200,42
human_120_5479_2_19_200_181.csv,120,5479,2,19,200,181,200,42
human_120_547_5_2_200_178.csv,120,547,5,2,200,178,200,42
human_120_5480_2_19_200_178.csv,120,5480,2,19,200,178,200,42
human_120_5481_2_19_200_185.csv,120,5481,2,19,200,185,200,42
human_120_5482_2_19_200_178.csv,120,5482,2,19,200,178,200,42
human_120_5483_2_19_200_192.csv,120,5483,2,19,200,192,200,42
human_120_5484_2_19_200_183.csv,120,5484,2,19,200,183,200,42
human_120_5485_2_19_200_181.csv,120,5485,2,19,200,181,200,42
human_120_5486_2_19_200_182.csv,120,5486,2,19,200,182,200,42
human_120_5487_2_19_200_188.csv,120,5487,2,19,200,188,200,42
human_120_5488_2_19_200_186.csv,120,5488,2,19,200,186,200,42
human_120_5489_2_19_200_184.csv,120,5489,2,19,200,184,200,42
human_120_548_5_2_200_214.csv,120,548,5,2,200,214,200,42
human_120_5490_2_19_200_186.csv,120,5490,2,19,200,186,200,42
human_120_5491_2_19_200_176.csv,120,5491,2,19,200,176,200,42
human_120_5492_2_19_200_178.csv,120,5492,2,19,200,178,200,42
human_120_5493_2_19_200_192.csv,120,5493,2,19,200,192,200,42
human_120_5494_2_19_200_184.csv,120,5494,2,19,200,184,200,42
human_120_5495_2_19_200_185.csv,120,5495,2,19,200,185,200,42
human_120_5496_2_19_200_197.csv,120,5496,2,19,200,197,200,42
human_120_5497_2_19_200_188.csv,120,5497,2,19,200,188,200,42
human_120_5498_2_19_200_182.csv,120,5498,2,19,200,182,200,42
human_120_5499_2_19_200_189.csv,120,5499,2,19,200,189,200,42
human_120_549_5_2_200_170.csv,120,549,5,2,200,170,200,42
human_120_54_2_1_200_203.csv,120,54,2,1,200,203,200,42
human_120_5500_2_19_200_180.csv,120,5500,2,19,200,180,200,42
human_120_5501_3_19_200_157.csv,120,5501,3,19,200,157,200,42
human_120_5502_3_19_200_156.csv,120,5502,3,19,200,156,200,42
human_120_5503_3_19_200_182.csv,120,5503,3,19,200,182,200,42
human_120_5504_3_19_200_194.csv,120,5504,3,19,200,194,200,42
human_120_5505_3_19_200_187.csv,120,5505,3,19,200,187,200,42
human_120_5506_3_19_200_167.csv,120,5506,3,19,200,167,200,42
human_120_5507_3_19_200_225.csv,120,5507,3,19,200,225,200,42
human_120_5508_3_19_200_206.csv,120,5508,3,19,200,206,200,42
human_120_5509_3_19_200_187.csv,120,5509,3,19,200,187,200,42
human_120_550_5_2_200_215.csv,120,550,5,2,200,215,200,42
human_120_5510_3_19_200_199.csv,120,5510,3,19,200,199,200,42
human_120_5511_3_19_200_198.csv,120,5511,3,19,200,198,200,42
human_120_5512_3_19_200_200.csv,120,5512,3,19,200,200,200,42
human_120_5513_3_19_200_204.csv,120,5513,3,19,200,204,200,42
human_120_5514_3_19_200_188.csv,120,5514,3,19,200,188,200,42
human_120_5515_3_19_200_198.csv,120,5515,3,19,200,198,200,42
human_120_5516_3_19_200_195.csv,120,5516,3,19,200,195,200,42
human_120_5517_3_19_200_198.csv,120,5517,3,19,200,198,200,42
human_120_5518_3_19_200_201.csv,120,5518,3,19,200,201,200,42
human_120_5519_3_19_200_200.csv,120,5519,3,19,200,200,200,42
human_120_551_6_2_200_179.csv,120,551,6,2,200,179,200,42
human_120_5520_3_19_200_198.csv,120,5520,3,19,200,198,200,42
human_120_5521_3_19_200_199.csv,120,5521,3,19,200,199,200,42
human_120_5522_3_19_200_172.csv,120,5522,3,19,200,172,200,42
human_120_5523_3_19_200_202.csv,120,5523,3,19,200,202,200,42
human_120_5524_3_19_200_213.csv,120,5524,3,19,200,213,200,42
human_120_5525_3_19_200_166.csv,120,5525,3,19,200,166,200,42
human_120_5526_3_19_200_206.csv,120,5526,3,19,200,206,200,42
human_120_5527_3_19_200_178.csv,120,5527,3,19,200,178,200,42
human_120_5528_3_19_200_191.csv,120,5528,3,19,200,191,200,42
human_120_5529_3_19_200_181.csv,120,5529,3,19,200,181,200,42
human_120_552_6_2_200_171.csv,120,552,6,2,200,171,200,42
human_120_5530_3_19_200_170.csv,120,5530,3,19,200,170,200,42
human_120_5531_3_19_200_187.csv,120,5531,3,19,200,187,200,42
human_120_5532_3_19_200_189.csv,120,5532,3,19,200,189,200,42
human_120_5533_3_19_200_177.csv,120,5533,3,19,200,177,200,42
human_120_5534_3_19_200_197.csv,120,5534,3,19,200,197,200,42
human_120_5535_3_19_200_175.csv,120,5535,3,19,200,175,200,42
human_120_5536_3_19_200_176.csv,120,5536,3,19,200,176,200,42
human_120_5537_3_19_200_185.csv,120,5537,3,19,200,185,200,42
human_120_5538_3_19_200_221.csv,120,5538,3,19,200,221,200,42
human_120_5539_3_19_200_142.csv,120,5539,3,19,200,142,200,42
human_120_553_6_2_200_168.csv,120,553,6,2,200,168,200,42
human_120_5540_3_19_200_173.csv,120,5540,3,19,200,173,200,42
human_120_5541_3_19_200_193.csv,120,5541,3,19,200,193,200,42
human_120_5542_3_19_200_215.csv,120,5542,3,19,200,215,200,42
human_120_5543_3_19_200_168.csv,120,5543,3,19,200,168,200,42
human_120_5544_3_19_200_187.csv,120,5544,3,19,200,187,200,42
human_120_5545_3_19_200_184.csv,120,5545,3,19,200,184,200,42
human_120_5546_3_19_200_169.csv,120,5546,3,19,200,169,200,42
human_120_5547_3_19_200_175.csv,120,5547,3,19,200,175,200,42
human_120_5548_3_19_200_182.csv,120,5548,3,19,200,182,200,42
human_120_5549_3_19_200_194.csv,120,5549,3,19,200,194,200,42
human_120_554_6_2_200_148.csv,120,554,6,2,200,148,200,42
human_120_5550_3_19_200_180.csv,120,5550,3,19,200,180,200,42
human_120_5551_4_19_200_173.csv,120,5551,4,19,200,173,200,42
human_120_5552_4_19_200_148.csv,120,5552,4,19,200,148,200,42
human_120_5553_4_19_200_157.csv,120,5553,4,19,200,157,200,42
human_120_5554_4_19_200_151.csv,120,5554,4,19,200,151,200,42
human_120_5555_4_19_200_143.csv,120,5555,4,19,200,143,200,42
human_120_5556_4_19_200_197.csv,120,5556,4,19,200,197,200,42
human_120_5557_4_19_200_129.csv,120,5557,4,19,200,129,200,42
human_120_5558_4_19_200_148.csv,120,5558,4,19,200,148,200,42
human_120_5559_4_19_200_146.csv,120,5559,4,19,200,146,200,42
human_120_555_6_2_200_192.csv,120,555,6,2,200,192,200,42
human_120_5560_4_19_200_189.csv,120,5560,4,19,200,189,200,42
human_120_5561_4_19_200_151.csv,120,5561,4,19,200,151,200,42
human_120_5562_4_19_200_145.csv,120,5562,4,19,200,145,200,42
human_120_5563_4_19_200_160.csv,120,5563,4,19,200,160,200,42
human_120_5564_4_19_200_139.csv,120,5564,4,19,200,139,200,42
human_120_5565_4_19_200_168.csv,120,5565,4,19,200,168,200,42
human_120_5566_4_19_200_167.csv,120,5566,4,19,200,167,200,42
human_120_5567_4_19_200_153.csv,120,5567,4,19,200,153,200,42
human_120_5568_4_19_200_177.csv,120,5568,4,19,200,177,200,42
human_120_5569_4_19_200_140.csv,120,5569,4,19,200,140,200,42
human_120_556_6_2_200_169.csv,120,556,6,2,200,169,200,42
human_120_5570_4_19_200_165.csv,120,5570,4,19,200,165,200,42
human_120_5571_4_19_200_187.csv,120,5571,4,19,200,187,200,42
human_120_5572_4_19_200_162.csv,120,5572,4,19,200,162,200,42
human_120_5573_4_19_200_159.csv,120,5573,4,19,200,159,200,42
human_120_5574_4_19_200_152.csv,120,5574,4,19,200,152,200,42
human_120_5575_4_19_200_174.csv,120,5575,4,19,200,174,200,42
human_120_5576_4_19_200_154.csv,120,5576,4,19,200,154,200,42
human_120_5577_4_19_200_149.csv,120,5577,4,19,200,149,200,42
human_120_5578_4_19_200_154.csv,120,5578,4,19,200,154,200,42
human_120_5579_4_19_200_176.csv,120,5579,4,19,200,176,200,42
human_120_557_6_2_200_161.csv,120,557,6,2,200,161,200,42
human_120_5580_4_19_200_182.csv,120,5580,4,19,200,182,200,42
human_120_5581_4_19_200_166.csv,120,5581,4,19,200,166,200,42
human_120_5582_4_19_200_178.csv,120,5582,4,19,200,178,200,42
human_120_5583_4_19_200_168.csv,120,5583,4,19,200,168,200,42
human_120_5584_4_19_200_172.csv,120,5584,4,19,200,172,200,42
human_120_5585_4_19_200_162.csv,120,5585,4,19,200,162,200,42
human_120_5586_4_19_200_144.csv,120,5586,4,19,200,144,200,42
human_120_5587_4_19_200_166.csv,120,5587,4,19,200,166,200,42
human_120_5588_4_19_200_156.csv,120,5588,4,19,200,156,200,42
human_120_5589_4_19_200_159.csv,120,5589,4,19,200,159,200,42
human_120_558_6_2_200_165.csv,120,558,6,2,200,165,200,42
human_120_5590_4_19_200_174.csv,120,5590,4,19,200,174,200,42
human_120_5591_4_19_200_157.csv,120,5591,4,19,200,157,200,42
human_120_5592_4_19_200_160.csv,120,5592,4,19,200,160,200,42
human_120_5593_4_19_200_147.csv,120,5593,4,19,200,147,200,42
human_120_5594_4_19_200_157.csv,120,5594,4,19,200,157,200,42
human_120_5595_4_19_200_161.csv,120,5595,4,19,200,161,200,42
human_120_5596_4_19_200_157.csv,120,5596,4,19,200,157,200,42
human_120_5597_4_19_200_150.csv,120,5597,4,19,200,150,200,42
human_120_5598_4_19_200_148.csv,120,5598,4,19,200,148,200,42
human_120_5599_4_19_200_157.csv,120,5599,4,19,200,157,200,42
human_120_559_6_2_200_168.csv,120,559,6,2,200,168,200,42
human_120_55_2_1_200_190.csv,120,55,2,1,200,190,200,42
human_120_5600_4_19_200_163.csv,120,5600,4,19,200,163,200,42
human_120_5601_5_19_200_182.csv,120,5601,5,19,200,182,200,42
human_120_5602_5_19_200_177.csv,120,5602,5,19,200,177,200,42
human_120_5603_5_19_200_190.csv,120,5603,5,19,200,190,200,42
human_120_5604_5_19_200_178.csv,120,5604,5,19,200,178,200,42
human_120_5605_5_19_200_215.csv,120,5605,5,19,200,215,200,42
human_120_5606_5_19_200_155.csv,120,5606,5,19,200,155,200,42
human_120_5607_5_19_200_224.csv,120,5607,5,19,200,224,200,42
human_120_5608_5_19_200_200.csv,120,5608,5,19,200,200,200,42
human_120_5609_5_19_200_161.csv,120,5609,5,19,200,161,200,42
human_120_560_6_2_200_184.csv,120,560,6,2,200,184,200,42
human_120_5610_5_19_200_187.csv,120,5610,5,19,200,187,200,42
human_120_5611_5_19_200_191.csv,120,5611,5,19,200,191,200,42
human_120_5612_5_19_200_197.csv,120,5612,5,19,200,197,200,42
human_120_5613_5_19_200_194.csv,120,5613,5,19,200,194,200,42
human_120_5614_5_19_200_187.csv,120,5614,5,19,200,187,200,42
human_120_5615_5_19_200_195.csv,120,5615,5,19,200,195,200,42
human_120_5616_5_19_200_200.csv,120,5616,5,19,200,200,200,42
human_120_5617_5_19_200_191.csv,120,5617,5,19,200,191,200,42
human_120_5618_5_19_200_200.csv,120,5618,5,19,200,200,200,42
human_120_5619_5_19_200_183.csv,120,5619,5,19,200,183,200,42
human_120_561_6_2_200_173.csv,120,561,6,2,200,173,200,42
human_120_5620_5_19_200_173.csv,120,5620,5,19,200,173,200,42
human_120_5621_5_19_200_218.csv,120,5621,5,19,200,218,200,42
human_120_5622_5_19_200_181.csv,120,5622,5,19,200,181,200,42
human_120_5623_5_19_200_206.csv,120,5623,5,19,200,206,200,42
human_120_5624_5_19_200_183.csv,120,5624,5,19,200,183,200,42
human_120_5625_5_19_200_187.csv,120,5625,5,19,200,187,200,42
human_120_5626_5_19_200_185.csv,120,5626,5,19,200,185,200,42
human_120_5627_5_19_200_192.csv,120,5627,5,19,200,192,200,42
human_120_5628_5_19_200_195.csv,120,5628,5,19,200,195,200,42
human_120_5629_5_19_200_213.csv,120,5629,5,19,200,213,200,42
human_120_562_6_2_200_175.csv,120,562,6,2,200,175,200,42
human_120_5630_5_19_200_187.csv,120,5630,5,19,200,187,200,42
human_120_5631_5_19_200_189.csv,120,5631,5,19,200,189,200,42
human_120_5632_5_19_200_213.csv,120,5632,5,19,200,213,200,42
human_120_5633_5_19_200_189.csv,120,5633,5,19,200,189,200,42
human_120_5634_5_19_200_181.csv,120,5634,5,19,200,181,200,42
human_120_5635_5_19_200_194.csv,120,5635,5,19,200,194,200,42
human_120_5636_5_19_200_187.csv,120,5636,5,19,200,187,200,42
human_120_5637_5_19_200_206.csv,120,5637,5,19,200,206,200,42
human_120_5638_5_19_200_200.csv,120,5638,5,19,200,200,200,42
human_120_5639_5_19_200_184.csv,120,5639,5,19,200,184,200,42
human_120_563_6_2_200_168.csv,120,563,6,2,200,168,200,42
human_120_5640_5_19_200_200.csv,120,5640,5,19,200,200,200,42
human_120_5641_5_19_200_200.csv,120,5641,5,19,200,200,200,42
human_120_5642_5_19_200_203.csv,120,5642,5,19,200,203,200,42
human_120_5643_5_19_200_184.csv,120,5643,5,19,200,184,200,42
human_120_5644_5_19_200_192.csv,120,5644,5,19,200,192,200,42
human_120_5645_5_19_200_185.csv,120,5645,5,19,200,185,200,42
human_120_5646_5_19_200_207.csv,120,5646,5,19,200,207,200,42
human_120_5647_5_19_200_208.csv,120,5647,5,19,200,208,200,42
human_120_5648_5_19_200_192.csv,120,5648,5,19,200,192,200,42
human_120_5649_5_19_200_209.csv,120,5649,5,19,200,209,200,42
human_120_564_6_2_200_174.csv,120,564,6,2,200,174,200,42
human_120_5650_5_19_200_193.csv,120,5650,5,19,200,193,200,42
human_120_5651_6_19_200_187.csv,120,5651,6,19,200,187,200,42
human_120_5652_6_19_200_164.csv,120,5652,6,19,200,164,200,42
human_120_5653_6_19_200_155.csv,120,5653,6,19,200,155,200,42
human_120_5654_6_19_200_177.csv,120,5654,6,19,200,177,200,42
human_120_5655_6_19_200_186.csv,120,5655,6,19,200,186,200,42
human_120_5656_6_19_200_168.csv,120,5656,6,19,200,168,200,42
human_120_5657_6_19_200_153.csv,120,5657,6,19,200,153,200,42
human_120_5658_6_19_200_181.csv,120,5658,6,19,200,181,200,42
human_120_5659_6_19_200_183.csv,120,5659,6,19,200,183,200,42
human_120_565_6_2_200_195.csv,120,565,6,2,200,195,200,42
human_120_5660_6_19_200_174.csv,120,5660,6,19,200,174,200,42
human_120_5661_6_19_200_194.csv,120,5661,6,19,200,194,200,42
human_120_5662_6_19_200_168.csv,120,5662,6,19,200,168,200,42
human_120_5663_6_19_200_184.csv,120,5663,6,19,200,184,200,42
human_120_5664_6_19_200_174.csv,120,5664,6,19,200,174,200,42
human_120_5665_6_19_200_175.csv,120,5665,6,19,200,175,200,42
human_120_5666_6_19_200_148.csv,120,5666,6,19,200,148,200,42
human_120_5667_6_19_200_183.csv,120,5667,6,19,200,183,200,42
human_120_5668_6_19_200_166.csv,120,5668,6,19,200,166,200,42
human_120_5669_6_19_200_165.csv,120,5669,6,19,200,165,200,42
human_120_566_6_2_200_178.csv,120,566,6,2,200,178,200,42
human_120_5670_6_19_200_175.csv,120,5670,6,19,200,175,200,42
human_120_5671_6_19_200_173.csv,120,5671,6,19,200,173,200,42
human_120_5672_6_19_200_168.csv,120,5672,6,19,200,168,200,42
human_120_5673_6_19_200_179.csv,120,5673,6,19,200,179,200,42
human_120_5674_6_19_200_175.csv,120,5674,6,19,200,175,200,42
human_120_5675_6_19_200_167.csv,120,5675,6,19,200,167,200,42
human_120_5676_6_19_200_160.csv,120,5676,6,19,200,160,200,42
human_120_5677_6_19_200_186.csv,120,5677,6,19,200,186,200,42
human_120_5678_6_19_200_184.csv,120,5678,6,19,200,184,200,42
human_120_5679_6_19_200_170.csv,120,5679,6,19,200,170,200,42
human_120_567_6_2_200_164.csv,120,567,6,2,200,164,200,42
human_120_5680_6_19_200_167.csv,120,5680,6,19,200,167,200,42
human_120_5681_6_19_200_174.csv,120,5681,6,19,200,174,200,42
human_120_5682_6_19_200_172.csv,120,5682,6,19,200,172,200,42
human_120_5683_6_19_200_173.csv,120,5683,6,19,200,173,200,42
human_120_5684_6_19_200_181.csv,120,5684,6,19,200,181,200,42
human_120_5685_6_19_200_161.csv,120,5685,6,19,200,161,200,42
human_120_5686_6_19_200_173.csv,120,5686,6,19,200,173,200,42
human_120_5687_6_19_200_176.csv,120,5687,6,19,200,176,200,42
human_120_5688_6_19_200_173.csv,120,5688,6,19,200,173,200,42
human_120_5689_6_19_200_160.csv,120,5689,6,19,200,160,200,42
human_120_568_6_2_200_181.csv,120,568,6,2,200,181,200,42
human_120_5690_6_19_200_191.csv,120,5690,6,19,200,191,200,42
human_120_5691_6_19_200_166.csv,120,5691,6,19,200,166,200,42
human_120_5692_6_19_200_159.csv,120,5692,6,19,200,159,200,42
human_120_5693_6_19_200_178.csv,120,5693,6,19,200,178,200,42
human_120_5694_6_19_200_183.csv,120,5694,6,19,200,183,200,42
human_120_5695_6_19_200_182.csv,120,5695,6,19,200,182,200,42
human_120_5696_6_19_200_201.csv,120,5696,6,19,200,201,200,42
human_120_5697_6_19_200_191.csv,120,5697,6,19,200,191,200,42
human_120_5698_6_19_200_161.csv,120,5698,6,19,200,161,200,42
human_120_5699_6_19_200_182.csv,120,5699,6,19,200,182,200,42
human_120_569_6_2_200_163.csv,120,569,6,2,200,163,200,42
human_120_56_2_1_200_189.csv,120,56,2,1,200,189,200,42
human_120_5700_6_19_200_153.csv,120,5700,6,19,200,153,200,42
human_120_5701_1_20_200_213.csv,120,5701,1,20,200,213,200,42
human_120_5702_1_20_200_181.csv,120,5702,1,20,200,181,200,42
human_120_5703_1_20_200_191.csv,120,5703,1,20,200,191,200,42
human_120_5704_1_20_200_188.csv,120,5704,1,20,200,188,200,42
human_120_5705_1_20_200_207.csv,120,5705,1,20,200,207,200,42
human_120_5706_1_20_200_188.csv,120,5706,1,20,200,188,200,42
human_120_5707_1_20_200_198.csv,120,5707,1,20,200,198,200,42
human_120_5708_1_20_200_194.csv,120,5708,1,20,200,194,200,42
human_120_5709_1_20_200_198.csv,120,5709,1,20,200,198,200,42
human_120_570_6_2_200_163.csv,120,570,6,2,200,163,200,42
human_120_5710_1_20_200_193.csv,120,5710,1,20,200,193,200,42
human_120_5711_1_20_200_187.csv,120,5711,1,20,200,187,200,42
human_120_5712_1_20_200_190.csv,120,5712,1,20,200,190,200,42
human_120_5713_1_20_200_171.csv,120,5713,1,20,200,171,200,42
human_120_5714_1_20_200_189.csv,120,5714,1,20,200,189,200,42
human_120_5715_1_20_200_197.csv,120,5715,1,20,200,197,200,42
human_120_5716_1_20_200_191.csv,120,5716,1,20,200,191,200,42
human_120_5717_1_20_200_190.csv,120,5717,1,20,200,190,200,42
human_120_5718_1_20_200_172.csv,120,5718,1,20,200,172,200,42
human_120_5719_1_20_200_196.csv,120,5719,1,20,200,196,200,42
human_120_571_6_2_200_179.csv,120,571,6,2,200,179,200,42
human_120_5720_1_20_200_176.csv,120,5720,1,20,200,176,200,42
human_120_5721_1_20_200_159.csv,120,5721,1,20,200,159,200,42
human_120_5722_1_20_200_211.csv,120,5722,1,20,200,211,200,42
human_120_5723_1_20_200_195.csv,120,5723,1,20,200,195,200,42
human_120_5724_1_20_200_157.csv,120,5724,1,20,200,157,200,42
human_120_5725_1_20_200_200.csv,120,5725,1,20,200,200,200,42
human_120_5726_1_20_200_209.csv,120,5726,1,20,200,209,200,42
human_120_5727_1_20_200_161.csv,120,5727,1,20,200,161,200,42
human_120_5728_1_20_200_214.csv,120,5728,1,20,200,214,200,42
human_120_5729_1_20_200_200.csv,120,5729,1,20,200,200,200,42
human_120_572_6_2_200_175.csv,120,572,6,2,200,175,200,42
human_120_5730_1_20_200_183.csv,120,5730,1,20,200,183,200,42
human_120_5731_1_20_200_200.csv,120,5731,1,20,200,200,200,42
human_120_5732_1_20_200_186.csv,120,5732,1,20,200,186,200,42
human_120_5733_1_20_200_197.csv,120,5733,1,20,200,197,200,42
human_120_5734_1_20_200_184.csv,120,5734,1,20,200,184,200,42
human_120_5735_1_20_200_200.csv,120,5735,1,20,200,200,200,42
human_120_5736_1_20_200_200.csv,120,5736,1,20,200,200,200,42
human_120_5737_1_20_200_203.csv,120,5737,1,20,200,203,200,42
human_120_5738_1_20_200_194.csv,120,5738,1,20,200,194,200,42
human_120_5739_1_20_200_197.csv,120,5739,1,20,200,197,200,42
human_120_573_6_2_200_169.csv,120,573,6,2,200,169,200,42
human_120_5740_1_20_200_192.csv,120,5740,1,20,200,192,200,42
human_120_5741_1_20_200_194.csv,120,5741,1,20,200,194,200,42
human_120_5742_1_20_200_210.csv,120,5742,1,20,200,210,200,42
human_120_5743_1_20_200_184.csv,120,5743,1,20,200,184,200,42
human_120_5744_1_20_200_182.csv,120,5744,1,20,200,182,200,42
human_120_5745_1_20_200_194.csv,120,5745,1,20,200,194,200,42
human_120_5746_1_20_200_164.csv,120,5746,1,20,200,164,200,42
human_120_5747_1_20_200_186.csv,120,5747,1,20,200,186,200,42
human_120_5748_1_20_200_192.csv,120,5748,1,20,200,192,200,42
human_120_5749_1_20_200_191.csv,120,5749,1,20,200,191,200,42
human_120_574_6_2_200_185.csv,120,574,6,2,200,185,200,42
human_120_5750_1_20_200_155.csv,120,5750,1,20,200,155,200,42
human_120_5751_2_20_200_198.csv,120,5751,2,20,200,198,200,42
human_120_5752_2_20_200_202.csv,120,5752,2,20,200,202,200,42
human_120_5753_2_20_200_193.csv,120,5753,2,20,200,193,200,42
human_120_5754_2_20_200_188.csv,120,5754,2,20,200,188,200,42
human_120_5755_2_20_200_184.csv,120,5755,2,20,200,184,200,42
human_120_5756_2_20_200_191.csv,120,5756,2,20,200,191,200,42
human_120_5757_2_20_200_207.csv,120,5757,2,20,200,207,200,42
human_120_5758_2_20_200_196.csv,120,5758,2,20,200,196,200,42
human_120_5759_2_20_200_195.csv,120,5759,2,20,200,195,200,42
human_120_575_6_2_200_175.csv,120,575,6,2,200,175,200,42
human_120_5760_2_20_200_209.csv,120,5760,2,20,200,209,200,42
human_120_5761_2_20_200_208.csv,120,5761,2,20,200,208,200,42
human_120_5762_2_20_200_191.csv,120,5762,2,20,200,191,200,42
human_120_5763_2_20_200_197.csv,120,5763,2,20,200,197,200,42
human_120_5764_2_20_200_198.csv,120,5764,2,20,200,198,200,42
human_120_5765_2_20_200_213.csv,120,5765,2,20,200,213,200,42
human_120_5766_2_20_200_192.csv,120,5766,2,20,200,192,200,42
human_120_5767_2_20_200_192.csv,120,5767,2,20,200,192,200,42
human_120_5768_2_20_200_205.csv,120,5768,2,20,200,205,200,42
human_120_5769_2_20_200_205.csv,120,5769,2,20,200,205,200,42
human_120_576_6_2_200_160.csv,120,576,6,2,200,160,200,42
human_120_5770_2_20_200_187.csv,120,5770,2,20,200,187,200,42
human_120_5771_2_20_200_197.csv,120,5771,2,20,200,197,200,42
human_120_5772_2_20_200_194.csv,120,5772,2,20,200,194,200,42
human_120_5773_2_20_200_189.csv,120,5773,2,20,200,189,200,42
human_120_5774_2_20_200_194.csv,120,5774,2,20,200,194,200,42
human_120_5775_2_20_200_203.csv,120,5775,2,20,200,203,200,42
human_120_5776_2_20_200_197.csv,120,5776,2,20,200,197,200,42
human_120_5777_2_20_200_195.csv,120,5777,2,20,200,195,200,42
human_120_5778_2_20_200_184.csv,120,5778,2,20,200,184,200,42
human_120_5779_2_20_200_190.csv,120,5779,2,20,200,190,200,42
human_120_577_6_2_200_187.csv,120,577,6,2,200,187,200,42
human_120_5780_2_20_200_200.csv,120,5780,2,20,200,200,200,42
human_120_5781_2_20_200_186.csv,120,5781,2,20,200,186,200,42
human_120_5782_2_20_200_212.csv,120,5782,2,20,200,212,200,42
human_120_5783_2_20_200_195.csv,120,5783,2,20,200,195,200,42
human_120_5784_2_20_200_170.csv,120,5784,2,20,200,170,200,42
human_120_5785_2_20_200_192.csv,120,5785,2,20,200,192,200,42
human_120_5786_2_20_200_211.csv,120,5786,2,20,200,211,200,42
human_120_5787_2_20_200_189.csv,120,5787,2,20,200,189,200,42
human_120_5788_2_20_200_198.csv,120,5788,2,20,200,198,200,42
human_120_5789_2_20_200_213.csv,120,5789,2,20,200,213,200,42
human_120_578_6_2_200_184.csv,120,578,6,2,200,184,200,42
human_120_5790_2_20_200_197.csv,120,5790,2,20,200,197,200,42
human_120_5791_2_20_200_153.csv,120,5791,2,20,200,153,200,42
human_120_5792_2_20_200_190.csv,120,5792,2,20,200,190,200,42
human_120_5793_2_20_200_200.csv,120,5793,2,20,200,200,200,42
human_120_5794_2_20_200_203.csv,120,5794,2,20,200,203,200,42
human_120_5795_2_20_200_193.csv,120,5795,2,20,200,193,200,42
human_120_5796_2_20_200_204.csv,120,5796,2,20,200,204,200,42
human_120_5797_2_20_200_200.csv,120,5797,2,20,200,200,200,42
human_120_5798_2_20_200_200.csv,120,5798,2,20,200,200,200,42
human_120_5799_2_20_200_187.csv,120,5799,2,20,200,187,200,42
human_120_579_6_2_200_186.csv,120,579,6,2,200,186,200,42
human_120_57_2_1_200_201.csv,120,57,2,1,200,201,200,42
human_120_5800_2_20_200_200.csv,120,5800,2,20,200,200,200,42
human_120_5801_3_20_200_192.csv,120,5801,3,20,200,192,200,42
human_120_5802_3_20_200_196.csv,120,5802,3,20,200,196,200,42
human_120_5803_3_20_200_218.csv,120,5803,3,20,200,218,200,42
human_120_5804_3_20_200_183.csv,120,5804,3,20,200,183,200,42
human_120_5805_3_20_200_211.csv,120,5805,3,20,200,211,200,42
human_120_5806_3_20_200_190.csv,120,5806,3,20,200,190,200,42
human_120_5807_3_20_200_188.csv,120,5807,3,20,200,188,200,42
human_120_5808_3_20_200_195.csv,120,5808,3,20,200,195,200,42
human_120_5809_3_20_200_197.csv,120,5809,3,20,200,197,200,42
human_120_580_6_2_200_205.csv,120,580,6,2,200,205,200,42
human_120_5810_3_20_200_197.csv,120,5810,3,20,200,197,200,42
human_120_5811_3_20_200_194.csv,120,5811,3,20,200,194,200,42
human_120_5812_3_20_200_195.csv,120,5812,3,20,200,195,200,42
human_120_5813_3_20_200_195.csv,120,5813,3,20,200,195,200,42
human_120_5814_3_20_200_193.csv,120,5814,3,20,200,193,200,42
human_120_5815_3_20_200_202.csv,120,5815,3,20,200,202,200,42
human_120_5816_3_20_200_189.csv,120,5816,3,20,200,189,200,42
human_120_5817_3_20_200_193.csv,120,5817,3,20,200,193,200,42
human_120_5818_3_20_200_189.csv,120,5818,3,20,200,189,200,42
human_120_5819_3_20_200_193.csv,120,5819,3,20,200,193,200,42
human_120_581_6_2_200_173.csv,120,581,6,2,200,173,200,42
human_120_5820_3_20_200_199.csv,120,5820,3,20,200,199,200,42
human_120_5821_3_20_200_189.csv,120,5821,3,20,200,189,200,42
human_120_5822_3_20_200_194.csv,120,5822,3,20,200,194,200,42
human_120_5823_3_20_200_191.csv,120,5823,3,20,200,191,200,42
human_120_5824_3_20_200_181.csv,120,5824,3,20,200,181,200,42
human_120_5825_3_20_200_192.csv,120,5825,3,20,200,192,200,42
human_120_5826_3_20_200_190.csv,120,5826,3,20,200,190,200,42
human_120_5827_3_20_200_193.csv,120,5827,3,20,200,193,200,42
human_120_5828_3_20_200_185.csv,120,5828,3,20,200,185,200,42
human_120_5829_3_20_200_144.csv,120,5829,3,20,200,144,200,42
human_120_582_6_2_200_184.csv,120,582,6,2,200,184,200,42
human_120_5830_3_20_200_222.csv,120,5830,3,20,200,222,200,42
human_120_5831_3_20_200_203.csv,120,5831,3,20,200,203,200,42
human_120_5832_3_20_200_202.csv,120,5832,3,20,200,202,200,42
human_120_5833_3_20_200_181.csv,120,5833,3,20,200,181,200,42
human_120_5834_3_20_200_198.csv,120,5834,3,20,200,198,200,42
human_120_5835_3_20_200_199.csv,120,5835,3,20,200,199,200,42
human_120_5836_3_20_200_189.csv,120,5836,3,20,200,189,200,42
human_120_5837_3_20_200_210.csv,120,5837,3,20,200,210,200,42
human_120_5838_3_20_200_190.csv,120,5838,3,20,200,190,200,42
human_120_5839_3_20_200_180.csv,120,5839,3,20,200,180,200,42
human_120_583_6_2_200_185.csv,120,583,6,2,200,185,200,42
human_120_5840_3_20_200_184.csv,120,5840,3,20,200,184,200,42
human_120_5841_3_20_200_181.csv,120,5841,3,20,200,181,200,42
human_120_5842_3_20_200_200.csv,120,5842,3,20,200,200,200,42
human_120_5843_3_20_200_178.csv,120,5843,3,20,200,178,200,42
human_120_5844_3_20_200_196.csv,120,5844,3,20,200,196,200,42
human_120_5845_3_20_200_176.csv,120,5845,3,20,200,176,200,42
human_120_5846_3_20_200_186.csv,120,5846,3,20,200,186,200,42
human_120_5847_3_20_200_179.csv,120,5847,3,20,200,179,200,42
human_120_5848_3_20_200_194.csv,120,5848,3,20,200,194,200,42
human_120_5849_3_20_200_201.csv,120,5849,3,20,200,201,200,42
human_120_584_6_2_200_185.csv,120,584,6,2,200,185,200,42
human_120_5850_3_20_200_181.csv,120,5850,3,20,200,181,200,42
human_120_5851_4_20_200_192.csv,120,5851,4,20,200,192,200,42
human_120_5852_4_20_200_166.csv,120,5852,4,20,200,166,200,42
human_120_5853_4_20_200_154.csv,120,5853,4,20,200,154,200,42
human_120_5854_4_20_200_159.csv,120,5854,4,20,200,159,200,42
human_120_5855_4_20_200_158.csv,120,5855,4,20,200,158,200,42
human_120_5856_4_20_200_175.csv,120,5856,4,20,200,175,200,42
human_120_5857_4_20_200_136.csv,120,5857,4,20,200,136,200,42
human_120_5858_4_20_200_145.csv,120,5858,4,20,200,145,200,42
human_120_5859_4_20_200_163.csv,120,5859,4,20,200,163,200,42
human_120_585_6_2_200_183.csv,120,585,6,2,200,183,200,42
human_120_5860_4_20_200_191.csv,120,5860,4,20,200,191,200,42
human_120_5861_4_20_200_184.csv,120,5861,4,20,200,184,200,42
human_120_5862_4_20_200_173.csv,120,5862,4,20,200,173,200,42
human_120_5863_4_20_200_184.csv,120,5863,4,20,200,184,200,42
human_120_5864_4_20_200_165.csv,120,5864,4,20,200,165,200,42
human_120_5865_4_20_200_174.csv,120,5865,4,20,200,174,200,42
human_120_5866_4_20_200_177.csv,120,5866,4,20,200,177,200,42
human_120_5867_4_20_200_190.csv,120,5867,4,20,200,190,200,42
human_120_5868_4_20_200_127.csv,120,5868,4,20,200,127,200,42
human_120_5869_4_20_200_191.csv,120,5869,4,20,200,191,200,42
human_120_586_6_2_200_183.csv,120,586,6,2,200,183,200,42
human_120_5870_4_20_200_163.csv,120,5870,4,20,200,163,200,42
human_120_5871_4_20_200_161.csv,120,5871,4,20,200,161,200,42
human_120_5872_4_20_200_181.csv,120,5872,4,20,200,181,200,42
human_120_5873_4_20_200_179.csv,120,5873,4,20,200,179,200,42
human_120_5874_4_20_200_179.csv,120,5874,4,20,200,179,200,42
human_120_5875_4_20_200_180.csv,120,5875,4,20,200,180,200,42
human_120_5876_4_20_200_191.csv,120,5876,4,20,200,191,200,42
human_120_5877_4_20_200_174.csv,120,5877,4,20,200,174,200,42
human_120_5878_4_20_200_183.csv,120,5878,4,20,200,183,200,42
human_120_5879_4_20_200_169.csv,120,5879,4,20,200,169,200,42
human_120_587_6_2_200_155.csv,120,587,6,2,200,155,200,42
human_120_5880_4_20_200_209.csv,120,5880,4,20,200,209,200,42
human_120_5881_4_20_200_186.csv,120,5881,4,20,200,186,200,42
human_120_5882_4_20_200_174.csv,120,5882,4,20,200,174,200,42
human_120_5883_4_20_200_190.csv,120,5883,4,20,200,190,200,42
human_120_5884_4_20_200_171.csv,120,5884,4,20,200,171,200,42
human_120_5885_4_20_200_186.csv,120,5885,4,20,200,186,200,42
human_120_5886_4_20_200_185.csv,120,5886,4,20,200,185,200,42
human_120_5887_4_20_200_177.csv,120,5887,4,20,200,177,200,42
human_120_5888_4_20_200_183.csv,120,5888,4,20,200,183,200,42
human_120_5889_4_20_200_195.csv,120,5889,4,20,200,195,200,42
human_120_588_6_2_200_162.csv,120,588,6,2,200,162,200,42
human_120_5890_4_20_200_179.csv,120,5890,4,20,200,179,200,42
human_120_5891_4_20_200_174.csv,120,5891,4,20,200,174,200,42
human_120_5892_4_20_200_168.csv,120,5892,4,20,200,168,200,42
human_120_5893_4_20_200_183.csv,120,5893,4,20,200,183,200,42
human_120_5894_4_20_200_142.csv,120,5894,4,20,200,142,200,42
human_120_5895_4_20_200_216.csv,120,5895,4,20,200,216,200,42
human_120_5896_4_20_200_192.csv,120,5896,4,20,200,192,200,42
human_120_5897_4_20_200_196.csv,120,5897,4,20,200,196,200,42
human_120_5898_4_20_200_186.csv,120,5898,4,20,200,186,200,42
human_120_5899_4_20_200_187.csv,120,5899,4,20,200,187,200,42
human_120_589_6_2_200_176.csv,120,589,6,2,200,176,200,42
human_120_58_2_1_200_201.csv,120,58,2,1,200,201,200,42
human_120_5900_4_20_200_191.csv,120,5900,4,20,200,191,200,42
human_120_5901_5_20_200_169.csv,120,5901,5,20,200,169,200,42
human_120_5902_5_20_200_194.csv,120,5902,5,20,200,194,200,42
human_120_5903_5_20_200_214.csv,120,5903,5,20,200,214,200,42
human_120_5904_5_20_200_196.csv,120,5904,5,20,200,196,200,42
human_120_5905_5_20_200_200.csv,120,5905,5,20,200,200,200,42
human_120_5906_5_20_200_185.csv,120,5906,5,20,200,185,200,42
human_120_5907_5_20_200_194.csv,120,5907,5,20,200,194,200,42
human_120_5908_5_20_200_205.csv,120,5908,5,20,200,205,200,42
human_120_5909_5_20_200_200.csv,120,5909,5,20,200,200,200,42
human_120_590_6_2_200_169.csv,120,590,6,2,200,169,200,42
human_120_5910_5_20_200_183.csv,120,5910,5,20,200,183,200,42
human_120_5911_5_20_200_186.csv,120,5911,5,20,200,186,200,42
human_120_5912_5_20_200_190.csv,120,5912,5,20,200,190,200,42
human_120_5913_5_20_200_200.csv,120,5913,5,20,200,200,200,42
human_120_5914_5_20_200_197.csv,120,5914,5,20,200,197,200,42
human_120_5915_5_20_200_200.csv,120,5915,5,20,200,200,200,42
human_120_5916_5_20_200_183.csv,120,5916,5,20,200,183,200,42
human_120_5917_5_20_200_178.csv,120,5917,5,20,200,178,200,42
human_120_5918_5_20_200_178.csv,120,5918,5,20,200,178,200,42
human_120_5919_5_20_200_206.csv,120,5919,5,20,200,206,200,42
human_120_591_6_2_200_181.csv,120,591,6,2,200,181,200,42
human_120_5920_5_20_200_200.csv,120,5920,5,20,200,200,200,42
human_120_5921_5_20_200_175.csv,120,5921,5,20,200,175,200,42
human_120_5922_5_20_200_200.csv,120,5922,5,20,200,200,200,42
human_120_5923_5_20_200_200.csv,120,5923,5,20,200,200,200,42
human_120_5924_5_20_200_185.csv,120,5924,5,20,200,185,200,42
human_120_5925_5_20_200_175.csv,120,5925,5,20,200,175,200,42
human_120_5926_5_20_200_182.csv,120,5926,5,20,200,182,200,42
human_120_5927_5_20_200_200.csv,120,5927,5,20,200,200,200,42
human_120_5928_5_20_200_179.csv,120,5928,5,20,200,179,200,42
human_120_5929_5_20_200_193.csv,120,5929,5,20,200,193,200,42
human_120_592_6_2_200_188.csv,120,592,6,2,200,188,200,42
human_120_5930_5_20_200_188.csv,120,5930,5,20,200,188,200,42
human_120_5931_5_20_200_176.csv,120,5931,5,20,200,176,200,42
human_120_5932_5_20_200_196.csv,120,5932,5,20,200,196,200,42
human_120_5933_5_20_200_176.csv,120,5933,5,20,200,176,200,42
human_120_5934_5_20_200_200.csv,120,5934,5,20,200,200,200,42
human_120_5935_5_20_200_195.csv,120,5935,5,20,200,195,200,42
human_120_5936_5_20_200_200.csv,120,5936,5,20,200,200,200,42
human_120_5937_5_20_200_188.csv,120,5937,5,20,200,188,200,42
human_120_5938_5_20_200_200.csv,120,5938,5,20,200,200,200,42
human_120_5939_5_20_200_183.csv,120,5939,5,20,200,183,200,42
human_120_593_6_2_200_180.csv,120,593,6,2,200,180,200,42
human_120_5940_5_20_200_212.csv,120,5940,5,20,200,212,200,42
human_120_5941_5_20_200_181.csv,120,5941,5,20,200,181,200,42
human_120_5942_5_20_200_187.csv,120,5942,5,20,200,187,200,42
human_120_5943_5_20_200_200.csv,120,5943,5,20,200,200,200,42
human_120_5944_5_20_200_180.csv,120,5944,5,20,200,180,200,42
human_120_5945_5_20_200_200.csv,120,5945,5,20,200,200,200,42
human_120_5946_5_20_200_192.csv,120,5946,5,20,200,192,200,42
human_120_5947_5_20_200_193.csv,120,5947,5,20,200,193,200,42
human_120_5948_5_20_200_192.csv,120,5948,5,20,200,192,200,42
human_120_5949_5_20_200_194.csv,120,5949,5,20,200,194,200,42
human_120_594_6_2_200_187.csv,120,594,6,2,200,187,200,42
human_120_5950_5_20_200_194.csv,120,5950,5,20,200,194,200,42
human_120_5951_6_20_200_183.csv,120,5951,6,20,200,183,200,42
human_120_5952_6_20_200_184.csv,120,5952,6,20,200,184,200,42
human_120_5953_6_20_200_177.csv,120,5953,6,20,200,177,200,42
human_120_5954_6_20_200_185.csv,120,5954,6,20,200,185,200,42
human_120_5955_6_20_200_172.csv,120,5955,6,20,200,172,200,42
human_120_5956_6_20_200_184.csv,120,5956,6,20,200,184,200,42
human_120_5957_6_20_200_167.csv,120,5957,6,20,200,167,200,42
human_120_5958_6_20_200_178.csv,120,5958,6,20,200,178,200,42
human_120_5959_6_20_200_170.csv,120,5959,6,20,200,170,200,42
human_120_595_6_2_200_185.csv,120,595,6,2,200,185,200,42
human_120_5960_6_20_200_182.csv,120,5960,6,20,200,182,200,42
human_120_5961_6_20_200_180.csv,120,5961,6,20,200,180,200,42
human_120_5962_6_20_200_169.csv,120,5962,6,20,200,169,200,42
human_120_5963_6_20_200_176.csv,120,5963,6,20,200,176,200,42
human_120_5964_6_20_200_158.csv,120,5964,6,20,200,158,200,42
human_120_5965_6_20_200_179.csv,120,5965,6,20,200,179,200,42
human_120_5966_6_20_200_177.csv,120,5966,6,20,200,177,200,42
human_120_5967_6_20_200_152.csv,120,5967,6,20,200,152,200,42
human_120_5968_6_20_200_173.csv,120,5968,6,20,200,173,200,42
human_120_5969_6_20_200_178.csv,120,5969,6,20,200,178,200,42
human_120_596_6_2_200_179.csv,120,596,6,2,200,179,200,42
human_120_5970_6_20_200_174.csv,120,5970,6,20,200,174,200,42
human_120_5971_6_20_200_182.csv,120,5971,6,20,200,182,200,42
human_120_5972_6_20_200_172.csv,120,5972,6,20,200,172,200,42
human_120_5973_6_20_200_163.csv,120,5973,6,20,200,163,200,42
human_120_5974_6_20_200_170.csv,120,5974,6,20,200,170,200,42
human_120_5975_6_20_200_158.csv,120,5975,6,20,200,158,200,42
human_120_5976_6_20_200_147.csv,120,5976,6,20,200,147,200,42
human_120_5977_6_20_200_201.csv,120,5977,6,20,200,201,200,42
human_120_5978_6_20_200_191.csv,120,5978,6,20,200,191,200,42
human_120_5979_6_20_200_164.csv,120,5979,6,20,200,164,200,42
human_120_597_6_2_200_190.csv,120,597,6,2,200,190,200,42
human_120_5980_6_20_200_167.csv,120,5980,6,20,200,167,200,42
human_120_5981_6_20_200_175.csv,120,5981,6,20,200,175,200,42
human_120_5982_6_20_200_175.csv,120,5982,6,20,200,175,200,42
human_120_5983_6_20_200_176.csv,120,5983,6,20,200,176,200,42
human_120_5984_6_20_200_174.csv,120,5984,6,20,200,174,200,42
human_120_5985_6_20_200_179.csv,120,5985,6,20,200,179,200,42
human_120_5986_6_20_200_168.csv,120,5986,6,20,200,168,200,42
human_120_5987_6_20_200_173.csv,120,5987,6,20,200,173,200,42
human_120_5988_6_20_200_168.csv,120,5988,6,20,200,168,200,42
human_120_5989_6_20_200_174.csv,120,5989,6,20,200,174,200,42
human_120_598_6_2_200_189.csv,120,598,6,2,200,189,200,42
human_120_5990_6_20_200_172.csv,120,5990,6,20,200,172,200,42
human_120_5991_6_20_200_163.csv,120,5991,6,20,200,163,200,42
human_120_5992_6_20_200_182.csv,120,5992,6,20,200,182,200,42
human_120_5993_6_20_200_201.csv,120,5993,6,20,200,201,200,42
human_120_5994_6_20_200_157.csv,120,5994,6,20,200,157,200,42
human_120_5995_6_20_200_169.csv,120,5995,6,20,200,169,200,42
human_120_5996_6_20_200_158.csv,120,5996,6,20,200,158,200,42
human_120_5997_6_20_200_168.csv,120,5997,6,20,200,168,200,42
human_120_5998_6_20_200_160.csv,120,5998,6,20,200,160,200,42
human_120_5999_6_20_200_166.csv,120,5999,6,20,200,166,200,42
human_120_599_6_2_200_205.csv,120,599,6,2,200,205,200,42
human_120_59_2_1_200_173.csv,120,59,2,1,200,173,200,42
human_120_5_1_1_200_189.csv,120,5,1,1,200,189,200,42
human_120_6000_6_20_200_189.csv,120,6000,6,20,200,189,200,42
human_120_6001_1_21_200_182.csv,120,6001,1,21,200,182,200,42
human_120_6002_1_21_200_202.csv,120,6002,1,21,200,202,200,42
human_120_6003_1_21_200_197.csv,120,6003,1,21,200,197,200,42
human_120_6004_1_21_200_212.csv,120,6004,1,21,200,212,200,42
human_120_6005_1_21_200_181.csv,120,6005,1,21,200,181,200,42
human_120_6006_1_21_200_198.csv,120,6006,1,21,200,198,200,42
human_120_6007_1_21_200_213.csv,120,6007,1,21,200,213,200,42
human_120_6008_1_21_200_175.csv,120,6008,1,21,200,175,200,42
human_120_6009_1_21_200_171.csv,120,6009,1,21,200,171,200,42
human_120_600_6_2_200_166.csv,120,600,6,2,200,166,200,42
human_120_6010_1_21_200_219.csv,120,6010,1,21,200,219,200,42
human_120_6011_1_21_200_200.csv,120,6011,1,21,200,200,200,42
human_120_6012_1_21_200_203.csv,120,6012,1,21,200,203,200,42
human_120_6013_1_21_200_184.csv,120,6013,1,21,200,184,200,42
human_120_6014_1_21_200_204.csv,120,6014,1,21,200,204,200,42
human_120_6015_1_21_200_188.csv,120,6015,1,21,200,188,200,42
human_120_6016_1_21_200_197.csv,120,6016,1,21,200,197,200,42
human_120_6017_1_21_200_187.csv,120,6017,1,21,200,187,200,42
human_120_6018_1_21_200_196.csv,120,6018,1,21,200,196,200,42
human_120_6019_1_21_200_194.csv,120,6019,1,21,200,194,200,42
human_120_601_1_3_200_202.csv,120,601,1,3,200,202,200,42
human_120_6020_1_21_200_194.csv,120,6020,1,21,200,194,200,42
human_120_6021_1_21_200_192.csv,120,6021,1,21,200,192,200,42
human_120_6022_1_21_200_190.csv,120,6022,1,21,200,190,200,42
human_120_6023_1_21_200_195.csv,120,6023,1,21,200,195,200,42
human_120_6024_1_21_200_198.csv,120,6024,1,21,200,198,200,42
human_120_6025_1_21_200_185.csv,120,6025,1,21,200,185,200,42
human_120_6026_1_21_200_220.csv,120,6026,1,21,200,220,200,42
human_120_6027_1_21_200_191.csv,120,6027,1,21,200,191,200,42
human_120_6028_1_21_200_194.csv,120,6028,1,21,200,194,200,42
human_120_6029_1_21_200_200.csv,120,6029,1,21,200,200,200,42
human_120_602_1_3_200_201.csv,120,602,1,3,200,201,200,42
human_120_6030_1_21_200_200.csv,120,6030,1,21,200,200,200,42
human_120_6031_1_21_200_197.csv,120,6031,1,21,200,197,200,42
human_120_6032_1_21_200_165.csv,120,6032,1,21,200,165,200,42
human_120_6033_1_21_200_188.csv,120,6033,1,21,200,188,200,42
human_120_6034_1_21_200_195.csv,120,6034,1,21,200,195,200,42
human_120_6035_1_21_200_200.csv,120,6035,1,21,200,200,200,42
human_120_6036_1_21_200_192.csv,120,6036,1,21,200,192,200,42
human_120_6037_1_21_200_201.csv,120,6037,1,21,200,201,200,42
human_120_6038_1_21_200_197.csv,120,6038,1,21,200,197,200,42
human_120_6039_1_21_200_200.csv,120,6039,1,21,200,200,200,42
human_120_603_1_3_200_200.csv,120,603,1,3,200,200,200,42
human_120_6040_1_21_200_207.csv,120,6040,1,21,200,207,200,42
human_120_6041_1_21_200_200.csv,120,6041,1,21,200,200,200,42
human_120_6042_1_21_200_195.csv,120,6042,1,21,200,195,200,42
human_120_6043_1_21_200_178.csv,120,6043,1,21,200,178,200,42
human_120_6044_1_21_200_181.csv,120,6044,1,21,200,181,200,42
human_120_6045_1_21_200_195.csv,120,6045,1,21,200,195,200,42
human_120_6046_1_21_200_195.csv,120,6046,1,21,200,195,200,42
human_120_6047_1_21_200_212.csv,120,6047,1,21,200,212,200,42
human_120_6048_1_21_200_151.csv,120,6048,1,21,200,151,200,42
human_120_6049_1_21_200_181.csv,120,6049,1,21,200,181,200,42
human_120_604_1_3_200_191.csv,120,604,1,3,200,191,200,42
human_120_6050_1_21_200_205.csv,120,6050,1,21,200,205,200,42
human_120_6051_2_21_200_186.csv,120,6051,2,21,200,186,200,42
human_120_6052_2_21_200_185.csv,120,6052,2,21,200,185,200,42
human_120_6053_2_21_200_186.csv,120,6053,2,21,200,186,200,42
human_120_6054_2_21_200_200.csv,120,6054,2,21,200,200,200,42
human_120_6055_2_21_200_195.csv,120,6055,2,21,200,195,200,42
human_120_6056_2_21_200_193.csv,120,6056,2,21,200,193,200,42
human_120_6057_2_21_200_205.csv,120,6057,2,21,200,205,200,42
human_120_6058_2_21_200_194.csv,120,6058,2,21,200,194,200,42
human_120_6059_2_21_200_194.csv,120,6059,2,21,200,194,200,42
human_120_605_1_3_200_193.csv,120,605,1,3,200,193,200,42
human_120_6060_2_21_200_218.csv,120,6060,2,21,200,218,200,42
human_120_6061_2_21_200_183.csv,120,6061,2,21,200,183,200,42
human_120_6062_2_21_200_198.csv,120,6062,2,21,200,198,200,42
human_120_6063_2_21_200_179.csv,120,6063,2,21,200,179,200,42
human_120_6064_2_21_200_192.csv,120,6064,2,21,200,192,200,42
human_120_6065_2_21_200_203.csv,120,6065,2,21,200,203,200,42
human_120_6066_2_21_200_200.csv,120,6066,2,21,200,200,200,42
human_120_6067_2_21_200_211.csv,120,6067,2,21,200,211,200,42
human_120_6068_2_21_200_193.csv,120,6068,2,21,200,193,200,42
human_120_6069_2_21_200_185.csv,120,6069,2,21,200,185,200,42
human_120_606_1_3_200_206.csv,120,606,1,3,200,206,200,42
human_120_6070_2_21_200_190.csv,120,6070,2,21,200,190,200,42
human_120_6071_2_21_200_209.csv,120,6071,2,21,200,209,200,42
human_120_6072_2_21_200_196.csv,120,6072,2,21,200,196,200,42
human_120_6073_2_21_200_175.csv,120,6073,2,21,200,175,200,42
human_120_6074_2_21_200_205.csv,120,6074,2,21,200,205,200,42
human_120_6075_2_21_200_200.csv,120,6075,2,21,200,200,200,42
human_120_6076_2_21_200_195.csv,120,6076,2,21,200,195,200,42
human_120_6077_2_21_200_215.csv,120,6077,2,21,200,215,200,42
human_120_6078_2_21_200_191.csv,120,6078,2,21,200,191,200,42
human_120_6079_2_21_200_194.csv,120,6079,2,21,200,194,200,42
human_120_607_1_3_200_194.csv,120,607,1,3,200,194,200,42
human_120_6080_2_21_200_205.csv,120,6080,2,21,200,205,200,42
human_120_6081_2_21_200_194.csv,120,6081,2,21,200,194,200,42
human_120_6082_2_21_200_205.csv,120,6082,2,21,200,205,200,42
human_120_6083_2_21_200_203.csv,120,6083,2,21,200,203,200,42
human_120_6084_2_21_200_195.csv,120,6084,2,21,200,195,200,42
human_120_6085_2_21_200_203.csv,120,6085,2,21,200,203,200,42
human_120_6086_2_21_200_193.csv,120,6086,2,21,200,193,200,42
human_120_6087_2_21_200_207.csv,120,6087,2,21,200,207,200,42
human_120_6088_2_21_200_190.csv,120,6088,2,21,200,190,200,42
human_120_6089_2_21_200_200.csv,120,6089,2,21,200,200,200,42
human_120_608_1_3_200_205.csv,120,608,1,3,200,205,200,42
human_120_6090_2_21_200_196.csv,120,6090,2,21,200,196,200,42
human_120_6091_2_21_200_202.csv,120,6091,2,21,200,202,200,42
human_120_6092_2_21_200_204.csv,120,6092,2,21,200,204,200,42
human_120_6093_2_21_200_200.csv,120,6093,2,21,200,200,200,42
human_120_6094_2_21_200_202.csv,120,6094,2,21,200,202,200,42
human_120_6095_2_21_200_195.csv,120,6095,2,21,200,195,200,42
human_120_6096_2_21_200_220.csv,120,6096,2,21,200,220,200,42
human_120_6097_2_21_200_218.csv,120,6097,2,21,200,218,200,42
human_120_6098_2_21_200_200.csv,120,6098,2,21,200,200,200,42
human_120_6099_2_21_200_208.csv,120,6099,2,21,200,208,200,42
human_120_609_1_3_200_200.csv,120,609,1,3,200,200,200,42
human_120_60_2_1_200_181.csv,120,60,2,1,200,181,200,42
human_120_6100_2_21_200_195.csv,120,6100,2,21,200,195,200,42
human_120_6101_3_21_200_202.csv,120,6101,3,21,200,202,200,42
human_120_6102_3_21_200_186.csv,120,6102,3,21,200,186,200,42
human_120_6103_3_21_200_181.csv,120,6103,3,21,200,181,200,42
human_120_6104_3_21_200_216.csv,120,6104,3,21,200,216,200,42
human_120_6105_3_21_200_179.csv,120,6105,3,21,200,179,200,42
human_120_6106_3_21_200_196.csv,120,6106,3,21,200,196,200,42
human_120_6107_3_21_200_187.csv,120,6107,3,21,200,187,200,42
human_120_6108_3_21_200_196.csv,120,6108,3,21,200,196,200,42
human_120_6109_3_21_200_207.csv,120,6109,3,21,200,207,200,42
human_120_610_1_3_200_204.csv,120,610,1,3,200,204,200,42
human_120_6110_3_21_200_184.csv,120,6110,3,21,200,184,200,42
human_120_6111_3_21_200_182.csv,120,6111,3,21,200,182,200,42
human_120_6112_3_21_200_178.csv,120,6112,3,21,200,178,200,42
human_120_6113_3_21_200_189.csv,120,6113,3,21,200,189,200,42
human_120_6114_3_21_200_205.csv,120,6114,3,21,200,205,200,42
human_120_6115_3_21_200_177.csv,120,6115,3,21,200,177,200,42
human_120_6116_3_21_200_185.csv,120,6116,3,21,200,185,200,42
human_120_6117_3_21_200_189.csv,120,6117,3,21,200,189,200,42
human_120_6118_3_21_200_179.csv,120,6118,3,21,200,179,200,42
human_120_6119_3_21_200_181.csv,120,6119,3,21,200,181,200,42
human_120_611_1_3_200_210.csv,120,611,1,3,200,210,200,42
human_120_6120_3_21_200_202.csv,120,6120,3,21,200,202,200,42
human_120_6121_3_21_200_201.csv,120,6121,3,21,200,201,200,42
human_120_6122_3_21_200_193.csv,120,6122,3,21,200,193,200,42
human_120_6123_3_21_200_199.csv,120,6123,3,21,200,199,200,42
human_120_6124_3_21_200_187.csv,120,6124,3,21,200,187,200,42
human_120_6125_3_21_200_199.csv,120,6125,3,21,200,199,200,42
human_120_6126_3_21_200_205.csv,120,6126,3,21,200,205,200,42
human_120_6127_3_21_200_191.csv,120,6127,3,21,200,191,200,42
human_120_6128_3_21_200_204.csv,120,6128,3,21,200,204,200,42
human_120_6129_3_21_200_198.csv,120,6129,3,21,200,198,200,42
human_120_612_1_3_200_191.csv,120,612,1,3,200,191,200,42
human_120_6130_3_21_200_147.csv,120,6130,3,21,200,147,200,42
human_120_6131_3_21_200_173.csv,120,6131,3,21,200,173,200,42
human_120_6132_3_21_200_204.csv,120,6132,3,21,200,204,200,42
human_120_6133_3_21_200_199.csv,120,6133,3,21,200,199,200,42
human_120_6134_3_21_200_219.csv,120,6134,3,21,200,219,200,42
human_120_6135_3_21_200_182.csv,120,6135,3,21,200,182,200,42
human_120_6136_3_21_200_201.csv,120,6136,3,21,200,201,200,42
human_120_6137_3_21_200_192.csv,120,6137,3,21,200,192,200,42
human_120_6138_3_21_200_163.csv,120,6138,3,21,200,163,200,42
human_120_6139_3_21_200_200.csv,120,6139,3,21,200,200,200,42
human_120_613_1_3_200_209.csv,120,613,1,3,200,209,200,42
human_120_6140_3_21_200_207.csv,120,6140,3,21,200,207,200,42
human_120_6141_3_21_200_201.csv,120,6141,3,21,200,201,200,42
human_120_6142_3_21_200_200.csv,120,6142,3,21,200,200,200,42
human_120_6143_3_21_200_208.csv,120,6143,3,21,200,208,200,42
human_120_6144_3_21_200_199.csv,120,6144,3,21,200,199,200,42
human_120_6145_3_21_200_195.csv,120,6145,3,21,200,195,200,42
human_120_6146_3_21_200_206.csv,120,6146,3,21,200,206,200,42
human_120_6147_3_21_200_193.csv,120,6147,3,21,200,193,200,42
human_120_6148_3_21_200_198.csv,120,6148,3,21,200,198,200,42
human_120_6149_3_21_200_205.csv,120,6149,3,21,200,205,200,42
human_120_614_1_3_200_206.csv,120,614,1,3,200,206,200,42
human_120_6150_3_21_200_198.csv,120,6150,3,21,200,198,200,42
human_120_6151_4_21_200_151.csv,120,6151,4,21,200,151,200,42
human_120_6152_4_21_200_169.csv,120,6152,4,21,200,169,200,42
human_120_6153_4_21_200_170.csv,120,6153,4,21,200,170,200,42
human_120_6154_4_21_200_174.csv,120,6154,4,21,200,174,200,42
human_120_6155_4_21_200_164.csv,120,6155,4,21,200,164,200,42
human_120_6156_4_21_200_185.csv,120,6156,4,21,200,185,200,42
human_120_6157_4_21_200_168.csv,120,6157,4,21,200,168,200,42
human_120_6158_4_21_200_173.csv,120,6158,4,21,200,173,200,42
human_120_6159_4_21_200_169.csv,120,6159,4,21,200,169,200,42
human_120_615_1_3_200_200.csv,120,615,1,3,200,200,200,42
human_120_6160_4_21_200_171.csv,120,6160,4,21,200,171,200,42
human_120_6161_4_21_200_178.csv,120,6161,4,21,200,178,200,42
human_120_6162_4_21_200_178.csv,120,6162,4,21,200,178,200,42
human_120_6163_4_21_200_184.csv,120,6163,4,21,200,184,200,42
human_120_6164_4_21_200_167.csv,120,6164,4,21,200,167,200,42
human_120_6165_4_21_200_164.csv,120,6165,4,21,200,164,200,42
human_120_6166_4_21_200_181.csv,120,6166,4,21,200,181,200,42
human_120_6167_4_21_200_190.csv,120,6167,4,21,200,190,200,42
human_120_6168_4_21_200_179.csv,120,6168,4,21,200,179,200,42
human_120_6169_4_21_200_176.csv,120,6169,4,21,200,176,200,42
human_120_616_1_3_200_203.csv,120,616,1,3,200,203,200,42
human_120_6170_4_21_200_186.csv,120,6170,4,21,200,186,200,42
human_120_6171_4_21_200_182.csv,120,6171,4,21,200,182,200,42
human_120_6172_4_21_200_147.csv,120,6172,4,21,200,147,200,42
human_120_6173_4_21_200_169.csv,120,6173,4,21,200,169,200,42
human_120_6174_4_21_200_190.csv,120,6174,4,21,200,190,200,42
human_120_6175_4_21_200_198.csv,120,6175,4,21,200,198,200,42
human_120_6176_4_21_200_177.csv,120,6176,4,21,200,177,200,42
human_120_6177_4_21_200_150.csv,120,6177,4,21,200,150,200,42
human_120_6178_4_21_200_169.csv,120,6178,4,21,200,169,200,42
human_120_6179_4_21_200_179.csv,120,6179,4,21,200,179,200,42
human_120_617_1_3_200_200.csv,120,617,1,3,200,200,200,42
human_120_6180_4_21_200_189.csv,120,6180,4,21,200,189,200,42
human_120_6181_4_21_200_147.csv,120,6181,4,21,200,147,200,42
human_120_6182_4_21_200_169.csv,120,6182,4,21,200,169,200,42
human_120_6183_4_21_200_133.csv,120,6183,4,21,200,133,200,42
human_120_6184_4_21_200_173.csv,120,6184,4,21,200,173,200,42
human_120_6185_4_21_200_152.csv,120,6185,4,21,200,152,200,42
human_120_6186_4_21_200_210.csv,120,6186,4,21,200,210,200,42
human_120_6187_4_21_200_197.csv,120,6187,4,21,200,197,200,42
human_120_6188_4_21_200_179.csv,120,6188,4,21,200,179,200,42
human_120_6189_4_21_200_154.csv,120,6189,4,21,200,154,200,42
human_120_618_1_3_200_214.csv,120,618,1,3,200,214,200,42
human_120_6190_4_21_200_185.csv,120,6190,4,21,200,185,200,42
human_120_6191_4_21_200_187.csv,120,6191,4,21,200,187,200,42
human_120_6192_4_21_200_176.csv,120,6192,4,21,200,176,200,42
human_120_6193_4_21_200_205.csv,120,6193,4,21,200,205,200,42
human_120_6194_4_21_200_166.csv,120,6194,4,21,200,166,200,42
human_120_6195_4_21_200_190.csv,120,6195,4,21,200,190,200,42
human_120_6196_4_21_200_179.csv,120,6196,4,21,200,179,200,42
human_120_6197_4_21_200_191.csv,120,6197,4,21,200,191,200,42
human_120_6198_4_21_200_198.csv,120,6198,4,21,200,198,200,42
human_120_6199_4_21_200_176.csv,120,6199,4,21,200,176,200,42
human_120_619_1_3_200_200.csv,120,619,1,3,200,200,200,42
human_120_61_2_1_200_195.csv,120,61,2,1,200,195,200,42
human_120_6200_4_21_200_189.csv,120,6200,4,21,200,189,200,42
human_120_6201_5_21_200_189.csv,120,6201,5,21,200,189,200,42
human_120_6202_5_21_200_200.csv,120,6202,5,21,200,200,200,42
human_120_6203_5_21_200_207.csv,120,6203,5,21,200,207,200,42
human_120_6204_5_21_200_200.csv,120,6204,5,21,200,200,200,42
human_120_6205_5_21_200_191.csv,120,6205,5,21,200,191,200,42
human_120_6206_5_21_200_223.csv,120,6206,5,21,200,223,200,42
human_120_6207_5_21_200_191.csv,120,6207,5,21,200,191,200,42
human_120_6208_5_21_200_189.csv,120,6208,5,21,200,189,200,42
human_120_6209_5_21_200_200.csv,120,6209,5,21,200,200,200,42
human_120_620_1_3_200_204.csv,120,620,1,3,200,204,200,42
human_120_6210_5_21_200_205.csv,120,6210,5,21,200,205,200,42
human_120_6211_5_21_200_187.csv,120,6211,5,21,200,187,200,42
human_120_6212_5_21_200_183.csv,120,6212,5,21,200,183,200,42
human_120_6213_5_21_200_176.csv,120,6213,5,21,200,176,200,42
human_120_6214_5_21_200_185.csv,120,6214,5,21,200,185,200,42
human_120_6215_5_21_200_171.csv,120,6215,5,21,200,171,200,42
human_120_6216_5_21_200_181.csv,120,6216,5,21,200,181,200,42
human_120_6217_5_21_200_218.csv,120,6217,5,21,200,218,200,42
human_120_6218_5_21_200_196.csv,120,6218,5,21,200,196,200,42
human_120_6219_5_21_200_172.csv,120,6219,5,21,200,172,200,42
human_120_621_1_3_200_196.csv,120,621,1,3,200,196,200,42
human_120_6220_5_21_200_184.csv,120,6220,5,21,200,184,200,42
human_120_6221_5_21_200_200.csv,120,6221,5,21,200,200,200,42
human_120_6222_5_21_200_216.csv,120,6222,5,21,200,216,200,42
human_120_6223_5_21_200_192.csv,120,6223,5,21,200,192,200,42
human_120_6224_5_21_200_184.csv,120,6224,5,21,200,184,200,42
human_120_6225_5_21_200_175.csv,120,6225,5,21,200,175,200,42
human_120_6226_5_21_200_186.csv,120,6226,5,21,200,186,200,42
human_120_6227_5_21_200_206.csv,120,6227,5,21,200,206,200,42
human_120_6228_5_21_200_200.csv,120,6228,5,21,200,200,200,42
human_120_6229_5_21_200_192.csv,120,6229,5,21,200,192,200,42
human_120_622_1_3_200_189.csv,120,622,1,3,200,189,200,42
human_120_6230_5_21_200_200.csv,120,6230,5,21,200,200,200,42
human_120_6231_5_21_200_189.csv,120,6231,5,21,200,189,200,42
human_120_6232_5_21_200_194.csv,120,6232,5,21,200,194,200,42
human_120_6233_5_21_200_189.csv,120,6233,5,21,200,189,200,42
human_120_6234_5_21_200_181.csv,120,6234,5,21,200,181,200,42
human_120_6235_5_21_200_199.csv,120,6235,5,21,200,199,200,42
human_120_6236_5_21_200_196.csv,120,6236,5,21,200,196,200,42
human_120_6237_5_21_200_192.csv,120,6237,5,21,200,192,200,42
human_120_6238_5_21_200_173.csv,120,6238,5,21,200,173,200,42
human_120_6239_5_21_200_200.csv,120,6239,5,21,200,200,200,42
human_120_623_1_3_200_176.csv,120,623,1,3,200,176,200,42
human_120_6240_5_21_200_193.csv,120,6240,5,21,200,193,200,42
human_120_6241_5_21_200_200.csv,120,6241,5,21,200,200,200,42
human_120_6242_5_21_200_185.csv,120,6242,5,21,200,185,200,42
human_120_6243_5_21_200_183.csv,120,6243,5,21,200,183,200,42
human_120_6244_5_21_200_194.csv,120,6244,5,21,200,194,200,42
human_120_6245_5_21_200_182.csv,120,6245,5,21,200,182,200,42
human_120_6246_5_21_200_200.csv,120,6246,5,21,200,200,200,42
human_120_6247_5_21_200_200.csv,120,6247,5,21,200,200,200,42
human_120_6248_5_21_200_187.csv,120,6248,5,21,200,187,200,42
human_120_6249_5_21_200_185.csv,120,6249,5,21,200,185,200,42
human_120_624_1_3_200_224.csv,120,624,1,3,200,224,200,42
human_120_6250_5_21_200_183.csv,120,6250,5,21,200,183,200,42
human_120_6251_6_21_200_165.csv,120,6251,6,21,200,165,200,42
human_120_6252_6_21_200_166.csv,120,6252,6,21,200,166,200,42
human_120_6253_6_21_200_172.csv,120,6253,6,21,200,172,200,42
human_120_6254_6_21_200_154.csv,120,6254,6,21,200,154,200,42
human_120_6255_6_21_200_167.csv,120,6255,6,21,200,167,200,42
human_120_6256_6_21_200_152.csv,120,6256,6,21,200,152,200,42
human_120_6257_6_21_200_175.csv,120,6257,6,21,200,175,200,42
human_120_6258_6_21_200_198.csv,120,6258,6,21,200,198,200,42
human_120_6259_6_21_200_174.csv,120,6259,6,21,200,174,200,42
human_120_625_1_3_200_192.csv,120,625,1,3,200,192,200,42
human_120_6260_6_21_200_177.csv,120,6260,6,21,200,177,200,42
human_120_6261_6_21_200_169.csv,120,6261,6,21,200,169,200,42
human_120_6262_6_21_200_170.csv,120,6262,6,21,200,170,200,42
human_120_6263_6_21_200_181.csv,120,6263,6,21,200,181,200,42
human_120_6264_6_21_200_167.csv,120,6264,6,21,200,167,200,42
human_120_6265_6_21_200_172.csv,120,6265,6,21,200,172,200,42
human_120_6266_6_21_200_170.csv,120,6266,6,21,200,170,200,42
human_120_6267_6_21_200_181.csv,120,6267,6,21,200,181,200,42
human_120_6268_6_21_200_182.csv,120,6268,6,21,200,182,200,42
human_120_6269_6_21_200_176.csv,120,6269,6,21,200,176,200,42
human_120_626_1_3_200_193.csv,120,626,1,3,200,193,200,42
human_120_6270_6_21_200_178.csv,120,6270,6,21,200,178,200,42
human_120_6271_6_21_200_187.csv,120,6271,6,21,200,187,200,42
human_120_6272_6_21_200_159.csv,120,6272,6,21,200,159,200,42
human_120_6273_6_21_200_173.csv,120,6273,6,21,200,173,200,42
human_120_6274_6_21_200_170.csv,120,6274,6,21,200,170,200,42
human_120_6275_6_21_200_172.csv,120,6275,6,21,200,172,200,42
human_120_6276_6_21_200_183.csv,120,6276,6,21,200,183,200,42
human_120_6277_6_21_200_172.csv,120,6277,6,21,200,172,200,42
human_120_6278_6_21_200_187.csv,120,6278,6,21,200,187,200,42
human_120_6279_6_21_200_160.csv,120,6279,6,21,200,160,200,42
human_120_627_1_3_200_200.csv,120,627,1,3,200,200,200,42
human_120_6280_6_21_200_179.csv,120,6280,6,21,200,179,200,42
human_120_6281_6_21_200_186.csv,120,6281,6,21,200,186,200,42
human_120_6282_6_21_200_166.csv,120,6282,6,21,200,166,200,42
human_120_6283_6_21_200_166.csv,120,6283,6,21,200,166,200,42
human_120_6284_6_21_200_174.csv,120,6284,6,21,200,174,200,42
human_120_6285_6_21_200_139.csv,120,6285,6,21,200,139,200,42
human_120_6286_6_21_200_163.csv,120,6286,6,21,200,163,200,42
human_120_6287_6_21_200_151.csv,120,6287,6,21,200,151,200,42
human_120_6288_6_21_200_155.csv,120,6288,6,21,200,155,200,42
human_120_6289_6_21_200_170.csv,120,6289,6,21,200,170,200,42
human_120_628_1_3_200_200.csv,120,628,1,3,200,200,200,42
human_120_6290_6_21_200_164.csv,120,6290,6,21,200,164,200,42
human_120_6291_6_21_200_181.csv,120,6291,6,21,200,181,200,42
human_120_6292_6_21_200_150.csv,120,6292,6,21,200,150,200,42
human_120_6293_6_21_200_151.csv,120,6293,6,21,200,151,200,42
human_120_6294_6_21_200_160.csv,120,6294,6,21,200,160,200,42
human_120_6295_6_21_200_180.csv,120,6295,6,21,200,180,200,42
human_120_6296_6_21_200_159.csv,120,6296,6,21,200,159,200,42
human_120_6297_6_21_200_160.csv,120,6297,6,21,200,160,200,42
human_120_6298_6_21_200_192.csv,120,6298,6,21,200,192,200,42
human_120_6299_6_21_200_156.csv,120,6299,6,21,200,156,200,42
human_120_629_1_3_200_200.csv,120,629,1,3,200,200,200,42
human_120_62_2_1_200_195.csv,120,62,2,1,200,195,200,42
human_120_6300_6_21_200_158.csv,120,6300,6,21,200,158,200,42
human_120_6301_1_22_200_195.csv,120,6301,1,22,200,195,200,42
human_120_6302_1_22_200_200.csv,120,6302,1,22,200,200,200,42
human_120_6303_1_22_200_207.csv,120,6303,1,22,200,207,200,42
human_120_6304_1_22_200_200.csv,120,6304,1,22,200,200,200,42
human_120_6305_1_22_200_200.csv,120,6305,1,22,200,200,200,42
human_120_6306_1_22_200_205.csv,120,6306,1,22,200,205,200,42
human_120_6307_1_22_200_209.csv,120,6307,1,22,200,209,200,42
human_120_6308_1_22_200_194.csv,120,6308,1,22,200,194,200,42
human_120_6309_1_22_200_167.csv,120,6309,1,22,200,167,200,42
human_120_630_1_3_200_200.csv,120,630,1,3,200,200,200,42
human_120_6310_1_22_200_200.csv,120,6310,1,22,200,200,200,42
human_120_6311_1_22_200_206.csv,120,6311,1,22,200,206,200,42
human_120_6312_1_22_200_200.csv,120,6312,1,22,200,200,200,42
human_120_6313_1_22_200_200.csv,120,6313,1,22,200,200,200,42
human_120_6314_1_22_200_200.csv,120,6314,1,22,200,200,200,42
human_120_6315_1_22_200_192.csv,120,6315,1,22,200,192,200,42
human_120_6316_1_22_200_204.csv,120,6316,1,22,200,204,200,42
human_120_6317_1_22_200_200.csv,120,6317,1,22,200,200,200,42
human_120_6318_1_22_200_195.csv,120,6318,1,22,200,195,200,42
human_120_6319_1_22_200_209.csv,120,6319,1,22,200,209,200,42
human_120_631_1_3_200_205.csv,120,631,1,3,200,205,200,42
human_120_6320_1_22_200_194.csv,120,6320,1,22,200,194,200,42
human_120_6321_1_22_200_209.csv,120,6321,1,22,200,209,200,42
human_120_6322_1_22_200_190.csv,120,6322,1,22,200,190,200,42
human_120_6323_1_22_200_209.csv,120,6323,1,22,200,209,200,42
human_120_6324_1_22_200_192.csv,120,6324,1,22,200,192,200,42
human_120_6325_1_22_200_215.csv,120,6325,1,22,200,215,200,42
human_120_6326_1_22_200_200.csv,120,6326,1,22,200,200,200,42
human_120_6327_1_22_200_190.csv,120,6327,1,22,200,190,200,42
human_120_6328_1_22_200_200.csv,120,6328,1,22,200,200,200,42
human_120_6329_1_22_200_200.csv,120,6329,1,22,200,200,200,42
human_120_632_1_3_200_201.csv,120,632,1,3,200,201,200,42
human_120_6330_1_22_200_194.csv,120,6330,1,22,200,194,200,42
human_120_6331_1_22_200_173.csv,120,6331,1,22,200,173,200,42
human_120_6332_1_22_200_228.csv,120,6332,1,22,200,228,200,42
human_120_6333_1_22_200_189.csv,120,6333,1,22,200,189,200,42
human_120_6334_1_22_200_196.csv,120,6334,1,22,200,196,200,42
human_120_6335_1_22_200_210.csv,120,6335,1,22,200,210,200,42
human_120_6336_1_22_200_181.csv,120,6336,1,22,200,181,200,42
human_120_6337_1_22_200_193.csv,120,6337,1,22,200,193,200,42
human_120_6338_1_22_200_202.csv,120,6338,1,22,200,202,200,42
human_120_6339_1_22_200_200.csv,120,6339,1,22,200,200,200,42
human_120_633_1_3_200_204.csv,120,633,1,3,200,204,200,42
human_120_6340_1_22_200_200.csv,120,6340,1,22,200,200,200,42
human_120_6341_1_22_200_187.csv,120,6341,1,22,200,187,200,42
human_120_6342_1_22_200_183.csv,120,6342,1,22,200,183,200,42
human_120_6343_1_22_200_175.csv,120,6343,1,22,200,175,200,42
human_120_6344_1_22_200_174.csv,120,6344,1,22,200,174,200,42
human_120_6345_1_22_200_190.csv,120,6345,1,22,200,190,200,42
human_120_6346_1_22_200_196.csv,120,6346,1,22,200,196,200,42
human_120_6347_1_22_200_221.csv,120,6347,1,22,200,221,200,42
human_120_6348_1_22_200_216.csv,120,6348,1,22,200,216,200,42
human_120_6349_1_22_200_147.csv,120,6349,1,22,200,147,200,42
human_120_634_1_3_200_200.csv,120,634,1,3,200,200,200,42
human_120_6350_1_22_200_185.csv,120,6350,1,22,200,185,200,42
human_120_6351_2_22_200_183.csv,120,6351,2,22,200,183,200,42
human_120_6352_2_22_200_188.csv,120,6352,2,22,200,188,200,42
human_120_6353_2_22_200_158.csv,120,6353,2,22,200,158,200,42
human_120_6354_2_22_200_183.csv,120,6354,2,22,200,183,200,42
human_120_6355_2_22_200_185.csv,120,6355,2,22,200,185,200,42
human_120_6356_2_22_200_192.csv,120,6356,2,22,200,192,200,42
human_120_6357_2_22_200_162.csv,120,6357,2,22,200,162,200,42
human_120_6358_2_22_200_186.csv,120,6358,2,22,200,186,200,42
human_120_6359_2_22_200_178.csv,120,6359,2,22,200,178,200,42
human_120_635_1_3_200_200.csv,120,635,1,3,200,200,200,42
human_120_6360_2_22_200_186.csv,120,6360,2,22,200,186,200,42
human_120_6361_2_22_200_209.csv,120,6361,2,22,200,209,200,42
human_120_6362_2_22_200_178.csv,120,6362,2,22,200,178,200,42
human_120_6363_2_22_200_180.csv,120,6363,2,22,200,180,200,42
human_120_6364_2_22_200_183.csv,120,6364,2,22,200,183,200,42
human_120_6365_2_22_200_187.csv,120,6365,2,22,200,187,200,42
human_120_6366_2_22_200_185.csv,120,6366,2,22,200,185,200,42
human_120_6367_2_22_200_187.csv,120,6367,2,22,200,187,200,42
human_120_6368_2_22_200_184.csv,120,6368,2,22,200,184,200,42
human_120_6369_2_22_200_190.csv,120,6369,2,22,200,190,200,42
human_120_636_1_3_200_200.csv,120,636,1,3,200,200,200,42
human_120_6370_2_22_200_186.csv,120,6370,2,22,200,186,200,42
human_120_6371_2_22_200_179.csv,120,6371,2,22,200,179,200,42
human_120_6372_2_22_200_190.csv,120,6372,2,22,200,190,200,42
human_120_6373_2_22_200_188.csv,120,6373,2,22,200,188,200,42
human_120_6374_2_22_200_192.csv,120,6374,2,22,200,192,200,42
human_120_6375_2_22_200_177.csv,120,6375,2,22,200,177,200,42
human_120_6376_2_22_200_164.csv,120,6376,2,22,200,164,200,42
human_120_6377_2_22_200_206.csv,120,6377,2,22,200,206,200,42
human_120_6378_2_22_200_182.csv,120,6378,2,22,200,182,200,42
human_120_6379_2_22_200_176.csv,120,6379,2,22,200,176,200,42
human_120_637_1_3_200_204.csv,120,637,1,3,200,204,200,42
human_120_6380_2_22_200_190.csv,120,6380,2,22,200,190,200,42
human_120_6381_2_22_200_190.csv,120,6381,2,22,200,190,200,42
human_120_6382_2_22_200_189.csv,120,6382,2,22,200,189,200,42
human_120_6383_2_22_200_192.csv,120,6383,2,22,200,192,200,42
human_120_6384_2_22_200_178.csv,120,6384,2,22,200,178,200,42
human_120_6385_2_22_200_188.csv,120,6385,2,22,200,188,200,42
human_120_6386_2_22_200_174.csv,120,6386,2,22,200,174,200,42
human_120_6387_2_22_200_175.csv,120,6387,2,22,200,175,200,42
human_120_6388_2_22_200_186.csv,120,6388,2,22,200,186,200,42
human_120_6389_2_22_200_205.csv,120,6389,2,22,200,205,200,42
human_120_638_1_3_200_189.csv,120,638,1,3,200,189,200,42
human_120_6390_2_22_200_167.csv,120,6390,2,22,200,167,200,42
human_120_6391_2_22_200_191.csv,120,6391,2,22,200,191,200,42
human_120_6392_2_22_200_194.csv,120,6392,2,22,200,194,200,42
human_120_6393_2_22_200_177.csv,120,6393,2,22,200,177,200,42
human_120_6394_2_22_200_167.csv,120,6394,2,22,200,167,200,42
human_120_6395_2_22_200_192.csv,120,6395,2,22,200,192,200,42
human_120_6396_2_22_200_177.csv,120,6396,2,22,200,177,200,42
human_120_6397_2_22_200_197.csv,120,6397,2,22,200,197,200,42
human_120_6398_2_22_200_188.csv,120,6398,2,22,200,188,200,42
human_120_6399_2_22_200_168.csv,120,6399,2,22,200,168,200,42
human_120_639_1_3_200_191.csv,120,639,1,3,200,191,200,42
human_120_63_2_1_200_191.csv,120,63,2,1,200,191,200,42
human_120_6400_2_22_200_200.csv,120,6400,2,22,200,200,200,42
human_120_6401_3_22_200_202.csv,120,6401,3,22,200,202,200,42
human_120_6402_3_22_200_168.csv,120,6402,3,22,200,168,200,42
human_120_6403_3_22_200_184.csv,120,6403,3,22,200,184,200,42
human_120_6404_3_22_200_177.csv,120,6404,3,22,200,177,200,42
human_120_6405_3_22_200_184.csv,120,6405,3,22,200,184,200,42
human_120_6406_3_22_200_188.csv,120,6406,3,22,200,188,200,42
human_120_6407_3_22_200_188.csv,120,6407,3,22,200,188,200,42
human_120_6408_3_22_200_175.csv,120,6408,3,22,200,175,200,42
human_120_6409_3_22_200_187.csv,120,6409,3,22,200,187,200,42
human_120_640_1_3_200_212.csv,120,640,1,3,200,212,200,42
human_120_6410_3_22_200_188.csv,120,6410,3,22,200,188,200,42
human_120_6411_3_22_200_187.csv,120,6411,3,22,200,187,200,42
human_120_6412_3_22_200_195.csv,120,6412,3,22,200,195,200,42
human_120_6413_3_22_200_194.csv,120,6413,3,22,200,194,200,42
human_120_6414_3_22_200_180.csv,120,6414,3,22,200,180,200,42
human_120_6415_3_22_200_185.csv,120,6415,3,22,200,185,200,42
human_120_6416_3_22_200_177.csv,120,6416,3,22,200,177,200,42
human_120_6417_3_22_200_180.csv,120,6417,3,22,200,180,200,42
human_120_6418_3_22_200_185.csv,120,6418,3,22,200,185,200,42
human_120_6419_3_22_200_193.csv,120,6419,3,22,200,193,200,42
human_120_641_1_3_200_200.csv,120,641,1,3,200,200,200,42
human_120_6420_3_22_200_188.csv,120,6420,3,22,200,188,200,42
human_120_6421_3_22_200_187.csv,120,6421,3,22,200,187,200,42
human_120_6422_3_22_200_199.csv,120,6422,3,22,200,199,200,42
human_120_6423_3_22_200_176.csv,120,6423,3,22,200,176,200,42
human_120_6424_3_22_200_198.csv,120,6424,3,22,200,198,200,42
human_120_6425_3_22_200_198.csv,120,6425,3,22,200,198,200,42
human_120_6426_3_22_200_197.csv,120,6426,3,22,200,197,200,42
human_120_6427_3_22_200_192.csv,120,6427,3,22,200,192,200,42
human_120_6428_3_22_200_187.csv,120,6428,3,22,200,187,200,42
human_120_6429_3_22_200_186.csv,120,6429,3,22,200,186,200,42
human_120_642_1_3_200_196.csv,120,642,1,3,200,196,200,42
human_120_6430_3_22_200_201.csv,120,6430,3,22,200,201,200,42
human_120_6431_3_22_200_194.csv,120,6431,3,22,200,194,200,42
human_120_6432_3_22_200_200.csv,120,6432,3,22,200,200,200,42
human_120_6433_3_22_200_186.csv,120,6433,3,22,200,186,200,42
human_120_6434_3_22_200_192.csv,120,6434,3,22,200,192,200,42
human_120_6435_3_22_200_193.csv,120,6435,3,22,200,193,200,42
human_120_6436_3_22_200_186.csv,120,6436,3,22,200,186,200,42
human_120_6437_3_22_200_186.csv,120,6437,3,22,200,186,200,42
human_120_6438_3_22_200_197.csv,120,6438,3,22,200,197,200,42
human_120_6439_3_22_200_193.csv,120,6439,3,22,200,193,200,42
human_120_643_1_3_200_196.csv,120,643,1,3,200,196,200,42
human_120_6440_3_22_200_184.csv,120,6440,3,22,200,184,200,42
human_120_6441_3_22_200_183.csv,120,6441,3,22,200,183,200,42
human_120_6442_3_22_200_195.csv,120,6442,3,22,200,195,200,42
human_120_6443_3_22_200_189.csv,120,6443,3,22,200,189,200,42
human_120_6444_3_22_200_191.csv,120,6444,3,22,200,191,200,42
human_120_6445_3_22_200_189.csv,120,6445,3,22,200,189,200,42
human_120_6446_3_22_200_191.csv,120,6446,3,22,200,191,200,42
human_120_6447_3_22_200_208.csv,120,6447,3,22,200,208,200,42
human_120_6448_3_22_200_206.csv,120,6448,3,22,200,206,200,42
human_120_6449_3_22_200_185.csv,120,6449,3,22,200,185,200,42
human_120_644_1_3_200_200.csv,120,644,1,3,200,200,200,42
human_120_6450_3_22_200_198.csv,120,6450,3,22,200,198,200,42
human_120_6451_4_22_200_167.csv,120,6451,4,22,200,167,200,42
human_120_6452_4_22_200_161.csv,120,6452,4,22,200,161,200,42
human_120_6453_4_22_200_152.csv,120,6453,4,22,200,152,200,42
human_120_6454_4_22_200_175.csv,120,6454,4,22,200,175,200,42
human_120_6455_4_22_200_176.csv,120,6455,4,22,200,176,200,42
human_120_6456_4_22_200_197.csv,120,6456,4,22,200,197,200,42
human_120_6457_4_22_200_200.csv,120,6457,4,22,200,200,200,42
human_120_6458_4_22_200_151.csv,120,6458,4,22,200,151,200,42
human_120_6459_4_22_200_194.csv,120,6459,4,22,200,194,200,42
human_120_645_1_3_200_200.csv,120,645,1,3,200,200,200,42
human_120_6460_4_22_200_166.csv,120,6460,4,22,200,166,200,42
human_120_6461_4_22_200_156.csv,120,6461,4,22,200,156,200,42
human_120_6462_4_22_200_174.csv,120,6462,4,22,200,174,200,42
human_120_6463_4_22_200_156.csv,120,6463,4,22,200,156,200,42
human_120_6464_4_22_200_150.csv,120,6464,4,22,200,150,200,42
human_120_6465_4_22_200_159.csv,120,6465,4,22,200,159,200,42
human_120_6466_4_22_200_196.csv,120,6466,4,22,200,196,200,42
human_120_6467_4_22_200_173.csv,120,6467,4,22,200,173,200,42
human_120_6468_4_22_200_150.csv,120,6468,4,22,200,150,200,42
human_120_6469_4_22_200_206.csv,120,6469,4,22,200,206,200,42
human_120_646_1_3_200_195.csv,120,646,1,3,200,195,200,42
human_120_6470_4_22_200_156.csv,120,6470,4,22,200,156,200,42
human_120_6471_4_22_200_135.csv,120,6471,4,22,200,135,200,42
human_120_6472_4_22_200_174.csv,120,6472,4,22,200,174,200,42
human_120_6473_4_22_200_167.csv,120,6473,4,22,200,167,200,42
human_120_6474_4_22_200_162.csv,120,6474,4,22,200,162,200,42
human_120_6475_4_22_200_143.csv,120,6475,4,22,200,143,200,42
human_120_6476_4_22_200_152.csv,120,6476,4,22,200,152,200,42
human_120_6477_4_22_200_128.csv,120,6477,4,22,200,128,200,42
human_120_6478_4_22_200_148.csv,120,6478,4,22,200,148,200,42
human_120_6479_4_22_200_169.csv,120,6479,4,22,200,169,200,42
human_120_647_1_3_200_208.csv,120,647,1,3,200,208,200,42
human_120_6480_4_22_200_149.csv,120,6480,4,22,200,149,200,42
human_120_6481_4_22_200_161.csv,120,6481,4,22,200,161,200,42
human_120_6482_4_22_200_172.csv,120,6482,4,22,200,172,200,42
human_120_6483_4_22_200_160.csv,120,6483,4,22,200,160,200,42
human_120_6484_4_22_200_142.csv,120,6484,4,22,200,142,200,42
human_120_6485_4_22_200_155.csv,120,6485,4,22,200,155,200,42
human_120_6486_4_22_200_129.csv,120,6486,4,22,200,129,200,42
human_120_6487_4_22_200_159.csv,120,6487,4,22,200,159,200,42
human_120_6488_4_22_200_159.csv,120,6488,4,22,200,159,200,42
human_120_6489_4_22_200_168.csv,120,6489,4,22,200,168,200,42
human_120_648_1_3_200_200.csv,120,648,1,3,200,200,200,42
human_120_6490_4_22_200_175.csv,120,6490,4,22,200,175,200,42
human_120_6491_4_22_200_157.csv,120,6491,4,22,200,157,200,42
human_120_6492_4_22_200_126.csv,120,6492,4,22,200,126,200,42
human_120_6493_4_22_200_172.csv,120,6493,4,22,200,172,200,42
human_120_6494_4_22_200_144.csv,120,6494,4,22,200,144,200,42
human_120_6495_4_22_200_174.csv,120,6495,4,22,200,174,200,42
human_120_6496_4_22_200_135.csv,120,6496,4,22,200,135,200,42
human_120_6497_4_22_200_162.csv,120,6497,4,22,200,162,200,42
human_120_6498_4_22_200_143.csv,120,6498,4,22,200,143,200,42
human_120_6499_4_22_200_154.csv,120,6499,4,22,200,154,200,42
human_120_649_1_3_200_200.csv,120,649,1,3,200,200,200,42
human_120_64_2_1_200_173.csv,120,64,2,1,200,173,200,42
human_120_6500_4_22_200_146.csv,120,6500,4,22,200,146,200,42
human_120_6501_5_22_200_208.csv,120,6501,5,22,200,208,200,42
human_120_6502_5_22_200_184.csv,120,6502,5,22,200,184,200,42
human_120_6503_5_22_200_200.csv,120,6503,5,22,200,200,200,42
human_120_6504_5_22_200_197.csv,120,6504,5,22,200,197,200,42
human_120_6505_5_22_200_188.csv,120,6505,5,22,200,188,200,42
human_120_6506_5_22_200_190.csv,120,6506,5,22,200,190,200,42
human_120_6507_5_22_200_172.csv,120,6507,5,22,200,172,200,42
human_120_6508_5_22_200_169.csv,120,6508,5,22,200,169,200,42
human_120_6509_5_22_200_159.csv,120,6509,5,22,200,159,200,42
human_120_650_1_3_200_189.csv,120,650,1,3,200,189,200,42
human_120_6510_5_22_200_209.csv,120,6510,5,22,200,209,200,42
human_120_6511_5_22_200_139.csv,120,6511,5,22,200,139,200,42
human_120_6512_5_22_200_216.csv,120,6512,5,22,200,216,200,42
human_120_6513_5_22_200_192.csv,120,6513,5,22,200,192,200,42
human_120_6514_5_22_200_200.csv,120,6514,5,22,200,200,200,42
human_120_6515_5_22_200_200.csv,120,6515,5,22,200,200,200,42
human_120_6516_5_22_200_200.csv,120,6516,5,22,200,200,200,42
human_120_6517_5_22_200_164.csv,120,6517,5,22,200,164,200,42
human_120_6518_5_22_200_200.csv,120,6518,5,22,200,200,200,42
human_120_6519_5_22_200_178.csv,120,6519,5,22,200,178,200,42
human_120_651_2_3_200_200.csv,120,651,2,3,200,200,200,42
human_120_6520_5_22_200_189.csv,120,6520,5,22,200,189,200,42
human_120_6521_5_22_200_200.csv,120,6521,5,22,200,200,200,42
human_120_6522_5_22_200_200.csv,120,6522,5,22,200,200,200,42
human_120_6523_5_22_200_200.csv,120,6523,5,22,200,200,200,42
human_120_6524_5_22_200_164.csv,120,6524,5,22,200,164,200,42
human_120_6525_5_22_200_195.csv,120,6525,5,22,200,195,200,42
human_120_6526_5_22_200_195.csv,120,6526,5,22,200,195,200,42
human_120_6527_5_22_200_200.csv,120,6527,5,22,200,200,200,42
human_120_6528_5_22_200_200.csv,120,6528,5,22,200,200,200,42
human_120_6529_5_22_200_200.csv,120,6529,5,22,200,200,200,42
human_120_652_2_3_200_200.csv,120,652,2,3,200,200,200,42
human_120_6530_5_22_200_200.csv,120,6530,5,22,200,200,200,42
human_120_6531_5_22_200_200.csv,120,6531,5,22,200,200,200,42
human_120_6532_5_22_200_191.csv,120,6532,5,22,200,191,200,42
human_120_6533_5_22_200_200.csv,120,6533,5,22,200,200,200,42
human_120_6534_5_22_200_200.csv,120,6534,5,22,200,200,200,42
human_120_6535_5_22_200_200.csv,120,6535,5,22,200,200,200,42
human_120_6536_5_22_200_200.csv,120,6536,5,22,200,200,200,42
human_120_6537_5_22_200_200.csv,120,6537,5,22,200,200,200,42
human_120_6538_5_22_200_200.csv,120,6538,5,22,200,200,200,42
human_120_6539_5_22_200_200.csv,120,6539,5,22,200,200,200,42
human_120_653_2_3_200_186.csv,120,653,2,3,200,186,200,42
human_120_6540_5_22_200_178.csv,120,6540,5,22,200,178,200,42
human_120_6541_5_22_200_191.csv,120,6541,5,22,200,191,200,42
human_120_6542_5_22_200_200.csv,120,6542,5,22,200,200,200,42
human_120_6543_5_22_200_200.csv,120,6543,5,22,200,200,200,42
human_120_6544_5_22_200_200.csv,120,6544,5,22,200,200,200,42
human_120_6545_5_22_200_200.csv,120,6545,5,22,200,200,200,42
human_120_6546_5_22_200_200.csv,120,6546,5,22,200,200,200,42
human_120_6547_5_22_200_200.csv,120,6547,5,22,200,200,200,42
human_120_6548_5_22_200_200.csv,120,6548,5,22,200,200,200,42
human_120_6549_5_22_200_200.csv,120,6549,5,22,200,200,200,42
human_120_654_2_3_200_180.csv,120,654,2,3,200,180,200,42
human_120_6550_5_22_200_200.csv,120,6550,5,22,200,200,200,42
human_120_6551_6_22_200_186.csv,120,6551,6,22,200,186,200,42
human_120_6552_6_22_200_196.csv,120,6552,6,22,200,196,200,42
human_120_6553_6_22_200_185.csv,120,6553,6,22,200,185,200,42
human_120_6554_6_22_200_214.csv,120,6554,6,22,200,214,200,42
human_120_6555_6_22_200_194.csv,120,6555,6,22,200,194,200,42
human_120_6556_6_22_200_187.csv,120,6556,6,22,200,187,200,42
human_120_6557_6_22_200_183.csv,120,6557,6,22,200,183,200,42
human_120_6558_6_22_200_194.csv,120,6558,6,22,200,194,200,42
human_120_6559_6_22_200_193.csv,120,6559,6,22,200,193,200,42
human_120_655_2_3_200_197.csv,120,655,2,3,200,197,200,42
human_120_6560_6_22_200_201.csv,120,6560,6,22,200,201,200,42
human_120_6561_6_22_200_194.csv,120,6561,6,22,200,194,200,42
human_120_6562_6_22_200_190.csv,120,6562,6,22,200,190,200,42
human_120_6563_6_22_200_203.csv,120,6563,6,22,200,203,200,42
human_120_6564_6_22_200_196.csv,120,6564,6,22,200,196,200,42
human_120_6565_6_22_200_196.csv,120,6565,6,22,200,196,200,42
human_120_6566_6_22_200_206.csv,120,6566,6,22,200,206,200,42
human_120_6567_6_22_200_194.csv,120,6567,6,22,200,194,200,42
human_120_6568_6_22_200_181.csv,120,6568,6,22,200,181,200,42
human_120_6569_6_22_200_175.csv,120,6569,6,22,200,175,200,42
human_120_656_2_3_200_190.csv,120,656,2,3,200,190,200,42
human_120_6570_6_22_200_196.csv,120,6570,6,22,200,196,200,42
human_120_6571_6_22_200_193.csv,120,6571,6,22,200,193,200,42
human_120_6572_6_22_200_183.csv,120,6572,6,22,200,183,200,42
human_120_6573_6_22_200_190.csv,120,6573,6,22,200,190,200,42
human_120_6574_6_22_200_198.csv,120,6574,6,22,200,198,200,42
human_120_6575_6_22_200_197.csv,120,6575,6,22,200,197,200,42
human_120_6576_6_22_200_187.csv,120,6576,6,22,200,187,200,42
human_120_6577_6_22_200_192.csv,120,6577,6,22,200,192,200,42
human_120_6578_6_22_200_201.csv,120,6578,6,22,200,201,200,42
human_120_6579_6_22_200_196.csv,120,6579,6,22,200,196,200,42
human_120_657_2_3_200_190.csv,120,657,2,3,200,190,200,42
human_120_6580_6_22_200_195.csv,120,6580,6,22,200,195,200,42
human_120_6581_6_22_200_200.csv,120,6581,6,22,200,200,200,42
human_120_6582_6_22_200_209.csv,120,6582,6,22,200,209,200,42
human_120_6583_6_22_200_197.csv,120,6583,6,22,200,197,200,42
human_120_6584_6_22_200_187.csv,120,6584,6,22,200,187,200,42
human_120_6585_6_22_200_190.csv,120,6585,6,22,200,190,200,42
human_120_6586_6_22_200_186.csv,120,6586,6,22,200,186,200,42
human_120_6587_6_22_200_185.csv,120,6587,6,22,200,185,200,42
human_120_6588_6_22_200_202.csv,120,6588,6,22,200,202,200,42
human_120_6589_6_22_200_195.csv,120,6589,6,22,200,195,200,42
human_120_658_2_3_200_185.csv,120,658,2,3,200,185,200,42
human_120_6590_6_22_200_185.csv,120,6590,6,22,200,185,200,42
human_120_6591_6_22_200_192.csv,120,6591,6,22,200,192,200,42
human_120_6592_6_22_200_192.csv,120,6592,6,22,200,192,200,42
human_120_6593_6_22_200_198.csv,120,6593,6,22,200,198,200,42
human_120_6594_6_22_200_194.csv,120,6594,6,22,200,194,200,42
human_120_6595_6_22_200_191.csv,120,6595,6,22,200,191,200,42
human_120_6596_6_22_200_199.csv,120,6596,6,22,200,199,200,42
human_120_6597_6_22_200_189.csv,120,6597,6,22,200,189,200,42
human_120_6598_6_22_200_211.csv,120,6598,6,22,200,211,200,42
human_120_6599_6_22_200_196.csv,120,6599,6,22,200,196,200,42
human_120_659_2_3_200_193.csv,120,659,2,3,200,193,200,42
human_120_65_2_1_200_204.csv,120,65,2,1,200,204,200,42
human_120_6600_6_22_200_193.csv,120,6600,6,22,200,193,200,42
human_120_6601_1_23_200_184.csv,120,6601,1,23,200,184,200,42
human_120_6602_1_23_200_149.csv,120,6602,1,23,200,149,200,42
human_120_6603_1_23_200_161.csv,120,6603,1,23,200,161,200,42
human_120_6604_1_23_200_152.csv,120,6604,1,23,200,152,200,42
human_120_6605_1_23_200_192.csv,120,6605,1,23,200,192,200,42
human_120_6606_1_23_200_188.csv,120,6606,1,23,200,188,200,42
human_120_6607_1_23_200_191.csv,120,6607,1,23,200,191,200,42
human_120_6608_1_23_200_181.csv,120,6608,1,23,200,181,200,42
human_120_6609_1_23_200_201.csv,120,6609,1,23,200,201,200,42
human_120_660_2_3_200_197.csv,120,660,2,3,200,197,200,42
human_120_6610_1_23_200_186.csv,120,6610,1,23,200,186,200,42
human_120_6611_1_23_200_198.csv,120,6611,1,23,200,198,200,42
human_120_6612_1_23_200_191.csv,120,6612,1,23,200,191,200,42
human_120_6613_1_23_200_188.csv,120,6613,1,23,200,188,200,42
human_120_6614_1_23_200_192.csv,120,6614,1,23,200,192,200,42
human_120_6615_1_23_200_181.csv,120,6615,1,23,200,181,200,42
human_120_6616_1_23_200_178.csv,120,6616,1,23,200,178,200,42
human_120_6617_1_23_200_172.csv,120,6617,1,23,200,172,200,42
human_120_6618_1_23_200_184.csv,120,6618,1,23,200,184,200,42
human_120_6619_1_23_200_194.csv,120,6619,1,23,200,194,200,42
human_120_661_2_3_200_197.csv,120,661,2,3,200,197,200,42
human_120_6620_1_23_200_190.csv,120,6620,1,23,200,190,200,42
human_120_6621_1_23_200_180.csv,120,6621,1,23,200,180,200,42
human_120_6622_1_23_200_197.csv,120,6622,1,23,200,197,200,42
human_120_6623_1_23_200_190.csv,120,6623,1,23,200,190,200,42
human_120_6624_1_23_200_195.csv,120,6624,1,23,200,195,200,42
human_120_6625_1_23_200_171.csv,120,6625,1,23,200,171,200,42
human_120_6626_1_23_200_182.csv,120,6626,1,23,200,182,200,42
human_120_6627_1_23_200_182.csv,120,6627,1,23,200,182,200,42
human_120_6628_1_23_200_181.csv,120,6628,1,23,200,181,200,42
human_120_6629_1_23_200_194.csv,120,6629,1,23,200,194,200,42
human_120_662_2_3_200_191.csv,120,662,2,3,200,191,200,42
human_120_6630_1_23_200_180.csv,120,6630,1,23,200,180,200,42
human_120_6631_1_23_200_188.csv,120,6631,1,23,200,188,200,42
human_120_6632_1_23_200_194.csv,120,6632,1,23,200,194,200,42
human_120_6633_1_23_200_188.csv,120,6633,1,23,200,188,200,42
human_120_6634_1_23_200_193.csv,120,6634,1,23,200,193,200,42
human_120_6635_1_23_200_199.csv,120,6635,1,23,200,199,200,42
human_120_6636_1_23_200_182.csv,120,6636,1,23,200,182,200,42
human_120_6637_1_23_200_184.csv,120,6637,1,23,200,184,200,42
human_120_6638_1_23_200_176.csv,120,6638,1,23,200,176,200,42
human_120_6639_1_23_200_200.csv,120,6639,1,23,200,200,200,42
human_120_663_2_3_200_194.csv,120,663,2,3,200,194,200,42
human_120_6640_1_23_200_176.csv,120,6640,1,23,200,176,200,42
human_120_6641_1_23_200_191.csv,120,6641,1,23,200,191,200,42
human_120_6642_1_23_200_189.csv,120,6642,1,23,200,189,200,42
human_120_6643_1_23_200_180.csv,120,6643,1,23,200,180,200,42
human_120_6644_1_23_200_196.csv,120,6644,1,23,200,196,200,42
human_120_6645_1_23_200_178.csv,120,6645,1,23,200,178,200,42
human_120_6646_1_23_200_199.csv,120,6646,1,23,200,199,200,42
human_120_6647_1_23_200_178.csv,120,6647,1,23,200,178,200,42
human_120_6648_1_23_200_184.csv,120,6648,1,23,200,184,200,42
human_120_6649_1_23_200_189.csv,120,6649,1,23,200,189,200,42
human_120_664_2_3_200_189.csv,120,664,2,3,200,189,200,42
human_120_6650_1_23_200_201.csv,120,6650,1,23,200,201,200,42
human_120_6651_2_23_200_168.csv,120,6651,2,23,200,168,200,42
human_120_6652_2_23_200_184.csv,120,6652,2,23,200,184,200,42
human_120_6653_2_23_200_195.csv,120,6653,2,23,200,195,200,42
human_120_6654_2_23_200_198.csv,120,6654,2,23,200,198,200,42
human_120_6655_2_23_200_190.csv,120,6655,2,23,200,190,200,42
human_120_6656_2_23_200_194.csv,120,6656,2,23,200,194,200,42
human_120_6657_2_23_200_191.csv,120,6657,2,23,200,191,200,42
human_120_6658_2_23_200_203.csv,120,6658,2,23,200,203,200,42
human_120_6659_2_23_200_180.csv,120,6659,2,23,200,180,200,42
human_120_665_2_3_200_198.csv,120,665,2,3,200,198,200,42
human_120_6660_2_23_200_202.csv,120,6660,2,23,200,202,200,42
human_120_6661_2_23_200_191.csv,120,6661,2,23,200,191,200,42
human_120_6662_2_23_200_202.csv,120,6662,2,23,200,202,200,42
human_120_6663_2_23_200_208.csv,120,6663,2,23,200,208,200,42
human_120_6664_2_23_200_198.csv,120,6664,2,23,200,198,200,42
human_120_6665_2_23_200_202.csv,120,6665,2,23,200,202,200,42
human_120_6666_2_23_200_196.csv,120,6666,2,23,200,196,200,42
human_120_6667_2_23_200_202.csv,120,6667,2,23,200,202,200,42
human_120_6668_2_23_200_209.csv,120,6668,2,23,200,209,200,42
human_120_6669_2_23_200_200.csv,120,6669,2,23,200,200,200,42
human_120_666_2_3_200_191.csv,120,666,2,3,200,191,200,42
human_120_6670_2_23_200_200.csv,120,6670,2,23,200,200,200,42
human_120_6671_2_23_200_209.csv,120,6671,2,23,200,209,200,42
human_120_6672_2_23_200_204.csv,120,6672,2,23,200,204,200,42
human_120_6673_2_23_200_193.csv,120,6673,2,23,200,193,200,42
human_120_6674_2_23_200_196.csv,120,6674,2,23,200,196,200,42
human_120_6675_2_23_200_203.csv,120,6675,2,23,200,203,200,42
human_120_6676_2_23_200_200.csv,120,6676,2,23,200,200,200,42
human_120_6677_2_23_200_206.csv,120,6677,2,23,200,206,200,42
human_120_6678_2_23_200_195.csv,120,6678,2,23,200,195,200,42
human_120_6679_2_23_200_200.csv,120,6679,2,23,200,200,200,42
human_120_667_2_3_200_178.csv,120,667,2,3,200,178,200,42
human_120_6680_2_23_200_206.csv,120,6680,2,23,200,206,200,42
human_120_6681_2_23_200_190.csv,120,6681,2,23,200,190,200,42
human_120_6682_2_23_200_200.csv,120,6682,2,23,200,200,200,42
human_120_6683_2_23_200_196.csv,120,6683,2,23,200,196,200,42
human_120_6684_2_23_200_203.csv,120,6684,2,23,200,203,200,42
human_120_6685_2_23_200_200.csv,120,6685,2,23,200,200,200,42
human_120_6686_2_23_200_193.csv,120,6686,2,23,200,193,200,42
human_120_6687_2_23_200_207.csv,120,6687,2,23,200,207,200,42
human_120_6688_2_23_200_200.csv,120,6688,2,23,200,200,200,42
human_120_6689_2_23_200_207.csv,120,6689,2,23,200,207,200,42
human_120_668_2_3_200_197.csv,120,668,2,3,200,197,200,42
human_120_6690_2_23_200_201.csv,120,6690,2,23,200,201,200,42
human_120_6691_2_23_200_200.csv,120,6691,2,23,200,200,200,42
human_120_6692_2_23_200_204.csv,120,6692,2,23,200,204,200,42
human_120_6693_2_23_200_197.csv,120,6693,2,23,200,197,200,42
human_120_6694_2_23_200_196.csv,120,6694,2,23,200,196,200,42
human_120_6695_2_23_200_197.csv,120,6695,2,23,200,197,200,42
human_120_6696_2_23_200_211.csv,120,6696,2,23,200,211,200,42
human_120_6697_2_23_200_194.csv,120,6697,2,23,200,194,200,42
human_120_6698_2_23_200_188.csv,120,6698,2,23,200,188,200,42
human_120_6699_2_23_200_212.csv,120,6699,2,23,200,212,200,42
human_120_669_2_3_200_189.csv,120,669,2,3,200,189,200,42
human_120_66_2_1_200_189.csv,120,66,2,1,200,189,200,42
human_120_6700_2_23_200_189.csv,120,6700,2,23,200,189,200,42
human_120_6701_3_23_200_178.csv,120,6701,3,23,200,178,200,42
human_120_6702_3_23_200_179.csv,120,6702,3,23,200,179,200,42
human_120_6703_3_23_200_180.csv,120,6703,3,23,200,180,200,42
human_120_6704_3_23_200_189.csv,120,6704,3,23,200,189,200,42
human_120_6705_3_23_200_187.csv,120,6705,3,23,200,187,200,42
human_120_6706_3_23_200_188.csv,120,6706,3,23,200,188,200,42
human_120_6707_3_23_200_194.csv,120,6707,3,23,200,194,200,42
human_120_6708_3_23_200_204.csv,120,6708,3,23,200,204,200,42
human_120_6709_3_23_200_200.csv,120,6709,3,23,200,200,200,42
human_120_670_2_3_200_193.csv,120,670,2,3,200,193,200,42
human_120_6710_3_23_200_193.csv,120,6710,3,23,200,193,200,42
human_120_6711_3_23_200_207.csv,120,6711,3,23,200,207,200,42
human_120_6712_3_23_200_199.csv,120,6712,3,23,200,199,200,42
human_120_6713_3_23_200_191.csv,120,6713,3,23,200,191,200,42
human_120_6714_3_23_200_195.csv,120,6714,3,23,200,195,200,42
human_120_6715_3_23_200_207.csv,120,6715,3,23,200,207,200,42
human_120_6716_3_23_200_196.csv,120,6716,3,23,200,196,200,42
human_120_6717_3_23_200_196.csv,120,6717,3,23,200,196,200,42
human_120_6718_3_23_200_185.csv,120,6718,3,23,200,185,200,42
human_120_6719_3_23_200_193.csv,120,6719,3,23,200,193,200,42
human_120_671_2_3_200_200.csv,120,671,2,3,200,200,200,42
human_120_6720_3_23_200_197.csv,120,6720,3,23,200,197,200,42
human_120_6721_3_23_200_191.csv,120,6721,3,23,200,191,200,42
human_120_6722_3_23_200_204.csv,120,6722,3,23,200,204,200,42
human_120_6723_3_23_200_188.csv,120,6723,3,23,200,188,200,42
human_120_6724_3_23_200_186.csv,120,6724,3,23,200,186,200,42
human_120_6725_3_23_200_190.csv,120,6725,3,23,200,190,200,42
human_120_6726_3_23_200_193.csv,120,6726,3,23,200,193,200,42
human_120_6727_3_23_200_187.csv,120,6727,3,23,200,187,200,42
human_120_6728_3_23_200_194.csv,120,6728,3,23,200,194,200,42
human_120_6729_3_23_200_194.csv,120,6729,3,23,200,194,200,42
human_120_672_2_3_200_192.csv,120,672,2,3,200,192,200,42
human_120_6730_3_23_200_191.csv,120,6730,3,23,200,191,200,42
human_120_6731_3_23_200_194.csv,120,6731,3,23,200,194,200,42
human_120_6732_3_23_200_193.csv,120,6732,3,23,200,193,200,42
human_120_6733_3_23_200_195.csv,120,6733,3,23,200,195,200,42
human_120_6734_3_23_200_188.csv,120,6734,3,23,200,188,200,42
human_120_6735_3_23_200_189.csv,120,6735,3,23,200,189,200,42
human_120_6736_3_23_200_190.csv,120,6736,3,23,200,190,200,42
human_120_6737_3_23_200_192.csv,120,6737,3,23,200,192,200,42
human_120_6738_3_23_200_190.csv,120,6738,3,23,200,190,200,42
human_120_6739_3_23_200_200.csv,120,6739,3,23,200,200,200,42
human_120_673_2_3_200_183.csv,120,673,2,3,200,183,200,42
human_120_6740_3_23_200_195.csv,120,6740,3,23,200,195,200,42
human_120_6741_3_23_200_184.csv,120,6741,3,23,200,184,200,42
human_120_6742_3_23_200_188.csv,120,6742,3,23,200,188,200,42
human_120_6743_3_23_200_195.csv,120,6743,3,23,200,195,200,42
human_120_6744_3_23_200_186.csv,120,6744,3,23,200,186,200,42
human_120_6745_3_23_200_192.csv,120,6745,3,23,200,192,200,42
human_120_6746_3_23_200_194.csv,120,6746,3,23,200,194,200,42
human_120_6747_3_23_200_195.csv,120,6747,3,23,200,195,200,42
human_120_6748_3_23_200_187.csv,120,6748,3,23,200,187,200,42
human_120_6749_3_23_200_189.csv,120,6749,3,23,200,189,200,42
human_120_674_2_3_200_195.csv,120,674,2,3,200,195,200,42
human_120_6750_3_23_200_190.csv,120,6750,3,23,200,190,200,42
human_120_6751_4_23_200_160.csv,120,6751,4,23,200,160,200,42
human_120_6752_4_23_200_154.csv,120,6752,4,23,200,154,200,42
human_120_6753_4_23_200_154.csv,120,6753,4,23,200,154,200,42
human_120_6754_4_23_200_166.csv,120,6754,4,23,200,166,200,42
human_120_6755_4_23_200_163.csv,120,6755,4,23,200,163,200,42
human_120_6756_4_23_200_173.csv,120,6756,4,23,200,173,200,42
human_120_6757_4_23_200_183.csv,120,6757,4,23,200,183,200,42
human_120_6758_4_23_200_189.csv,120,6758,4,23,200,189,200,42
human_120_6759_4_23_200_182.csv,120,6759,4,23,200,182,200,42
human_120_675_2_3_200_187.csv,120,675,2,3,200,187,200,42
human_120_6760_4_23_200_195.csv,120,6760,4,23,200,195,200,42
human_120_6761_4_23_200_159.csv,120,6761,4,23,200,159,200,42
human_120_6762_4_23_200_160.csv,120,6762,4,23,200,160,200,42
human_120_6763_4_23_200_177.csv,120,6763,4,23,200,177,200,42
human_120_6764_4_23_200_144.csv,120,6764,4,23,200,144,200,42
human_120_6765_4_23_200_178.csv,120,6765,4,23,200,178,200,42
human_120_6766_4_23_200_155.csv,120,6766,4,23,200,155,200,42
human_120_6767_4_23_200_177.csv,120,6767,4,23,200,177,200,42
human_120_6768_4_23_200_167.csv,120,6768,4,23,200,167,200,42
human_120_6769_4_23_200_153.csv,120,6769,4,23,200,153,200,42
human_120_676_2_3_200_189.csv,120,676,2,3,200,189,200,42
human_120_6770_4_23_200_164.csv,120,6770,4,23,200,164,200,42
human_120_6771_4_23_200_166.csv,120,6771,4,23,200,166,200,42
human_120_6772_4_23_200_153.csv,120,6772,4,23,200,153,200,42
human_120_6773_4_23_200_163.csv,120,6773,4,23,200,163,200,42
human_120_6774_4_23_200_149.csv,120,6774,4,23,200,149,200,42
human_120_6775_4_23_200_166.csv,120,6775,4,23,200,166,200,42
human_120_6776_4_23_200_194.csv,120,6776,4,23,200,194,200,42
human_120_6777_4_23_200_161.csv,120,6777,4,23,200,161,200,42
human_120_6778_4_23_200_150.csv,120,6778,4,23,200,150,200,42
human_120_6779_4_23_200_171.csv,120,6779,4,23,200,171,200,42
human_120_677_2_3_200_186.csv,120,677,2,3,200,186,200,42
human_120_6780_4_23_200_157.csv,120,6780,4,23,200,157,200,42
human_120_6781_4_23_200_160.csv,120,6781,4,23,200,160,200,42
human_120_6782_4_23_200_167.csv,120,6782,4,23,200,167,200,42
human_120_6783_4_23_200_146.csv,120,6783,4,23,200,146,200,42
human_120_6784_4_23_200_159.csv,120,6784,4,23,200,159,200,42
human_120_6785_4_23_200_182.csv,120,6785,4,23,200,182,200,42
human_120_6786_4_23_200_177.csv,120,6786,4,23,200,177,200,42
human_120_6787_4_23_200_153.csv,120,6787,4,23,200,153,200,42
human_120_6788_4_23_200_165.csv,120,6788,4,23,200,165,200,42
human_120_6789_4_23_200_172.csv,120,6789,4,23,200,172,200,42
human_120_678_2_3_200_193.csv,120,678,2,3,200,193,200,42
human_120_6790_4_23_200_169.csv,120,6790,4,23,200,169,200,42
human_120_6791_4_23_200_178.csv,120,6791,4,23,200,178,200,42
human_120_6792_4_23_200_153.csv,120,6792,4,23,200,153,200,42
human_120_6793_4_23_200_158.csv,120,6793,4,23,200,158,200,42
human_120_6794_4_23_200_155.csv,120,6794,4,23,200,155,200,42
human_120_6795_4_23_200_168.csv,120,6795,4,23,200,168,200,42
human_120_6796_4_23_200_162.csv,120,6796,4,23,200,162,200,42
human_120_6797_4_23_200_158.csv,120,6797,4,23,200,158,200,42
human_120_6798_4_23_200_159.csv,120,6798,4,23,200,159,200,42
human_120_6799_4_23_200_164.csv,120,6799,4,23,200,164,200,42
human_120_679_2_3_200_198.csv,120,679,2,3,200,198,200,42
human_120_67_2_1_200_186.csv,120,67,2,1,200,186,200,42
human_120_6800_4_23_200_153.csv,120,6800,4,23,200,153,200,42
human_120_6801_5_23_200_192.csv,120,6801,5,23,200,192,200,42
human_120_6802_5_23_200_183.csv,120,6802,5,23,200,183,200,42
human_120_6803_5_23_200_200.csv,120,6803,5,23,200,200,200,42
human_120_6804_5_23_200_195.csv,120,6804,5,23,200,195,200,42
human_120_6805_5_23_200_189.csv,120,6805,5,23,200,189,200,42
human_120_6806_5_23_200_198.csv,120,6806,5,23,200,198,200,42
human_120_6807_5_23_200_178.csv,120,6807,5,23,200,178,200,42
human_120_6808_5_23_200_205.csv,120,6808,5,23,200,205,200,42
human_120_6809_5_23_200_202.csv,120,6809,5,23,200,202,200,42
human_120_680_2_3_200_176.csv,120,680,2,3,200,176,200,42
human_120_6810_5_23_200_181.csv,120,6810,5,23,200,181,200,42
human_120_6811_5_23_200_199.csv,120,6811,5,23,200,199,200,42
human_120_6812_5_23_200_196.csv,120,6812,5,23,200,196,200,42
human_120_6813_5_23_200_190.csv,120,6813,5,23,200,190,200,42
human_120_6814_5_23_200_194.csv,120,6814,5,23,200,194,200,42
human_120_6815_5_23_200_182.csv,120,6815,5,23,200,182,200,42
human_120_6816_5_23_200_185.csv,120,6816,5,23,200,185,200,42
human_120_6817_5_23_200_196.csv,120,6817,5,23,200,196,200,42
human_120_6818_5_23_200_184.csv,120,6818,5,23,200,184,200,42
human_120_6819_5_23_200_187.csv,120,6819,5,23,200,187,200,42
human_120_681_2_3_200_191.csv,120,681,2,3,200,191,200,42
human_120_6820_5_23_200_212.csv,120,6820,5,23,200,212,200,42
human_120_6821_5_23_200_188.csv,120,6821,5,23,200,188,200,42
human_120_6822_5_23_200_180.csv,120,6822,5,23,200,180,200,42
human_120_6823_5_23_200_191.csv,120,6823,5,23,200,191,200,42
human_120_6824_5_23_200_202.csv,120,6824,5,23,200,202,200,42
human_120_6825_5_23_200_190.csv,120,6825,5,23,200,190,200,42
human_120_6826_5_23_200_174.csv,120,6826,5,23,200,174,200,42
human_120_6827_5_23_200_202.csv,120,6827,5,23,200,202,200,42
human_120_6828_5_23_200_205.csv,120,6828,5,23,200,205,200,42
human_120_6829_5_23_200_187.csv,120,6829,5,23,200,187,200,42
human_120_682_2_3_200_192.csv,120,682,2,3,200,192,200,42
human_120_6830_5_23_200_187.csv,120,6830,5,23,200,187,200,42
human_120_6831_5_23_200_187.csv,120,6831,5,23,200,187,200,42
human_120_6832_5_23_200_187.csv,120,6832,5,23,200,187,200,42
human_120_6833_5_23_200_202.csv,120,6833,5,23,200,202,200,42
human_120_6834_5_23_200_183.csv,120,6834,5,23,200,183,200,42
human_120_6835_5_23_200_195.csv,120,6835,5,23,200,195,200,42
human_120_6836_5_23_200_200.csv,120,6836,5,23,200,200,200,42
human_120_6837_5_23_200_178.csv,120,6837,5,23,200,178,200,42
human_120_6838_5_23_200_181.csv,120,6838,5,23,200,181,200,42
human_120_6839_5_23_200_176.csv,120,6839,5,23,200,176,200,42
human_120_683_2_3_200_200.csv,120,683,2,3,200,200,200,42
human_120_6840_5_23_200_188.csv,120,6840,5,23,200,188,200,42
human_120_6841_5_23_200_194.csv,120,6841,5,23,200,194,200,42
human_120_6842_5_23_200_175.csv,120,6842,5,23,200,175,200,42
human_120_6843_5_23_200_184.csv,120,6843,5,23,200,184,200,42
human_120_6844_5_23_200_186.csv,120,6844,5,23,200,186,200,42
human_120_6845_5_23_200_193.csv,120,6845,5,23,200,193,200,42
human_120_6846_5_23_200_180.csv,120,6846,5,23,200,180,200,42
human_120_6847_5_23_200_180.csv,120,6847,5,23,200,180,200,42
human_120_6848_5_23_200_188.csv,120,6848,5,23,200,188,200,42
human_120_6849_5_23_200_198.csv,120,6849,5,23,200,198,200,42
human_120_684_2_3_200_195.csv,120,684,2,3,200,195,200,42
human_120_6850_5_23_200_186.csv,120,6850,5,23,200,186,200,42
human_120_6851_6_23_200_196.csv,120,6851,6,23,200,196,200,42
human_120_6852_6_23_200_193.csv,120,6852,6,23,200,193,200,42
human_120_6853_6_23_200_189.csv,120,6853,6,23,200,189,200,42
human_120_6854_6_23_200_193.csv,120,6854,6,23,200,193,200,42
human_120_6855_6_23_200_180.csv,120,6855,6,23,200,180,200,42
human_120_6856_6_23_200_190.csv,120,6856,6,23,200,190,200,42
human_120_6857_6_23_200_200.csv,120,6857,6,23,200,200,200,42
human_120_6858_6_23_200_182.csv,120,6858,6,23,200,182,200,42
human_120_6859_6_23_200_181.csv,120,6859,6,23,200,181,200,42
human_120_685_2_3_200_186.csv,120,685,2,3,200,186,200,42
human_120_6860_6_23_200_185.csv,120,6860,6,23,200,185,200,42
human_120_6861_6_23_200_198.csv,120,6861,6,23,200,198,200,42
human_120_6862_6_23_200_207.csv,120,6862,6,23,200,207,200,42
human_120_6863_6_23_200_191.csv,120,6863,6,23,200,191,200,42
human_120_6864_6_23_200_187.csv,120,6864,6,23,200,187,200,42
human_120_6865_6_23_200_187.csv,120,6865,6,23,200,187,200,42
human_120_6866_6_23_200_197.csv,120,6866,6,23,200,197,200,42
human_120_6867_6_23_200_181.csv,120,6867,6,23,200,181,200,42
human_120_6868_6_23_200_188.csv,120,6868,6,23,200,188,200,42
human_120_6869_6_23_200_170.csv,120,6869,6,23,200,170,200,42
human_120_686_2_3_200_200.csv,120,686,2,3,200,200,200,42
human_120_6870_6_23_200_200.csv,120,6870,6,23,200,200,200,42
human_120_6871_6_23_200_200.csv,120,6871,6,23,200,200,200,42
human_120_6872_6_23_200_199.csv,120,6872,6,23,200,199,200,42
human_120_6873_6_23_200_191.csv,120,6873,6,23,200,191,200,42
human_120_6874_6_23_200_200.csv,120,6874,6,23,200,200,200,42
human_120_6875_6_23_200_186.csv,120,6875,6,23,200,186,200,42
human_120_6876_6_23_200_200.csv,120,6876,6,23,200,200,200,42
human_120_6877_6_23_200_192.csv,120,6877,6,23,200,192,200,42
human_120_6878_6_23_200_185.csv,120,6878,6,23,200,185,200,42
human_120_6879_6_23_200_191.csv,120,6879,6,23,200,191,200,42
human_120_687_2_3_200_195.csv,120,687,2,3,200,195,200,42
human_120_6880_6_23_200_195.csv,120,6880,6,23,200,195,200,42
human_120_6881_6_23_200_192.csv,120,6881,6,23,200,192,200,42
human_120_6882_6_23_200_195.csv,120,6882,6,23,200,195,200,42
human_120_6883_6_23_200_193.csv,120,6883,6,23,200,193,200,42
human_120_6884_6_23_200_191.csv,120,6884,6,23,200,191,200,42
human_120_6885_6_23_200_184.csv,120,6885,6,23,200,184,200,42
human_120_6886_6_23_200_191.csv,120,6886,6,23,200,191,200,42
human_120_6887_6_23_200_186.csv,120,6887,6,23,200,186,200,42
human_120_6888_6_23_200_193.csv,120,6888,6,23,200,193,200,42
human_120_6889_6_23_200_185.csv,120,6889,6,23,200,185,200,42
human_120_688_2_3_200_184.csv,120,688,2,3,200,184,200,42
human_120_6890_6_23_200_183.csv,120,6890,6,23,200,183,200,42
human_120_6891_6_23_200_188.csv,120,6891,6,23,200,188,200,42
human_120_6892_6_23_200_199.csv,120,6892,6,23,200,199,200,42
human_120_6893_6_23_200_186.csv,120,6893,6,23,200,186,200,42
human_120_6894_6_23_200_198.csv,120,6894,6,23,200,198,200,42
human_120_6895_6_23_200_182.csv,120,6895,6,23,200,182,200,42
human_120_6896_6_23_200_178.csv,120,6896,6,23,200,178,200,42
human_120_6897_6_23_200_176.csv,120,6897,6,23,200,176,200,42
human_120_6898_6_23_200_189.csv,120,6898,6,23,200,189,200,42
human_120_6899_6_23_200_189.csv,120,6899,6,23,200,189,200,42
human_120_689_2_3_200_195.csv,120,689,2,3,200,195,200,42
human_120_68_2_1_200_191.csv,120,68,2,1,200,191,200,42
human_120_6900_6_23_200_178.csv,120,6900,6,23,200,178,200,42
human_120_6901_1_24_200_190.csv,120,6901,1,24,200,190,200,42
human_120_6902_1_24_200_185.csv,120,6902,1,24,200,185,200,42
human_120_6903_1_24_200_191.csv,120,6903,1,24,200,191,200,42
human_120_6904_1_24_200_192.csv,120,6904,1,24,200,192,200,42
human_120_6905_1_24_200_186.csv,120,6905,1,24,200,186,200,42
human_120_6906_1_24_200_171.csv,120,6906,1,24,200,171,200,42
human_120_6907_1_24_200_190.csv,120,6907,1,24,200,190,200,42
human_120_6908_1_24_200_181.csv,120,6908,1,24,200,181,200,42
human_120_6909_1_24_200_214.csv,120,6909,1,24,200,214,200,42
human_120_690_2_3_200_196.csv,120,690,2,3,200,196,200,42
human_120_6910_1_24_200_172.csv,120,6910,1,24,200,172,200,42
human_120_6911_1_24_200_194.csv,120,6911,1,24,200,194,200,42
human_120_6912_1_24_200_187.csv,120,6912,1,24,200,187,200,42
human_120_6913_1_24_200_180.csv,120,6913,1,24,200,180,200,42
human_120_6914_1_24_200_196.csv,120,6914,1,24,200,196,200,42
human_120_6915_1_24_200_182.csv,120,6915,1,24,200,182,200,42
human_120_6916_1_24_200_193.csv,120,6916,1,24,200,193,200,42
human_120_6917_1_24_200_180.csv,120,6917,1,24,200,180,200,42
human_120_6918_1_24_200_189.csv,120,6918,1,24,200,189,200,42
human_120_6919_1_24_200_170.csv,120,6919,1,24,200,170,200,42
human_120_691_2_3_200_194.csv,120,691,2,3,200,194,200,42
human_120_6920_1_24_200_181.csv,120,6920,1,24,200,181,200,42
human_120_6921_1_24_200_196.csv,120,6921,1,24,200,196,200,42
human_120_6922_1_24_200_189.csv,120,6922,1,24,200,189,200,42
human_120_6923_1_24_200_181.csv,120,6923,1,24,200,181,200,42
human_120_6924_1_24_200_188.csv,120,6924,1,24,200,188,200,42
human_120_6925_1_24_200_171.csv,120,6925,1,24,200,171,200,42
human_120_6926_1_24_200_207.csv,120,6926,1,24,200,207,200,42
human_120_6927_1_24_200_174.csv,120,6927,1,24,200,174,200,42
human_120_6928_1_24_200_189.csv,120,6928,1,24,200,189,200,42
human_120_6929_1_24_200_198.csv,120,6929,1,24,200,198,200,42
human_120_692_2_3_200_169.csv,120,692,2,3,200,169,200,42
human_120_6930_1_24_200_193.csv,120,6930,1,24,200,193,200,42
human_120_6931_1_24_200_190.csv,120,6931,1,24,200,190,200,42
human_120_6932_1_24_200_181.csv,120,6932,1,24,200,181,200,42
human_120_6933_1_24_200_184.csv,120,6933,1,24,200,184,200,42
human_120_6934_1_24_200_187.csv,120,6934,1,24,200,187,200,42
human_120_6935_1_24_200_187.csv,120,6935,1,24,200,187,200,42
human_120_6936_1_24_200_180.csv,120,6936,1,24,200,180,200,42
human_120_6937_1_24_200_188.csv,120,6937,1,24,200,188,200,42
human_120_6938_1_24_200_180.csv,120,6938,1,24,200,180,200,42
human_120_6939_1_24_200_191.csv,120,6939,1,24,200,191,200,42
human_120_693_2_3_200_190.csv,120,693,2,3,200,190,200,42
human_120_6940_1_24_200_184.csv,120,6940,1,24,200,184,200,42
human_120_6941_1_24_200_184.csv,120,6941,1,24,200,184,200,42
human_120_6942_1_24_200_189.csv,120,6942,1,24,200,189,200,42
human_120_6943_1_24_200_176.csv,120,6943,1,24,200,176,200,42
human_120_6944_1_24_200_189.csv,120,6944,1,24,200,189,200,42
human_120_6945_1_24_200_176.csv,120,6945,1,24,200,176,200,42
human_120_6946_1_24_200_168.csv,120,6946,1,24,200,168,200,42
human_120_6947_1_24_200_195.csv,120,6947,1,24,200,195,200,42
human_120_6948_1_24_200_176.csv,120,6948,1,24,200,176,200,42
human_120_6949_1_24_200_190.csv,120,6949,1,24,200,190,200,42
human_120_694_2_3_200_189.csv,120,694,2,3,200,189,200,42
human_120_6950_1_24_200_155.csv,120,6950,1,24,200,155,200,42
human_120_6951_2_24_200_184.csv,120,6951,2,24,200,184,200,42
human_120_6952_2_24_200_195.csv,120,6952,2,24,200,195,200,42
human_120_6953_2_24_200_183.csv,120,6953,2,24,200,183,200,42
human_120_6954_2_24_200_201.csv,120,6954,2,24,200,201,200,42
human_120_6955_2_24_200_183.csv,120,6955,2,24,200,183,200,42
human_120_6956_2_24_200_194.csv,120,6956,2,24,200,194,200,42
human_120_6957_2_24_200_187.csv,120,6957,2,24,200,187,200,42
human_120_6958_2_24_200_189.csv,120,6958,2,24,200,189,200,42
human_120_6959_2_24_200_186.csv,120,6959,2,24,200,186,200,42
human_120_695_2_3_200_200.csv,120,695,2,3,200,200,200,42
human_120_6960_2_24_200_194.csv,120,6960,2,24,200,194,200,42
human_120_6961_2_24_200_193.csv,120,6961,2,24,200,193,200,42
human_120_6962_2_24_200_194.csv,120,6962,2,24,200,194,200,42
human_120_6963_2_24_200_184.csv,120,6963,2,24,200,184,200,42
human_120_6964_2_24_200_201.csv,120,6964,2,24,200,201,200,42
human_120_6965_2_24_200_206.csv,120,6965,2,24,200,206,200,42
human_120_6966_2_24_200_191.csv,120,6966,2,24,200,191,200,42
human_120_6967_2_24_200_191.csv,120,6967,2,24,200,191,200,42
human_120_6968_2_24_200_191.csv,120,6968,2,24,200,191,200,42
human_120_6969_2_24_200_205.csv,120,6969,2,24,200,205,200,42
human_120_696_2_3_200_186.csv,120,696,2,3,200,186,200,42
human_120_6970_2_24_200_187.csv,120,6970,2,24,200,187,200,42
human_120_6971_2_24_200_208.csv,120,6971,2,24,200,208,200,42
human_120_6972_2_24_200_203.csv,120,6972,2,24,200,203,200,42
human_120_6973_2_24_200_189.csv,120,6973,2,24,200,189,200,42
human_120_6974_2_24_200_191.csv,120,6974,2,24,200,191,200,42
human_120_6975_2_24_200_198.csv,120,6975,2,24,200,198,200,42
human_120_6976_2_24_200_197.csv,120,6976,2,24,200,197,200,42
human_120_6977_2_24_200_213.csv,120,6977,2,24,200,213,200,42
human_120_6978_2_24_200_191.csv,120,6978,2,24,200,191,200,42
human_120_6979_2_24_200_200.csv,120,6979,2,24,200,200,200,42
human_120_697_2_3_200_193.csv,120,697,2,3,200,193,200,42
human_120_6980_2_24_200_200.csv,120,6980,2,24,200,200,200,42
human_120_6981_2_24_200_208.csv,120,6981,2,24,200,208,200,42
human_120_6982_2_24_200_214.csv,120,6982,2,24,200,214,200,42
human_120_6983_2_24_200_180.csv,120,6983,2,24,200,180,200,42
human_120_6984_2_24_200_198.csv,120,6984,2,24,200,198,200,42
human_120_6985_2_24_200_213.csv,120,6985,2,24,200,213,200,42
human_120_6986_2_24_200_191.csv,120,6986,2,24,200,191,200,42
human_120_6987_2_24_200_201.csv,120,6987,2,24,200,201,200,42
human_120_6988_2_24_200_195.csv,120,6988,2,24,200,195,200,42
human_120_6989_2_24_200_205.csv,120,6989,2,24,200,205,200,42
human_120_698_2_3_200_194.csv,120,698,2,3,200,194,200,42
human_120_6990_2_24_200_206.csv,120,6990,2,24,200,206,200,42
human_120_6991_2_24_200_191.csv,120,6991,2,24,200,191,200,42
human_120_6992_2_24_200_190.csv,120,6992,2,24,200,190,200,42
human_120_6993_2_24_200_202.csv,120,6993,2,24,200,202,200,42
human_120_6994_2_24_200_190.csv,120,6994,2,24,200,190,200,42
human_120_6995_2_24_200_184.csv,120,6995,2,24,200,184,200,42
human_120_6996_2_24_200_198.csv,120,6996,2,24,200,198,200,42
human_120_6997_2_24_200_193.csv,120,6997,2,24,200,193,200,42
human_120_6998_2_24_200_183.csv,120,6998,2,24,200,183,200,42
human_120_6999_2_24_200_197.csv,120,6999,2,24,200,197,200,42
human_120_699_2_3_200_190.csv,120,699,2,3,200,190,200,42
human_120_69_2_1_200_181.csv,120,69,2,1,200,181,200,42
human_120_6_1_1_200_190.csv,120,6,1,1,200,190,200,42
human_120_7000_2_24_200_200.csv,120,7000,2,24,200,200,200,42
human_120_7001_3_24_200_172.csv,120,7001,3,24,200,172,200,42
human_120_7002_3_24_200_151.csv,120,7002,3,24,200,151,200,42
human_120_7003_3_24_200_170.csv,120,7003,3,24,200,170,200,42
human_120_7004_3_24_200_152.csv,120,7004,3,24,200,152,200,42
human_120_7005_3_24_200_158.csv,120,7005,3,24,200,158,200,42
human_120_7006_3_24_200_186.csv,120,7006,3,24,200,186,200,42
human_120_7007_3_24_200_175.csv,120,7007,3,24,200,175,200,42
human_120_7008_3_24_200_171.csv,120,7008,3,24,200,171,200,42
human_120_7009_3_24_200_183.csv,120,7009,3,24,200,183,200,42
human_120_700_2_3_200_187.csv,120,700,2,3,200,187,200,42
human_120_7010_3_24_200_193.csv,120,7010,3,24,200,193,200,42
human_120_7011_3_24_200_183.csv,120,7011,3,24,200,183,200,42
human_120_7012_3_24_200_179.csv,120,7012,3,24,200,179,200,42
human_120_7013_3_24_200_181.csv,120,7013,3,24,200,181,200,42
human_120_7014_3_24_200_175.csv,120,7014,3,24,200,175,200,42
human_120_7015_3_24_200_201.csv,120,7015,3,24,200,201,200,42
human_120_7016_3_24_200_204.csv,120,7016,3,24,200,204,200,42
human_120_7017_3_24_200_162.csv,120,7017,3,24,200,162,200,42
human_120_7018_3_24_200_179.csv,120,7018,3,24,200,179,200,42
human_120_7019_3_24_200_179.csv,120,7019,3,24,200,179,200,42
human_120_701_3_3_200_183.csv,120,701,3,3,200,183,200,42
human_120_7020_3_24_200_166.csv,120,7020,3,24,200,166,200,42
human_120_7021_3_24_200_185.csv,120,7021,3,24,200,185,200,42
human_120_7022_3_24_200_190.csv,120,7022,3,24,200,190,200,42
human_120_7023_3_24_200_178.csv,120,7023,3,24,200,178,200,42
human_120_7024_3_24_200_160.csv,120,7024,3,24,200,160,200,42
human_120_7025_3_24_200_185.csv,120,7025,3,24,200,185,200,42
human_120_7026_3_24_200_186.csv,120,7026,3,24,200,186,200,42
human_120_7027_3_24_200_196.csv,120,7027,3,24,200,196,200,42
human_120_7028_3_24_200_163.csv,120,7028,3,24,200,163,200,42
human_120_7029_3_24_200_163.csv,120,7029,3,24,200,163,200,42
human_120_702_3_3_200_200.csv,120,702,3,3,200,200,200,42
human_120_7030_3_24_200_178.csv,120,7030,3,24,200,178,200,42
human_120_7031_3_24_200_177.csv,120,7031,3,24,200,177,200,42
human_120_7032_3_24_200_157.csv,120,7032,3,24,200,157,200,42
human_120_7033_3_24_200_172.csv,120,7033,3,24,200,172,200,42
human_120_7034_3_24_200_174.csv,120,7034,3,24,200,174,200,42
human_120_7035_3_24_200_173.csv,120,7035,3,24,200,173,200,42
human_120_7036_3_24_200_174.csv,120,7036,3,24,200,174,200,42
human_120_7037_3_24_200_159.csv,120,7037,3,24,200,159,200,42
human_120_7038_3_24_200_182.csv,120,7038,3,24,200,182,200,42
human_120_7039_3_24_200_188.csv,120,7039,3,24,200,188,200,42
human_120_703_3_3_200_203.csv,120,703,3,3,200,203,200,42
human_120_7040_3_24_200_173.csv,120,7040,3,24,200,173,200,42
human_120_7041_3_24_200_194.csv,120,7041,3,24,200,194,200,42
human_120_7042_3_24_200_168.csv,120,7042,3,24,200,168,200,42
human_120_7043_3_24_200_192.csv,120,7043,3,24,200,192,200,42
human_120_7044_3_24_200_187.csv,120,7044,3,24,200,187,200,42
human_120_7045_3_24_200_182.csv,120,7045,3,24,200,182,200,42
human_120_7046_3_24_200_189.csv,120,7046,3,24,200,189,200,42
human_120_7047_3_24_200_192.csv,120,7047,3,24,200,192,200,42
human_120_7048_3_24_200_175.csv,120,7048,3,24,200,175,200,42
human_120_7049_3_24_200_183.csv,120,7049,3,24,200,183,200,42
human_120_704_3_3_200_200.csv,120,704,3,3,200,200,200,42
human_120_7050_3_24_200_196.csv,120,7050,3,24,200,196,200,42
human_120_7051_4_24_200_185.csv,120,7051,4,24,200,185,200,42
human_120_7052_4_24_200_162.csv,120,7052,4,24,200,162,200,42
human_120_7053_4_24_200_170.csv,120,7053,4,24,200,170,200,42
human_120_7054_4_24_200_170.csv,120,7054,4,24,200,170,200,42
human_120_7055_4_24_200_174.csv,120,7055,4,24,200,174,200,42
human_120_7056_4_24_200_171.csv,120,7056,4,24,200,171,200,42
human_120_7057_4_24_200_143.csv,120,7057,4,24,200,143,200,42
human_120_7058_4_24_200_154.csv,120,7058,4,24,200,154,200,42
human_120_7059_4_24_200_155.csv,120,7059,4,24,200,155,200,42
human_120_705_3_3_200_196.csv,120,705,3,3,200,196,200,42
human_120_7060_4_24_200_153.csv,120,7060,4,24,200,153,200,42
human_120_7061_4_24_200_170.csv,120,7061,4,24,200,170,200,42
human_120_7062_4_24_200_146.csv,120,7062,4,24,200,146,200,42
human_120_7063_4_24_200_179.csv,120,7063,4,24,200,179,200,42
human_120_7064_4_24_200_131.csv,120,7064,4,24,200,131,200,42
human_120_7065_4_24_200_154.csv,120,7065,4,24,200,154,200,42
human_120_7066_4_24_200_163.csv,120,7066,4,24,200,163,200,42
human_120_7067_4_24_200_165.csv,120,7067,4,24,200,165,200,42
human_120_7068_4_24_200_152.csv,120,7068,4,24,200,152,200,42
human_120_7069_4_24_200_169.csv,120,7069,4,24,200,169,200,42
human_120_706_3_3_200_200.csv,120,706,3,3,200,200,200,42
human_120_7070_4_24_200_176.csv,120,7070,4,24,200,176,200,42
human_120_7071_4_24_200_164.csv,120,7071,4,24,200,164,200,42
human_120_7072_4_24_200_173.csv,120,7072,4,24,200,173,200,42
human_120_7073_4_24_200_175.csv,120,7073,4,24,200,175,200,42
human_120_7074_4_24_200_184.csv,120,7074,4,24,200,184,200,42
human_120_7075_4_24_200_152.csv,120,7075,4,24,200,152,200,42
human_120_7076_4_24_200_178.csv,120,7076,4,24,200,178,200,42
human_120_7077_4_24_200_138.csv,120,7077,4,24,200,138,200,42
human_120_7078_4_24_200_146.csv,120,7078,4,24,200,146,200,42
human_120_7079_4_24_200_167.csv,120,7079,4,24,200,167,200,42
human_120_707_3_3_200_192.csv,120,707,3,3,200,192,200,42
human_120_7080_4_24_200_168.csv,120,7080,4,24,200,168,200,42
human_120_7081_4_24_200_156.csv,120,7081,4,24,200,156,200,42
human_120_7082_4_24_200_186.csv,120,7082,4,24,200,186,200,42
human_120_7083_4_24_200_162.csv,120,7083,4,24,200,162,200,42
human_120_7084_4_24_200_170.csv,120,7084,4,24,200,170,200,42
human_120_7085_4_24_200_152.csv,120,7085,4,24,200,152,200,42
human_120_7086_4_24_200_154.csv,120,7086,4,24,200,154,200,42
human_120_7087_4_24_200_165.csv,120,7087,4,24,200,165,200,42
human_120_7088_4_24_200_166.csv,120,7088,4,24,200,166,200,42
human_120_7089_4_24_200_162.csv,120,7089,4,24,200,162,200,42
human_120_708_3_3_200_200.csv,120,708,3,3,200,200,200,42
human_120_7090_4_24_200_164.csv,120,7090,4,24,200,164,200,42
human_120_7091_4_24_200_149.csv,120,7091,4,24,200,149,200,42
human_120_7092_4_24_200_153.csv,120,7092,4,24,200,153,200,42
human_120_7093_4_24_200_169.csv,120,7093,4,24,200,169,200,42
human_120_7094_4_24_200_145.csv,120,7094,4,24,200,145,200,42
human_120_7095_4_24_200_171.csv,120,7095,4,24,200,171,200,42
human_120_7096_4_24_200_150.csv,120,7096,4,24,200,150,200,42
human_120_7097_4_24_200_185.csv,120,7097,4,24,200,185,200,42
human_120_7098_4_24_200_152.csv,120,7098,4,24,200,152,200,42
human_120_7099_4_24_200_165.csv,120,7099,4,24,200,165,200,42
human_120_709_3_3_200_195.csv,120,709,3,3,200,195,200,42
human_120_70_2_1_200_210.csv,120,70,2,1,200,210,200,42
human_120_7100_4_24_200_164.csv,120,7100,4,24,200,164,200,42
human_120_7101_5_24_200_185.csv,120,7101,5,24,200,185,200,42
human_120_7102_5_24_200_182.csv,120,7102,5,24,200,182,200,42
human_120_7103_5_24_200_183.csv,120,7103,5,24,200,183,200,42
human_120_7104_5_24_200_175.csv,120,7104,5,24,200,175,200,42
human_120_7105_5_24_200_178.csv,120,7105,5,24,200,178,200,42
human_120_7106_5_24_200_188.csv,120,7106,5,24,200,188,200,42
human_120_7107_5_24_200_192.csv,120,7107,5,24,200,192,200,42
human_120_7108_5_24_200_182.csv,120,7108,5,24,200,182,200,42
human_120_7109_5_24_200_187.csv,120,7109,5,24,200,187,200,42
human_120_710_3_3_200_185.csv,120,710,3,3,200,185,200,42
human_120_7110_5_24_200_179.csv,120,7110,5,24,200,179,200,42
human_120_7111_5_24_200_182.csv,120,7111,5,24,200,182,200,42
human_120_7112_5_24_200_180.csv,120,7112,5,24,200,180,200,42
human_120_7113_5_24_200_216.csv,120,7113,5,24,200,216,200,42
human_120_7114_5_24_200_183.csv,120,7114,5,24,200,183,200,42
human_120_7115_5_24_200_193.csv,120,7115,5,24,200,193,200,42
human_120_7116_5_24_200_171.csv,120,7116,5,24,200,171,200,42
human_120_7117_5_24_200_189.csv,120,7117,5,24,200,189,200,42
human_120_7118_5_24_200_183.csv,120,7118,5,24,200,183,200,42
human_120_7119_5_24_200_194.csv,120,7119,5,24,200,194,200,42
human_120_711_3_3_200_182.csv,120,711,3,3,200,182,200,42
human_120_7120_5_24_200_179.csv,120,7120,5,24,200,179,200,42
human_120_7121_5_24_200_184.csv,120,7121,5,24,200,184,200,42
human_120_7122_5_24_200_199.csv,120,7122,5,24,200,199,200,42
human_120_7123_5_24_200_177.csv,120,7123,5,24,200,177,200,42
human_120_7124_5_24_200_183.csv,120,7124,5,24,200,183,200,42
human_120_7125_5_24_200_194.csv,120,7125,5,24,200,194,200,42
human_120_7126_5_24_200_198.csv,120,7126,5,24,200,198,200,42
human_120_7127_5_24_200_180.csv,120,7127,5,24,200,180,200,42
human_120_7128_5_24_200_196.csv,120,7128,5,24,200,196,200,42
human_120_7129_5_24_200_207.csv,120,7129,5,24,200,207,200,42
human_120_712_3_3_200_208.csv,120,712,3,3,200,208,200,42
human_120_7130_5_24_200_198.csv,120,7130,5,24,200,198,200,42
human_120_7131_5_24_200_164.csv,120,7131,5,24,200,164,200,42
human_120_7132_5_24_200_201.csv,120,7132,5,24,200,201,200,42
human_120_7133_5_24_200_186.csv,120,7133,5,24,200,186,200,42
human_120_7134_5_24_200_190.csv,120,7134,5,24,200,190,200,42
human_120_7135_5_24_200_179.csv,120,7135,5,24,200,179,200,42
human_120_7136_5_24_200_197.csv,120,7136,5,24,200,197,200,42
human_120_7137_5_24_200_200.csv,120,7137,5,24,200,200,200,42
human_120_7138_5_24_200_191.csv,120,7138,5,24,200,191,200,42
human_120_7139_5_24_200_180.csv,120,7139,5,24,200,180,200,42
human_120_713_3_3_200_205.csv,120,713,3,3,200,205,200,42
human_120_7140_5_24_200_187.csv,120,7140,5,24,200,187,200,42
human_120_7141_5_24_200_193.csv,120,7141,5,24,200,193,200,42
human_120_7142_5_24_200_186.csv,120,7142,5,24,200,186,200,42
human_120_7143_5_24_200_193.csv,120,7143,5,24,200,193,200,42
human_120_7144_5_24_200_188.csv,120,7144,5,24,200,188,200,42
human_120_7145_5_24_200_193.csv,120,7145,5,24,200,193,200,42
human_120_7146_5_24_200_193.csv,120,7146,5,24,200,193,200,42
human_120_7147_5_24_200_202.csv,120,7147,5,24,200,202,200,42
human_120_7148_5_24_200_166.csv,120,7148,5,24,200,166,200,42
human_120_7149_5_24_200_182.csv,120,7149,5,24,200,182,200,42
human_120_714_3_3_200_191.csv,120,714,3,3,200,191,200,42
human_120_7150_5_24_200_202.csv,120,7150,5,24,200,202,200,42
human_120_7151_6_24_200_183.csv,120,7151,6,24,200,183,200,42
human_120_7152_6_24_200_190.csv,120,7152,6,24,200,190,200,42
human_120_7153_6_24_200_171.csv,120,7153,6,24,200,171,200,42
human_120_7154_6_24_200_160.csv,120,7154,6,24,200,160,200,42
human_120_7155_6_24_200_148.csv,120,7155,6,24,200,148,200,42
human_120_7156_6_24_200_159.csv,120,7156,6,24,200,159,200,42
human_120_7157_6_24_200_182.csv,120,7157,6,24,200,182,200,42
human_120_7158_6_24_200_146.csv,120,7158,6,24,200,146,200,42
human_120_7159_6_24_200_156.csv,120,7159,6,24,200,156,200,42
human_120_715_3_3_200_191.csv,120,715,3,3,200,191,200,42
human_120_7160_6_24_200_168.csv,120,7160,6,24,200,168,200,42
human_120_7161_6_24_200_155.csv,120,7161,6,24,200,155,200,42
human_120_7162_6_24_200_159.csv,120,7162,6,24,200,159,200,42
human_120_7163_6_24_200_164.csv,120,7163,6,24,200,164,200,42
human_120_7164_6_24_200_158.csv,120,7164,6,24,200,158,200,42
human_120_7165_6_24_200_152.csv,120,7165,6,24,200,152,200,42
human_120_7166_6_24_200_174.csv,120,7166,6,24,200,174,200,42
human_120_7167_6_24_200_169.csv,120,7167,6,24,200,169,200,42
human_120_7168_6_24_200_180.csv,120,7168,6,24,200,180,200,42
human_120_7169_6_24_200_155.csv,120,7169,6,24,200,155,200,42
human_120_716_3_3_200_202.csv,120,716,3,3,200,202,200,42
human_120_7170_6_24_200_161.csv,120,7170,6,24,200,161,200,42
human_120_7171_6_24_200_156.csv,120,7171,6,24,200,156,200,42
human_120_7172_6_24_200_176.csv,120,7172,6,24,200,176,200,42
human_120_7173_6_24_200_160.csv,120,7173,6,24,200,160,200,42
human_120_7174_6_24_200_165.csv,120,7174,6,24,200,165,200,42
human_120_7175_6_24_200_165.csv,120,7175,6,24,200,165,200,42
human_120_7176_6_24_200_159.csv,120,7176,6,24,200,159,200,42
human_120_7177_6_24_200_187.csv,120,7177,6,24,200,187,200,42
human_120_7178_6_24_200_154.csv,120,7178,6,24,200,154,200,42
human_120_7179_6_24_200_184.csv,120,7179,6,24,200,184,200,42
human_120_717_3_3_200_196.csv,120,717,3,3,200,196,200,42
human_120_7180_6_24_200_166.csv,120,7180,6,24,200,166,200,42
human_120_7181_6_24_200_169.csv,120,7181,6,24,200,169,200,42
human_120_7182_6_24_200_189.csv,120,7182,6,24,200,189,200,42
human_120_7183_6_24_200_153.csv,120,7183,6,24,200,153,200,42
human_120_7184_6_24_200_174.csv,120,7184,6,24,200,174,200,42
human_120_7185_6_24_200_173.csv,120,7185,6,24,200,173,200,42
human_120_7186_6_24_200_159.csv,120,7186,6,24,200,159,200,42
human_120_7187_6_24_200_168.csv,120,7187,6,24,200,168,200,42
human_120_7188_6_24_200_159.csv,120,7188,6,24,200,159,200,42
human_120_7189_6_24_200_172.csv,120,7189,6,24,200,172,200,42
human_120_718_3_3_200_206.csv,120,718,3,3,200,206,200,42
human_120_7190_6_24_200_161.csv,120,7190,6,24,200,161,200,42
human_120_7191_6_24_200_171.csv,120,7191,6,24,200,171,200,42
human_120_7192_6_24_200_157.csv,120,7192,6,24,200,157,200,42
human_120_7193_6_24_200_174.csv,120,7193,6,24,200,174,200,42
human_120_7194_6_24_200_160.csv,120,7194,6,24,200,160,200,42
human_120_7195_6_24_200_160.csv,120,7195,6,24,200,160,200,42
human_120_7196_6_24_200_172.csv,120,7196,6,24,200,172,200,42
human_120_7197_6_24_200_185.csv,120,7197,6,24,200,185,200,42
human_120_7198_6_24_200_162.csv,120,7198,6,24,200,162,200,42
human_120_7199_6_24_200_173.csv,120,7199,6,24,200,173,200,42
human_120_719_3_3_200_198.csv,120,719,3,3,200,198,200,42
human_120_71_2_1_200_204.csv,120,71,2,1,200,204,200,42
human_120_7200_6_24_200_157.csv,120,7200,6,24,200,157,200,42
human_120_7201_1_25_200_164.csv,120,7201,1,25,200,164,200,42
human_120_7202_1_25_200_170.csv,120,7202,1,25,200,170,200,42
human_120_7203_1_25_200_150.csv,120,7203,1,25,200,150,200,42
human_120_7204_1_25_200_161.csv,120,7204,1,25,200,161,200,42
human_120_7205_1_25_200_158.csv,120,7205,1,25,200,158,200,42
human_120_7206_1_25_200_150.csv,120,7206,1,25,200,150,200,42
human_120_7207_1_25_200_153.csv,120,7207,1,25,200,153,200,42
human_120_7208_1_25_200_149.csv,120,7208,1,25,200,149,200,42
human_120_7209_1_25_200_161.csv,120,7209,1,25,200,161,200,42
human_120_720_3_3_200_205.csv,120,720,3,3,200,205,200,42
human_120_7210_1_25_200_152.csv,120,7210,1,25,200,152,200,42
human_120_7211_1_25_200_153.csv,120,7211,1,25,200,153,200,42
human_120_7212_1_25_200_147.csv,120,7212,1,25,200,147,200,42
human_120_7213_1_25_200_157.csv,120,7213,1,25,200,157,200,42
human_120_7214_1_25_200_165.csv,120,7214,1,25,200,165,200,42
human_120_7215_1_25_200_164.csv,120,7215,1,25,200,164,200,42
human_120_7216_1_25_200_159.csv,120,7216,1,25,200,159,200,42
human_120_7217_1_25_200_153.csv,120,7217,1,25,200,153,200,42
human_120_7218_1_25_200_150.csv,120,7218,1,25,200,150,200,42
human_120_7219_1_25_200_176.csv,120,7219,1,25,200,176,200,42
human_120_721_3_3_200_198.csv,120,721,3,3,200,198,200,42
human_120_7220_1_25_200_175.csv,120,7220,1,25,200,175,200,42
human_120_7221_1_25_200_170.csv,120,7221,1,25,200,170,200,42
human_120_7222_1_25_200_158.csv,120,7222,1,25,200,158,200,42
human_120_7223_1_25_200_151.csv,120,7223,1,25,200,151,200,42
human_120_7224_1_25_200_179.csv,120,7224,1,25,200,179,200,42
human_120_7225_1_25_200_148.csv,120,7225,1,25,200,148,200,42
human_120_7226_1_25_200_156.csv,120,7226,1,25,200,156,200,42
human_120_7227_1_25_200_161.csv,120,7227,1,25,200,161,200,42
human_120_7228_1_25_200_188.csv,120,7228,1,25,200,188,200,42
human_120_7229_1_25_200_162.csv,120,7229,1,25,200,162,200,42
human_120_722_3_3_200_203.csv,120,722,3,3,200,203,200,42
human_120_7230_1_25_200_145.csv,120,7230,1,25,200,145,200,42
human_120_7231_1_25_200_160.csv,120,7231,1,25,200,160,200,42
human_120_7232_1_25_200_165.csv,120,7232,1,25,200,165,200,42
human_120_7233_1_25_200_185.csv,120,7233,1,25,200,185,200,42
human_120_7234_1_25_200_155.csv,120,7234,1,25,200,155,200,42
human_120_7235_1_25_200_173.csv,120,7235,1,25,200,173,200,42
human_120_7236_1_25_200_154.csv,120,7236,1,25,200,154,200,42
human_120_7237_1_25_200_157.csv,120,7237,1,25,200,157,200,42
human_120_7238_1_25_200_160.csv,120,7238,1,25,200,160,200,42
human_120_7239_1_25_200_185.csv,120,7239,1,25,200,185,200,42
human_120_723_3_3_200_200.csv,120,723,3,3,200,200,200,42
human_120_7240_1_25_200_175.csv,120,7240,1,25,200,175,200,42
human_120_7241_1_25_200_158.csv,120,7241,1,25,200,158,200,42
human_120_7242_1_25_200_168.csv,120,7242,1,25,200,168,200,42
human_120_7243_1_25_200_175.csv,120,7243,1,25,200,175,200,42
human_120_7244_1_25_200_151.csv,120,7244,1,25,200,151,200,42
human_120_7245_1_25_200_164.csv,120,7245,1,25,200,164,200,42
human_120_7246_1_25_200_163.csv,120,7246,1,25,200,163,200,42
human_120_7247_1_25_200_168.csv,120,7247,1,25,200,168,200,42
human_120_7248_1_25_200_163.csv,120,7248,1,25,200,163,200,42
human_120_7249_1_25_200_186.csv,120,7249,1,25,200,186,200,42
human_120_724_3_3_200_200.csv,120,724,3,3,200,200,200,42
human_120_7250_1_25_200_166.csv,120,7250,1,25,200,166,200,42
human_120_7251_2_25_200_178.csv,120,7251,2,25,200,178,200,42
human_120_7252_2_25_200_196.csv,120,7252,2,25,200,196,200,42
human_120_7253_2_25_200_177.csv,120,7253,2,25,200,177,200,42
human_120_7254_2_25_200_174.csv,120,7254,2,25,200,174,200,42
human_120_7255_2_25_200_183.csv,120,7255,2,25,200,183,200,42
human_120_7256_2_25_200_191.csv,120,7256,2,25,200,191,200,42
human_120_7257_2_25_200_189.csv,120,7257,2,25,200,189,200,42
human_120_7258_2_25_200_191.csv,120,7258,2,25,200,191,200,42
human_120_7259_2_25_200_188.csv,120,7259,2,25,200,188,200,42
human_120_725_3_3_200_200.csv,120,725,3,3,200,200,200,42
human_120_7260_2_25_200_200.csv,120,7260,2,25,200,200,200,42
human_120_7261_2_25_200_207.csv,120,7261,2,25,200,207,200,42
human_120_7262_2_25_200_200.csv,120,7262,2,25,200,200,200,42
human_120_7263_2_25_200_200.csv,120,7263,2,25,200,200,200,42
human_120_7264_2_25_200_197.csv,120,7264,2,25,200,197,200,42
human_120_7265_2_25_200_200.csv,120,7265,2,25,200,200,200,42
human_120_7266_2_25_200_195.csv,120,7266,2,25,200,195,200,42
human_120_7267_2_25_200_193.csv,120,7267,2,25,200,193,200,42
human_120_7268_2_25_200_200.csv,120,7268,2,25,200,200,200,42
human_120_7269_2_25_200_206.csv,120,7269,2,25,200,206,200,42
human_120_726_3_3_200_200.csv,120,726,3,3,200,200,200,42
human_120_7270_2_25_200_200.csv,120,7270,2,25,200,200,200,42
human_120_7271_2_25_200_189.csv,120,7271,2,25,200,189,200,42
human_120_7272_2_25_200_197.csv,120,7272,2,25,200,197,200,42
human_120_7273_2_25_200_197.csv,120,7273,2,25,200,197,200,42
human_120_7274_2_25_200_198.csv,120,7274,2,25,200,198,200,42
human_120_7275_2_25_200_192.csv,120,7275,2,25,200,192,200,42
human_120_7276_2_25_200_200.csv,120,7276,2,25,200,200,200,42
human_120_7277_2_25_200_200.csv,120,7277,2,25,200,200,200,42
human_120_7278_2_25_200_200.csv,120,7278,2,25,200,200,200,42
human_120_7279_2_25_200_190.csv,120,7279,2,25,200,190,200,42
human_120_727_3_3_200_194.csv,120,727,3,3,200,194,200,42
human_120_7280_2_25_200_200.csv,120,7280,2,25,200,200,200,42
human_120_7281_2_25_200_200.csv,120,7281,2,25,200,200,200,42
human_120_7282_2_25_200_200.csv,120,7282,2,25,200,200,200,42
human_120_7283_2_25_200_201.csv,120,7283,2,25,200,201,200,42
human_120_7284_2_25_200_196.csv,120,7284,2,25,200,196,200,42
human_120_7285_2_25_200_200.csv,120,7285,2,25,200,200,200,42
human_120_7286_2_25_200_190.csv,120,7286,2,25,200,190,200,42
human_120_7287_2_25_200_200.csv,120,7287,2,25,200,200,200,42
human_120_7288_2_25_200_198.csv,120,7288,2,25,200,198,200,42
human_120_7289_2_25_200_188.csv,120,7289,2,25,200,188,200,42
human_120_728_3_3_200_203.csv,120,728,3,3,200,203,200,42
human_120_7290_2_25_200_200.csv,120,7290,2,25,200,200,200,42
human_120_7291_2_25_200_213.csv,120,7291,2,25,200,213,200,42
human_120_7292_2_25_200_189.csv,120,7292,2,25,200,189,200,42
human_120_7293_2_25_200_200.csv,120,7293,2,25,200,200,200,42
human_120_7294_2_25_200_200.csv,120,7294,2,25,200,200,200,42
human_120_7295_2_25_200_185.csv,120,7295,2,25,200,185,200,42
human_120_7296_2_25_200_200.csv,120,7296,2,25,200,200,200,42
human_120_7297_2_25_200_193.csv,120,7297,2,25,200,193,200,42
human_120_7298_2_25_200_188.csv,120,7298,2,25,200,188,200,42
human_120_7299_2_25_200_200.csv,120,7299,2,25,200,200,200,42
human_120_729_3_3_200_193.csv,120,729,3,3,200,193,200,42
human_120_72_2_1_200_204.csv,120,72,2,1,200,204,200,42
human_120_7300_2_25_200_191.csv,120,7300,2,25,200,191,200,42
human_120_7301_3_25_200_191.csv,120,7301,3,25,200,191,200,42
human_120_7302_3_25_200_173.csv,120,7302,3,25,200,173,200,42
human_120_7303_3_25_200_183.csv,120,7303,3,25,200,183,200,42
human_120_7304_3_25_200_187.csv,120,7304,3,25,200,187,200,42
human_120_7305_3_25_200_190.csv,120,7305,3,25,200,190,200,42
human_120_7306_3_25_200_199.csv,120,7306,3,25,200,199,200,42
human_120_7307_3_25_200_198.csv,120,7307,3,25,200,198,200,42
human_120_7308_3_25_200_198.csv,120,7308,3,25,200,198,200,42
human_120_7309_3_25_200_193.csv,120,7309,3,25,200,193,200,42
human_120_730_3_3_200_198.csv,120,730,3,3,200,198,200,42
human_120_7310_3_25_200_195.csv,120,7310,3,25,200,195,200,42
human_120_7311_3_25_200_186.csv,120,7311,3,25,200,186,200,42
human_120_7312_3_25_200_180.csv,120,7312,3,25,200,180,200,42
human_120_7313_3_25_200_186.csv,120,7313,3,25,200,186,200,42
human_120_7314_3_25_200_198.csv,120,7314,3,25,200,198,200,42
human_120_7315_3_25_200_182.csv,120,7315,3,25,200,182,200,42
human_120_7316_3_25_200_182.csv,120,7316,3,25,200,182,200,42
human_120_7317_3_25_200_197.csv,120,7317,3,25,200,197,200,42
human_120_7318_3_25_200_191.csv,120,7318,3,25,200,191,200,42
human_120_7319_3_25_200_192.csv,120,7319,3,25,200,192,200,42
human_120_731_3_3_200_196.csv,120,731,3,3,200,196,200,42
human_120_7320_3_25_200_190.csv,120,7320,3,25,200,190,200,42
human_120_7321_3_25_200_194.csv,120,7321,3,25,200,194,200,42
human_120_7322_3_25_200_188.csv,120,7322,3,25,200,188,200,42
human_120_7323_3_25_200_184.csv,120,7323,3,25,200,184,200,42
human_120_7324_3_25_200_192.csv,120,7324,3,25,200,192,200,42
human_120_7325_3_25_200_197.csv,120,7325,3,25,200,197,200,42
human_120_7326_3_25_200_190.csv,120,7326,3,25,200,190,200,42
human_120_7327_3_25_200_196.csv,120,7327,3,25,200,196,200,42
human_120_7328_3_25_200_186.csv,120,7328,3,25,200,186,200,42
human_120_7329_3_25_200_196.csv,120,7329,3,25,200,196,200,42
human_120_732_3_3_200_188.csv,120,732,3,3,200,188,200,42
human_120_7330_3_25_200_201.csv,120,7330,3,25,200,201,200,42
human_120_7331_3_25_200_202.csv,120,7331,3,25,200,202,200,42
human_120_7332_3_25_200_187.csv,120,7332,3,25,200,187,200,42
human_120_7333_3_25_200_187.csv,120,7333,3,25,200,187,200,42
human_120_7334_3_25_200_184.csv,120,7334,3,25,200,184,200,42
human_120_7335_3_25_200_208.csv,120,7335,3,25,200,208,200,42
human_120_7336_3_25_200_192.csv,120,7336,3,25,200,192,200,42
human_120_7337_3_25_200_193.csv,120,7337,3,25,200,193,200,42
human_120_7338_3_25_200_193.csv,120,7338,3,25,200,193,200,42
human_120_7339_3_25_200_182.csv,120,7339,3,25,200,182,200,42
human_120_733_3_3_200_195.csv,120,733,3,3,200,195,200,42
human_120_7340_3_25_200_186.csv,120,7340,3,25,200,186,200,42
human_120_7341_3_25_200_189.csv,120,7341,3,25,200,189,200,42
human_120_7342_3_25_200_193.csv,120,7342,3,25,200,193,200,42
human_120_7343_3_25_200_188.csv,120,7343,3,25,200,188,200,42
human_120_7344_3_25_200_201.csv,120,7344,3,25,200,201,200,42
human_120_7345_3_25_200_194.csv,120,7345,3,25,200,194,200,42
human_120_7346_3_25_200_199.csv,120,7346,3,25,200,199,200,42
human_120_7347_3_25_200_188.csv,120,7347,3,25,200,188,200,42
human_120_7348_3_25_200_190.csv,120,7348,3,25,200,190,200,42
human_120_7349_3_25_200_197.csv,120,7349,3,25,200,197,200,42
human_120_734_3_3_200_203.csv,120,734,3,3,200,203,200,42
human_120_7350_3_25_200_185.csv,120,7350,3,25,200,185,200,42
human_120_7351_4_25_200_155.csv,120,7351,4,25,200,155,200,42
human_120_7352_4_25_200_163.csv,120,7352,4,25,200,163,200,42
human_120_7353_4_25_200_147.csv,120,7353,4,25,200,147,200,42
human_120_7354_4_25_200_169.csv,120,7354,4,25,200,169,200,42
human_120_7355_4_25_200_156.csv,120,7355,4,25,200,156,200,42
human_120_7356_4_25_200_148.csv,120,7356,4,25,200,148,200,42
human_120_7357_4_25_200_164.csv,120,7357,4,25,200,164,200,42
human_120_7358_4_25_200_152.csv,120,7358,4,25,200,152,200,42
human_120_7359_4_25_200_174.csv,120,7359,4,25,200,174,200,42
human_120_735_3_3_200_210.csv,120,735,3,3,200,210,200,42
human_120_7360_4_25_200_164.csv,120,7360,4,25,200,164,200,42
human_120_7361_4_25_200_156.csv,120,7361,4,25,200,156,200,42
human_120_7362_4_25_200_173.csv,120,7362,4,25,200,173,200,42
human_120_7363_4_25_200_151.csv,120,7363,4,25,200,151,200,42
human_120_7364_4_25_200_155.csv,120,7364,4,25,200,155,200,42
human_120_7365_4_25_200_159.csv,120,7365,4,25,200,159,200,42
human_120_7366_4_25_200_171.csv,120,7366,4,25,200,171,200,42
human_120_7367_4_25_200_153.csv,120,7367,4,25,200,153,200,42
human_120_7368_4_25_200_160.csv,120,7368,4,25,200,160,200,42
human_120_7369_4_25_200_168.csv,120,7369,4,25,200,168,200,42
human_120_736_3_3_200_188.csv,120,736,3,3,200,188,200,42
human_120_7370_4_25_200_174.csv,120,7370,4,25,200,174,200,42
human_120_7371_4_25_200_147.csv,120,7371,4,25,200,147,200,42
human_120_7372_4_25_200_163.csv,120,7372,4,25,200,163,200,42
human_120_7373_4_25_200_164.csv,120,7373,4,25,200,164,200,42
human_120_7374_4_25_200_152.csv,120,7374,4,25,200,152,200,42
human_120_7375_4_25_200_165.csv,120,7375,4,25,200,165,200,42
human_120_7376_4_25_200_156.csv,120,7376,4,25,200,156,200,42
human_120_7377_4_25_200_179.csv,120,7377,4,25,200,179,200,42
human_120_7378_4_25_200_182.csv,120,7378,4,25,200,182,200,42
human_120_7379_4_25_200_156.csv,120,7379,4,25,200,156,200,42
human_120_737_3_3_200_210.csv,120,737,3,3,200,210,200,42
human_120_7380_4_25_200_167.csv,120,7380,4,25,200,167,200,42
human_120_7381_4_25_200_140.csv,120,7381,4,25,200,140,200,42
human_120_7382_4_25_200_170.csv,120,7382,4,25,200,170,200,42
human_120_7383_4_25_200_173.csv,120,7383,4,25,200,173,200,42
human_120_7384_4_25_200_170.csv,120,7384,4,25,200,170,200,42
human_120_7385_4_25_200_166.csv,120,7385,4,25,200,166,200,42
human_120_7386_4_25_200_160.csv,120,7386,4,25,200,160,200,42
human_120_7387_4_25_200_162.csv,120,7387,4,25,200,162,200,42
human_120_7388_4_25_200_165.csv,120,7388,4,25,200,165,200,42
human_120_7389_4_25_200_157.csv,120,7389,4,25,200,157,200,42
human_120_738_3_3_200_200.csv,120,738,3,3,200,200,200,42
human_120_7390_4_25_200_165.csv,120,7390,4,25,200,165,200,42
human_120_7391_4_25_200_165.csv,120,7391,4,25,200,165,200,42
human_120_7392_4_25_200_150.csv,120,7392,4,25,200,150,200,42
human_120_7393_4_25_200_155.csv,120,7393,4,25,200,155,200,42
human_120_7394_4_25_200_180.csv,120,7394,4,25,200,180,200,42
human_120_7395_4_25_200_181.csv,120,7395,4,25,200,181,200,42
human_120_7396_4_25_200_163.csv,120,7396,4,25,200,163,200,42
human_120_7397_4_25_200_151.csv,120,7397,4,25,200,151,200,42
human_120_7398_4_25_200_166.csv,120,7398,4,25,200,166,200,42
human_120_7399_4_25_200_162.csv,120,7399,4,25,200,162,200,42
human_120_739_3_3_200_197.csv,120,739,3,3,200,197,200,42
human_120_73_2_1_200_199.csv,120,73,2,1,200,199,200,42
human_120_7400_4_25_200_175.csv,120,7400,4,25,200,175,200,42
human_120_7401_5_25_200_161.csv,120,7401,5,25,200,161,200,42
human_120_7402_5_25_200_166.csv,120,7402,5,25,200,166,200,42
human_120_7403_5_25_200_155.csv,120,7403,5,25,200,155,200,42
human_120_7404_5_25_200_173.csv,120,7404,5,25,200,173,200,42
human_120_7405_5_25_200_170.csv,120,7405,5,25,200,170,200,42
human_120_7406_5_25_200_144.csv,120,7406,5,25,200,144,200,42
human_120_7407_5_25_200_180.csv,120,7407,5,25,200,180,200,42
human_120_7408_5_25_200_158.csv,120,7408,5,25,200,158,200,42
human_120_7409_5_25_200_183.csv,120,7409,5,25,200,183,200,42
human_120_740_3_3_200_191.csv,120,740,3,3,200,191,200,42
human_120_7410_5_25_200_161.csv,120,7410,5,25,200,161,200,42
human_120_7411_5_25_200_154.csv,120,7411,5,25,200,154,200,42
human_120_7412_5_25_200_180.csv,120,7412,5,25,200,180,200,42
human_120_7413_5_25_200_155.csv,120,7413,5,25,200,155,200,42
human_120_7414_5_25_200_174.csv,120,7414,5,25,200,174,200,42
human_120_7415_5_25_200_175.csv,120,7415,5,25,200,175,200,42
human_120_7416_5_25_200_171.csv,120,7416,5,25,200,171,200,42
human_120_7417_5_25_200_167.csv,120,7417,5,25,200,167,200,42
human_120_7418_5_25_200_165.csv,120,7418,5,25,200,165,200,42
human_120_7419_5_25_200_168.csv,120,7419,5,25,200,168,200,42
human_120_741_3_3_200_209.csv,120,741,3,3,200,209,200,42
human_120_7420_5_25_200_188.csv,120,7420,5,25,200,188,200,42
human_120_7421_5_25_200_169.csv,120,7421,5,25,200,169,200,42
human_120_7422_5_25_200_158.csv,120,7422,5,25,200,158,200,42
human_120_7423_5_25_200_158.csv,120,7423,5,25,200,158,200,42
human_120_7424_5_25_200_171.csv,120,7424,5,25,200,171,200,42
human_120_7425_5_25_200_164.csv,120,7425,5,25,200,164,200,42
human_120_7426_5_25_200_164.csv,120,7426,5,25,200,164,200,42
human_120_7427_5_25_200_160.csv,120,7427,5,25,200,160,200,42
human_120_7428_5_25_200_178.csv,120,7428,5,25,200,178,200,42
human_120_7429_5_25_200_167.csv,120,7429,5,25,200,167,200,42
human_120_742_3_3_200_195.csv,120,742,3,3,200,195,200,42
human_120_7430_5_25_200_171.csv,120,7430,5,25,200,171,200,42
human_120_7431_5_25_200_185.csv,120,7431,5,25,200,185,200,42
human_120_7432_5_25_200_183.csv,120,7432,5,25,200,183,200,42
human_120_7433_5_25_200_150.csv,120,7433,5,25,200,150,200,42
human_120_7434_5_25_200_163.csv,120,7434,5,25,200,163,200,42
human_120_7435_5_25_200_146.csv,120,7435,5,25,200,146,200,42
human_120_7436_5_25_200_172.csv,120,7436,5,25,200,172,200,42
human_120_7437_5_25_200_159.csv,120,7437,5,25,200,159,200,42
human_120_7438_5_25_200_180.csv,120,7438,5,25,200,180,200,42
human_120_7439_5_25_200_169.csv,120,7439,5,25,200,169,200,42
human_120_743_3_3_200_200.csv,120,743,3,3,200,200,200,42
human_120_7440_5_25_200_171.csv,120,7440,5,25,200,171,200,42
human_120_7441_5_25_200_156.csv,120,7441,5,25,200,156,200,42
human_120_7442_5_25_200_178.csv,120,7442,5,25,200,178,200,42
human_120_7443_5_25_200_149.csv,120,7443,5,25,200,149,200,42
human_120_7444_5_25_200_181.csv,120,7444,5,25,200,181,200,42
human_120_7445_5_25_200_171.csv,120,7445,5,25,200,171,200,42
human_120_7446_5_25_200_167.csv,120,7446,5,25,200,167,200,42
human_120_7447_5_25_200_165.csv,120,7447,5,25,200,165,200,42
human_120_7448_5_25_200_168.csv,120,7448,5,25,200,168,200,42
human_120_7449_5_25_200_188.csv,120,7449,5,25,200,188,200,42
human_120_744_3_3_200_193.csv,120,744,3,3,200,193,200,42
human_120_7450_5_25_200_169.csv,120,7450,5,25,200,169,200,42
human_120_7451_6_25_200_190.csv,120,7451,6,25,200,190,200,42
human_120_7452_6_25_200_193.csv,120,7452,6,25,200,193,200,42
human_120_7453_6_25_200_194.csv,120,7453,6,25,200,194,200,42
human_120_7454_6_25_200_198.csv,120,7454,6,25,200,198,200,42
human_120_7455_6_25_200_200.csv,120,7455,6,25,200,200,200,42
human_120_7456_6_25_200_196.csv,120,7456,6,25,200,196,200,42
human_120_7457_6_25_200_189.csv,120,7457,6,25,200,189,200,42
human_120_7458_6_25_200_197.csv,120,7458,6,25,200,197,200,42
human_120_7459_6_25_200_195.csv,120,7459,6,25,200,195,200,42
human_120_745_3_3_200_204.csv,120,745,3,3,200,204,200,42
human_120_7460_6_25_200_192.csv,120,7460,6,25,200,192,200,42
human_120_7461_6_25_200_205.csv,120,7461,6,25,200,205,200,42
human_120_7462_6_25_200_196.csv,120,7462,6,25,200,196,200,42
human_120_7463_6_25_200_197.csv,120,7463,6,25,200,197,200,42
human_120_7464_6_25_200_196.csv,120,7464,6,25,200,196,200,42
human_120_7465_6_25_200_192.csv,120,7465,6,25,200,192,200,42
human_120_7466_6_25_200_203.csv,120,7466,6,25,200,203,200,42
human_120_7467_6_25_200_190.csv,120,7467,6,25,200,190,200,42
human_120_7468_6_25_200_192.csv,120,7468,6,25,200,192,200,42
human_120_7469_6_25_200_197.csv,120,7469,6,25,200,197,200,42
human_120_746_3_3_200_194.csv,120,746,3,3,200,194,200,42
human_120_7470_6_25_200_207.csv,120,7470,6,25,200,207,200,42
human_120_7471_6_25_200_200.csv,120,7471,6,25,200,200,200,42
human_120_7472_6_25_200_204.csv,120,7472,6,25,200,204,200,42
human_120_7473_6_25_200_180.csv,120,7473,6,25,200,180,200,42
human_120_7474_6_25_200_193.csv,120,7474,6,25,200,193,200,42
human_120_7475_6_25_200_192.csv,120,7475,6,25,200,192,200,42
human_120_7476_6_25_200_193.csv,120,7476,6,25,200,193,200,42
human_120_7477_6_25_200_173.csv,120,7477,6,25,200,173,200,42
human_120_7478_6_25_200_191.csv,120,7478,6,25,200,191,200,42
human_120_7479_6_25_200_199.csv,120,7479,6,25,200,199,200,42
human_120_747_3_3_200_221.csv,120,747,3,3,200,221,200,42
human_120_7480_6_25_200_184.csv,120,7480,6,25,200,184,200,42
human_120_7481_6_25_200_192.csv,120,7481,6,25,200,192,200,42
human_120_7482_6_25_200_197.csv,120,7482,6,25,200,197,200,42
human_120_7483_6_25_200_196.csv,120,7483,6,25,200,196,200,42
human_120_7484_6_25_200_188.csv,120,7484,6,25,200,188,200,42
human_120_7485_6_25_200_198.csv,120,7485,6,25,200,198,200,42
human_120_7486_6_25_200_197.csv,120,7486,6,25,200,197,200,42
human_120_7487_6_25_200_190.csv,120,7487,6,25,200,190,200,42
human_120_7488_6_25_200_187.csv,120,7488,6,25,200,187,200,42
human_120_7489_6_25_200_179.csv,120,7489,6,25,200,179,200,42
human_120_748_3_3_200_200.csv,120,748,3,3,200,200,200,42
human_120_7490_6_25_200_191.csv,120,7490,6,25,200,191,200,42
human_120_7491_6_25_200_195.csv,120,7491,6,25,200,195,200,42
human_120_7492_6_25_200_189.csv,120,7492,6,25,200,189,200,42
human_120_7493_6_25_200_187.csv,120,7493,6,25,200,187,200,42
human_120_7494_6_25_200_200.csv,120,7494,6,25,200,200,200,42
human_120_7495_6_25_200_190.csv,120,7495,6,25,200,190,200,42
human_120_7496_6_25_200_200.csv,120,7496,6,25,200,200,200,42
human_120_7497_6_25_200_197.csv,120,7497,6,25,200,197,200,42
human_120_7498_6_25_200_195.csv,120,7498,6,25,200,195,200,42
human_120_7499_6_25_200_196.csv,120,7499,6,25,200,196,200,42
human_120_749_3_3_200_192.csv,120,749,3,3,200,192,200,42
human_120_74_2_1_200_203.csv,120,74,2,1,200,203,200,42
human_120_7500_6_25_200_182.csv,120,7500,6,25,200,182,200,42
human_120_7501_1_26_200_183.csv,120,7501,1,26,200,183,200,42
human_120_7502_1_26_200_192.csv,120,7502,1,26,200,192,200,42
human_120_7503_1_26_200_188.csv,120,7503,1,26,200,188,200,42
human_120_7504_1_26_200_187.csv,120,7504,1,26,200,187,200,42
human_120_7505_1_26_200_198.csv,120,7505,1,26,200,198,200,42
human_120_7506_1_26_200_189.csv,120,7506,1,26,200,189,200,42
human_120_7507_1_26_200_196.csv,120,7507,1,26,200,196,200,42
human_120_7508_1_26_200_186.csv,120,7508,1,26,200,186,200,42
human_120_7509_1_26_200_199.csv,120,7509,1,26,200,199,200,42
human_120_750_3_3_200_192.csv,120,750,3,3,200,192,200,42
human_120_7510_1_26_200_157.csv,120,7510,1,26,200,157,200,42
human_120_7511_1_26_200_187.csv,120,7511,1,26,200,187,200,42
human_120_7512_1_26_200_174.csv,120,7512,1,26,200,174,200,42
human_120_7513_1_26_200_185.csv,120,7513,1,26,200,185,200,42
human_120_7514_1_26_200_178.csv,120,7514,1,26,200,178,200,42
human_120_7515_1_26_200_197.csv,120,7515,1,26,200,197,200,42
human_120_7516_1_26_200_191.csv,120,7516,1,26,200,191,200,42
human_120_7517_1_26_200_199.csv,120,7517,1,26,200,199,200,42
human_120_7518_1_26_200_161.csv,120,7518,1,26,200,161,200,42
human_120_7519_1_26_200_184.csv,120,7519,1,26,200,184,200,42
human_120_751_4_3_200_170.csv,120,751,4,3,200,170,200,42
human_120_7520_1_26_200_195.csv,120,7520,1,26,200,195,200,42
human_120_7521_1_26_200_162.csv,120,7521,1,26,200,162,200,42
human_120_7522_1_26_200_168.csv,120,7522,1,26,200,168,200,42
human_120_7523_1_26_200_185.csv,120,7523,1,26,200,185,200,42
human_120_7524_1_26_200_177.csv,120,7524,1,26,200,177,200,42
human_120_7525_1_26_200_192.csv,120,7525,1,26,200,192,200,42
human_120_7526_1_26_200_171.csv,120,7526,1,26,200,171,200,42
human_120_7527_1_26_200_178.csv,120,7527,1,26,200,178,200,42
human_120_7528_1_26_200_192.csv,120,7528,1,26,200,192,200,42
human_120_7529_1_26_200_202.csv,120,7529,1,26,200,202,200,42
human_120_752_4_3_200_175.csv,120,752,4,3,200,175,200,42
human_120_7530_1_26_200_184.csv,120,7530,1,26,200,184,200,42
human_120_7531_1_26_200_185.csv,120,7531,1,26,200,185,200,42
human_120_7532_1_26_200_193.csv,120,7532,1,26,200,193,200,42
human_120_7533_1_26_200_208.csv,120,7533,1,26,200,208,200,42
human_120_7534_1_26_200_186.csv,120,7534,1,26,200,186,200,42
human_120_7535_1_26_200_164.csv,120,7535,1,26,200,164,200,42
human_120_7536_1_26_200_194.csv,120,7536,1,26,200,194,200,42
human_120_7537_1_26_200_164.csv,120,7537,1,26,200,164,200,42
human_120_7538_1_26_200_204.csv,120,7538,1,26,200,204,200,42
human_120_7539_1_26_200_179.csv,120,7539,1,26,200,179,200,42
human_120_753_4_3_200_179.csv,120,753,4,3,200,179,200,42
human_120_7540_1_26_200_191.csv,120,7540,1,26,200,191,200,42
human_120_7541_1_26_200_190.csv,120,7541,1,26,200,190,200,42
human_120_7542_1_26_200_170.csv,120,7542,1,26,200,170,200,42
human_120_7543_1_26_200_197.csv,120,7543,1,26,200,197,200,42
human_120_7544_1_26_200_194.csv,120,7544,1,26,200,194,200,42
human_120_7545_1_26_200_195.csv,120,7545,1,26,200,195,200,42
human_120_7546_1_26_200_183.csv,120,7546,1,26,200,183,200,42
human_120_7547_1_26_200_194.csv,120,7547,1,26,200,194,200,42
human_120_7548_1_26_200_161.csv,120,7548,1,26,200,161,200,42
human_120_7549_1_26_200_207.csv,120,7549,1,26,200,207,200,42
human_120_754_4_3_200_167.csv,120,754,4,3,200,167,200,42
human_120_7550_1_26_200_191.csv,120,7550,1,26,200,191,200,42
human_120_7551_2_26_200_186.csv,120,7551,2,26,200,186,200,42
human_120_7552_2_26_200_191.csv,120,7552,2,26,200,191,200,42
human_120_7553_2_26_200_187.csv,120,7553,2,26,200,187,200,42
human_120_7554_2_26_200_202.csv,120,7554,2,26,200,202,200,42
human_120_7555_2_26_200_202.csv,120,7555,2,26,200,202,200,42
human_120_7556_2_26_200_208.csv,120,7556,2,26,200,208,200,42
human_120_7557_2_26_200_180.csv,120,7557,2,26,200,180,200,42
human_120_7558_2_26_200_195.csv,120,7558,2,26,200,195,200,42
human_120_7559_2_26_200_192.csv,120,7559,2,26,200,192,200,42
human_120_755_4_3_200_178.csv,120,755,4,3,200,178,200,42
human_120_7560_2_26_200_191.csv,120,7560,2,26,200,191,200,42
human_120_7561_2_26_200_186.csv,120,7561,2,26,200,186,200,42
human_120_7562_2_26_200_197.csv,120,7562,2,26,200,197,200,42
human_120_7563_2_26_200_193.csv,120,7563,2,26,200,193,200,42
human_120_7564_2_26_200_205.csv,120,7564,2,26,200,205,200,42
human_120_7565_2_26_200_206.csv,120,7565,2,26,200,206,200,42
human_120_7566_2_26_200_181.csv,120,7566,2,26,200,181,200,42
human_120_7567_2_26_200_201.csv,120,7567,2,26,200,201,200,42
human_120_7568_2_26_200_201.csv,120,7568,2,26,200,201,200,42
human_120_7569_2_26_200_192.csv,120,7569,2,26,200,192,200,42
human_120_756_4_3_200_162.csv,120,756,4,3,200,162,200,42
human_120_7570_2_26_200_197.csv,120,7570,2,26,200,197,200,42
human_120_7571_2_26_200_208.csv,120,7571,2,26,200,208,200,42
human_120_7572_2_26_200_179.csv,120,7572,2,26,200,179,200,42
human_120_7573_2_26_200_198.csv,120,7573,2,26,200,198,200,42
human_120_7574_2_26_200_190.csv,120,7574,2,26,200,190,200,42
human_120_7575_2_26_200_196.csv,120,7575,2,26,200,196,200,42
human_120_7576_2_26_200_201.csv,120,7576,2,26,200,201,200,42
human_120_7577_2_26_200_193.csv,120,7577,2,26,200,193,200,42
human_120_7578_2_26_200_187.csv,120,7578,2,26,200,187,200,42
human_120_7579_2_26_200_200.csv,120,7579,2,26,200,200,200,42
human_120_757_4_3_200_168.csv,120,757,4,3,200,168,200,42
human_120_7580_2_26_200_201.csv,120,7580,2,26,200,201,200,42
human_120_7581_2_26_200_186.csv,120,7581,2,26,200,186,200,42
human_120_7582_2_26_200_217.csv,120,7582,2,26,200,217,200,42
human_120_7583_2_26_200_191.csv,120,7583,2,26,200,191,200,42
human_120_7584_2_26_200_186.csv,120,7584,2,26,200,186,200,42
human_120_7585_2_26_200_197.csv,120,7585,2,26,200,197,200,42
human_120_7586_2_26_200_188.csv,120,7586,2,26,200,188,200,42
human_120_7587_2_26_200_204.csv,120,7587,2,26,200,204,200,42
human_120_7588_2_26_200_187.csv,120,7588,2,26,200,187,200,42
human_120_7589_2_26_200_186.csv,120,7589,2,26,200,186,200,42
human_120_758_4_3_200_171.csv,120,758,4,3,200,171,200,42
human_120_7590_2_26_200_188.csv,120,7590,2,26,200,188,200,42
human_120_7591_2_26_200_199.csv,120,7591,2,26,200,199,200,42
human_120_7592_2_26_200_200.csv,120,7592,2,26,200,200,200,42
human_120_7593_2_26_200_200.csv,120,7593,2,26,200,200,200,42
human_120_7594_2_26_200_197.csv,120,7594,2,26,200,197,200,42
human_120_7595_2_26_200_213.csv,120,7595,2,26,200,213,200,42
human_120_7596_2_26_200_189.csv,120,7596,2,26,200,189,200,42
human_120_7597_2_26_200_184.csv,120,7597,2,26,200,184,200,42
human_120_7598_2_26_200_193.csv,120,7598,2,26,200,193,200,42
human_120_7599_2_26_200_207.csv,120,7599,2,26,200,207,200,42
human_120_759_4_3_200_174.csv,120,759,4,3,200,174,200,42
human_120_75_2_1_200_200.csv,120,75,2,1,200,200,200,42
human_120_7600_2_26_200_203.csv,120,7600,2,26,200,203,200,42
human_120_7601_3_26_200_192.csv,120,7601,3,26,200,192,200,42
human_120_7602_3_26_200_202.csv,120,7602,3,26,200,202,200,42
human_120_7603_3_26_200_191.csv,120,7603,3,26,200,191,200,42
human_120_7604_3_26_200_201.csv,120,7604,3,26,200,201,200,42
human_120_7605_3_26_200_196.csv,120,7605,3,26,200,196,200,42
human_120_7606_3_26_200_200.csv,120,7606,3,26,200,200,200,42
human_120_7607_3_26_200_183.csv,120,7607,3,26,200,183,200,42
human_120_7608_3_26_200_193.csv,120,7608,3,26,200,193,200,42
human_120_7609_3_26_200_202.csv,120,7609,3,26,200,202,200,42
human_120_760_4_3_200_165.csv,120,760,4,3,200,165,200,42
human_120_7610_3_26_200_205.csv,120,7610,3,26,200,205,200,42
human_120_7611_3_26_200_206.csv,120,7611,3,26,200,206,200,42
human_120_7612_3_26_200_191.csv,120,7612,3,26,200,191,200,42
human_120_7613_3_26_200_182.csv,120,7613,3,26,200,182,200,42
human_120_7614_3_26_200_188.csv,120,7614,3,26,200,188,200,42
human_120_7615_3_26_200_207.csv,120,7615,3,26,200,207,200,42
human_120_7616_3_26_200_195.csv,120,7616,3,26,200,195,200,42
human_120_7617_3_26_200_183.csv,120,7617,3,26,200,183,200,42
human_120_7618_3_26_200_198.csv,120,7618,3,26,200,198,200,42
human_120_7619_3_26_200_177.csv,120,7619,3,26,200,177,200,42
human_120_761_4_3_200_164.csv,120,761,4,3,200,164,200,42
human_120_7620_3_26_200_190.csv,120,7620,3,26,200,190,200,42
human_120_7621_3_26_200_194.csv,120,7621,3,26,200,194,200,42
human_120_7622_3_26_200_187.csv,120,7622,3,26,200,187,200,42
human_120_7623_3_26_200_204.csv,120,7623,3,26,200,204,200,42
human_120_7624_3_26_200_192.csv,120,7624,3,26,200,192,200,42
human_120_7625_3_26_200_195.csv,120,7625,3,26,200,195,200,42
human_120_7626_3_26_200_192.csv,120,7626,3,26,200,192,200,42
human_120_7627_3_26_200_184.csv,120,7627,3,26,200,184,200,42
human_120_7628_3_26_200_200.csv,120,7628,3,26,200,200,200,42
human_120_7629_3_26_200_193.csv,120,7629,3,26,200,193,200,42
human_120_762_4_3_200_182.csv,120,762,4,3,200,182,200,42
human_120_7630_3_26_200_203.csv,120,7630,3,26,200,203,200,42
human_120_7631_3_26_200_189.csv,120,7631,3,26,200,189,200,42
human_120_7632_3_26_200_185.csv,120,7632,3,26,200,185,200,42
human_120_7633_3_26_200_202.csv,120,7633,3,26,200,202,200,42
human_120_7634_3_26_200_187.csv,120,7634,3,26,200,187,200,42
human_120_7635_3_26_200_197.csv,120,7635,3,26,200,197,200,42
human_120_7636_3_26_200_194.csv,120,7636,3,26,200,194,200,42
human_120_7637_3_26_200_193.csv,120,7637,3,26,200,193,200,42
human_120_7638_3_26_200_189.csv,120,7638,3,26,200,189,200,42
human_120_7639_3_26_200_185.csv,120,7639,3,26,200,185,200,42
human_120_763_4_3_200_159.csv,120,763,4,3,200,159,200,42
human_120_7640_3_26_200_198.csv,120,7640,3,26,200,198,200,42
human_120_7641_3_26_200_198.csv,120,7641,3,26,200,198,200,42
human_120_7642_3_26_200_189.csv,120,7642,3,26,200,189,200,42
human_120_7643_3_26_200_198.csv,120,7643,3,26,200,198,200,42
human_120_7644_3_26_200_214.csv,120,7644,3,26,200,214,200,42
human_120_7645_3_26_200_187.csv,120,7645,3,26,200,187,200,42
human_120_7646_3_26_200_192.csv,120,7646,3,26,200,192,200,42
human_120_7647_3_26_200_191.csv,120,7647,3,26,200,191,200,42
human_120_7648_3_26_200_160.csv,120,7648,3,26,200,160,200,42
human_120_7649_3_26_200_177.csv,120,7649,3,26,200,177,200,42
human_120_764_4_3_200_165.csv,120,764,4,3,200,165,200,42
human_120_7650_3_26_200_193.csv,120,7650,3,26,200,193,200,42
human_120_7651_4_26_200_172.csv,120,7651,4,26,200,172,200,42
human_120_7652_4_26_200_176.csv,120,7652,4,26,200,176,200,42
human_120_7653_4_26_200_151.csv,120,7653,4,26,200,151,200,42
human_120_7654_4_26_200_174.csv,120,7654,4,26,200,174,200,42
human_120_7655_4_26_200_194.csv,120,7655,4,26,200,194,200,42
human_120_7656_4_26_200_172.csv,120,7656,4,26,200,172,200,42
human_120_7657_4_26_200_176.csv,120,7657,4,26,200,176,200,42
human_120_7658_4_26_200_182.csv,120,7658,4,26,200,182,200,42
human_120_7659_4_26_200_169.csv,120,7659,4,26,200,169,200,42
human_120_765_4_3_200_162.csv,120,765,4,3,200,162,200,42
human_120_7660_4_26_200_166.csv,120,7660,4,26,200,166,200,42
human_120_7661_4_26_200_200.csv,120,7661,4,26,200,200,200,42
human_120_7662_4_26_200_180.csv,120,7662,4,26,200,180,200,42
human_120_7663_4_26_200_186.csv,120,7663,4,26,200,186,200,42
human_120_7664_4_26_200_189.csv,120,7664,4,26,200,189,200,42
human_120_7665_4_26_200_194.csv,120,7665,4,26,200,194,200,42
human_120_7666_4_26_200_171.csv,120,7666,4,26,200,171,200,42
human_120_7667_4_26_200_180.csv,120,7667,4,26,200,180,200,42
human_120_7668_4_26_200_184.csv,120,7668,4,26,200,184,200,42
human_120_7669_4_26_200_175.csv,120,7669,4,26,200,175,200,42
human_120_766_4_3_200_179.csv,120,766,4,3,200,179,200,42
human_120_7670_4_26_200_185.csv,120,7670,4,26,200,185,200,42
human_120_7671_4_26_200_194.csv,120,7671,4,26,200,194,200,42
human_120_7672_4_26_200_198.csv,120,7672,4,26,200,198,200,42
human_120_7673_4_26_200_179.csv,120,7673,4,26,200,179,200,42
human_120_7674_4_26_200_186.csv,120,7674,4,26,200,186,200,42
human_120_7675_4_26_200_176.csv,120,7675,4,26,200,176,200,42
human_120_7676_4_26_200_183.csv,120,7676,4,26,200,183,200,42
human_120_7677_4_26_200_145.csv,120,7677,4,26,200,145,200,42
human_120_7678_4_26_200_172.csv,120,7678,4,26,200,172,200,42
human_120_7679_4_26_200_163.csv,120,7679,4,26,200,163,200,42
human_120_767_4_3_200_179.csv,120,767,4,3,200,179,200,42
human_120_7680_4_26_200_179.csv,120,7680,4,26,200,179,200,42
human_120_7681_4_26_200_156.csv,120,7681,4,26,200,156,200,42
human_120_7682_4_26_200_188.csv,120,7682,4,26,200,188,200,42
human_120_7683_4_26_200_155.csv,120,7683,4,26,200,155,200,42
human_120_7684_4_26_200_180.csv,120,7684,4,26,200,180,200,42
human_120_7685_4_26_200_146.csv,120,7685,4,26,200,146,200,42
human_120_7686_4_26_200_186.csv,120,7686,4,26,200,186,200,42
human_120_7687_4_26_200_186.csv,120,7687,4,26,200,186,200,42
human_120_7688_4_26_200_180.csv,120,7688,4,26,200,180,200,42
human_120_7689_4_26_200_202.csv,120,7689,4,26,200,202,200,42
human_120_768_4_3_200_170.csv,120,768,4,3,200,170,200,42
human_120_7690_4_26_200_153.csv,120,7690,4,26,200,153,200,42
human_120_7691_4_26_200_190.csv,120,7691,4,26,200,190,200,42
human_120_7692_4_26_200_150.csv,120,7692,4,26,200,150,200,42
human_120_7693_4_26_200_166.csv,120,7693,4,26,200,166,200,42
human_120_7694_4_26_200_157.csv,120,7694,4,26,200,157,200,42
human_120_7695_4_26_200_157.csv,120,7695,4,26,200,157,200,42
human_120_7696_4_26_200_161.csv,120,7696,4,26,200,161,200,42
human_120_7697_4_26_200_171.csv,120,7697,4,26,200,171,200,42
human_120_7698_4_26_200_151.csv,120,7698,4,26,200,151,200,42
human_120_7699_4_26_200_156.csv,120,7699,4,26,200,156,200,42
human_120_769_4_3_200_174.csv,120,769,4,3,200,174,200,42
human_120_76_2_1_200_190.csv,120,76,2,1,200,190,200,42
human_120_7700_4_26_200_160.csv,120,7700,4,26,200,160,200,42
human_120_7701_5_26_200_192.csv,120,7701,5,26,200,192,200,42
human_120_7702_5_26_200_167.csv,120,7702,5,26,200,167,200,42
human_120_7703_5_26_200_193.csv,120,7703,5,26,200,193,200,42
human_120_7704_5_26_200_195.csv,120,7704,5,26,200,195,200,42
human_120_7705_5_26_200_181.csv,120,7705,5,26,200,181,200,42
human_120_7706_5_26_200_191.csv,120,7706,5,26,200,191,200,42
human_120_7707_5_26_200_183.csv,120,7707,5,26,200,183,200,42
human_120_7708_5_26_200_186.csv,120,7708,5,26,200,186,200,42
human_120_7709_5_26_200_201.csv,120,7709,5,26,200,201,200,42
human_120_770_4_3_200_165.csv,120,770,4,3,200,165,200,42
human_120_7710_5_26_200_182.csv,120,7710,5,26,200,182,200,42
human_120_7711_5_26_200_182.csv,120,7711,5,26,200,182,200,42
human_120_7712_5_26_200_185.csv,120,7712,5,26,200,185,200,42
human_120_7713_5_26_200_195.csv,120,7713,5,26,200,195,200,42
human_120_7714_5_26_200_177.csv,120,7714,5,26,200,177,200,42
human_120_7715_5_26_200_198.csv,120,7715,5,26,200,198,200,42
human_120_7716_5_26_200_177.csv,120,7716,5,26,200,177,200,42
human_120_7717_5_26_200_195.csv,120,7717,5,26,200,195,200,42
human_120_7718_5_26_200_192.csv,120,7718,5,26,200,192,200,42
human_120_7719_5_26_200_197.csv,120,7719,5,26,200,197,200,42
human_120_771_4_3_200_176.csv,120,771,4,3,200,176,200,42
human_120_7720_5_26_200_186.csv,120,7720,5,26,200,186,200,42
human_120_7721_5_26_200_187.csv,120,7721,5,26,200,187,200,42
human_120_7722_5_26_200_203.csv,120,7722,5,26,200,203,200,42
human_120_7723_5_26_200_185.csv,120,7723,5,26,200,185,200,42
human_120_7724_5_26_200_202.csv,120,7724,5,26,200,202,200,42
human_120_7725_5_26_200_193.csv,120,7725,5,26,200,193,200,42
human_120_7726_5_26_200_208.csv,120,7726,5,26,200,208,200,42
human_120_7727_5_26_200_186.csv,120,7727,5,26,200,186,200,42
human_120_7728_5_26_200_176.csv,120,7728,5,26,200,176,200,42
human_120_7729_5_26_200_200.csv,120,7729,5,26,200,200,200,42
human_120_772_4_3_200_174.csv,120,772,4,3,200,174,200,42
human_120_7730_5_26_200_194.csv,120,7730,5,26,200,194,200,42
human_120_7731_5_26_200_197.csv,120,7731,5,26,200,197,200,42
human_120_7732_5_26_200_173.csv,120,7732,5,26,200,173,200,42
human_120_7733_5_26_200_194.csv,120,7733,5,26,200,194,200,42
human_120_7734_5_26_200_172.csv,120,7734,5,26,200,172,200,42
human_120_7735_5_26_200_194.csv,120,7735,5,26,200,194,200,42
human_120_7736_5_26_200_182.csv,120,7736,5,26,200,182,200,42
human_120_7737_5_26_200_190.csv,120,7737,5,26,200,190,200,42
human_120_7738_5_26_200_198.csv,120,7738,5,26,200,198,200,42
human_120_7739_5_26_200_187.csv,120,7739,5,26,200,187,200,42
human_120_773_4_3_200_177.csv,120,773,4,3,200,177,200,42
human_120_7740_5_26_200_173.csv,120,7740,5,26,200,173,200,42
human_120_7741_5_26_200_189.csv,120,7741,5,26,200,189,200,42
human_120_7742_5_26_200_203.csv,120,7742,5,26,200,203,200,42
human_120_7743_5_26_200_191.csv,120,7743,5,26,200,191,200,42
human_120_7744_5_26_200_183.csv,120,7744,5,26,200,183,200,42
human_120_7745_5_26_200_185.csv,120,7745,5,26,200,185,200,42
human_120_7746_5_26_200_170.csv,120,7746,5,26,200,170,200,42
human_120_7747_5_26_200_192.csv,120,7747,5,26,200,192,200,42
human_120_7748_5_26_200_182.csv,120,7748,5,26,200,182,200,42
human_120_7749_5_26_200_183.csv,120,7749,5,26,200,183,200,42
human_120_774_4_3_200_168.csv,120,774,4,3,200,168,200,42
human_120_7750_5_26_200_187.csv,120,7750,5,26,200,187,200,42
human_120_7751_6_26_200_169.csv,120,7751,6,26,200,169,200,42
human_120_7752_6_26_200_179.csv,120,7752,6,26,200,179,200,42
human_120_7753_6_26_200_164.csv,120,7753,6,26,200,164,200,42
human_120_7754_6_26_200_176.csv,120,7754,6,26,200,176,200,42
human_120_7755_6_26_200_166.csv,120,7755,6,26,200,166,200,42
human_120_7756_6_26_200_178.csv,120,7756,6,26,200,178,200,42
human_120_7757_6_26_200_173.csv,120,7757,6,26,200,173,200,42
human_120_7758_6_26_200_177.csv,120,7758,6,26,200,177,200,42
human_120_7759_6_26_200_191.csv,120,7759,6,26,200,191,200,42
human_120_775_4_3_200_172.csv,120,775,4,3,200,172,200,42
human_120_7760_6_26_200_200.csv,120,7760,6,26,200,200,200,42
human_120_7761_6_26_200_179.csv,120,7761,6,26,200,179,200,42
human_120_7762_6_26_200_183.csv,120,7762,6,26,200,183,200,42
human_120_7763_6_26_200_165.csv,120,7763,6,26,200,165,200,42
human_120_7764_6_26_200_170.csv,120,7764,6,26,200,170,200,42
human_120_7765_6_26_200_210.csv,120,7765,6,26,200,210,200,42
human_120_7766_6_26_200_165.csv,120,7766,6,26,200,165,200,42
human_120_7767_6_26_200_176.csv,120,7767,6,26,200,176,200,42
human_120_7768_6_26_200_174.csv,120,7768,6,26,200,174,200,42
human_120_7769_6_26_200_195.csv,120,7769,6,26,200,195,200,42
human_120_776_4_3_200_172.csv,120,776,4,3,200,172,200,42
human_120_7770_6_26_200_177.csv,120,7770,6,26,200,177,200,42
human_120_7771_6_26_200_170.csv,120,7771,6,26,200,170,200,42
human_120_7772_6_26_200_174.csv,120,7772,6,26,200,174,200,42
human_120_7773_6_26_200_189.csv,120,7773,6,26,200,189,200,42
human_120_7774_6_26_200_183.csv,120,7774,6,26,200,183,200,42
human_120_7775_6_26_200_204.csv,120,7775,6,26,200,204,200,42
human_120_7776_6_26_200_181.csv,120,7776,6,26,200,181,200,42
human_120_7777_6_26_200_181.csv,120,7777,6,26,200,181,200,42
human_120_7778_6_26_200_152.csv,120,7778,6,26,200,152,200,42
human_120_7779_6_26_200_153.csv,120,7779,6,26,200,153,200,42
human_120_777_4_3_200_174.csv,120,777,4,3,200,174,200,42
human_120_7780_6_26_200_183.csv,120,7780,6,26,200,183,200,42
human_120_7781_6_26_200_174.csv,120,7781,6,26,200,174,200,42
human_120_7782_6_26_200_191.csv,120,7782,6,26,200,191,200,42
human_120_7783_6_26_200_176.csv,120,7783,6,26,200,176,200,42
human_120_7784_6_26_200_169.csv,120,7784,6,26,200,169,200,42
human_120_7785_6_26_200_187.csv,120,7785,6,26,200,187,200,42
human_120_7786_6_26_200_186.csv,120,7786,6,26,200,186,200,42
human_120_7787_6_26_200_173.csv,120,7787,6,26,200,173,200,42
human_120_7788_6_26_200_156.csv,120,7788,6,26,200,156,200,42
human_120_7789_6_26_200_192.csv,120,7789,6,26,200,192,200,42
human_120_778_4_3_200_189.csv,120,778,4,3,200,189,200,42
human_120_7790_6_26_200_179.csv,120,7790,6,26,200,179,200,42
human_120_7791_6_26_200_177.csv,120,7791,6,26,200,177,200,42
human_120_7792_6_26_200_188.csv,120,7792,6,26,200,188,200,42
human_120_7793_6_26_200_180.csv,120,7793,6,26,200,180,200,42
human_120_7794_6_26_200_183.csv,120,7794,6,26,200,183,200,42
human_120_7795_6_26_200_187.csv,120,7795,6,26,200,187,200,42
human_120_7796_6_26_200_162.csv,120,7796,6,26,200,162,200,42
human_120_7797_6_26_200_182.csv,120,7797,6,26,200,182,200,42
human_120_7798_6_26_200_193.csv,120,7798,6,26,200,193,200,42
human_120_7799_6_26_200_164.csv,120,7799,6,26,200,164,200,42
human_120_779_4_3_200_176.csv,120,779,4,3,200,176,200,42
human_120_77_2_1_200_205.csv,120,77,2,1,200,205,200,42
human_120_7800_6_26_200_185.csv,120,7800,6,26,200,185,200,42
human_120_7801_1_27_200_164.csv,120,7801,1,27,200,164,200,42
human_120_7802_1_27_200_167.csv,120,7802,1,27,200,167,200,42
human_120_7803_1_27_200_156.csv,120,7803,1,27,200,156,200,42
human_120_7804_1_27_200_182.csv,120,7804,1,27,200,182,200,42
human_120_7805_1_27_200_177.csv,120,7805,1,27,200,177,200,42
human_120_7806_1_27_200_170.csv,120,7806,1,27,200,170,200,42
human_120_7807_1_27_200_175.csv,120,7807,1,27,200,175,200,42
human_120_7808_1_27_200_178.csv,120,7808,1,27,200,178,200,42
human_120_7809_1_27_200_175.csv,120,7809,1,27,200,175,200,42
human_120_780_4_3_200_182.csv,120,780,4,3,200,182,200,42
human_120_7810_1_27_200_173.csv,120,7810,1,27,200,173,200,42
human_120_7811_1_27_200_173.csv,120,7811,1,27,200,173,200,42
human_120_7812_1_27_200_190.csv,120,7812,1,27,200,190,200,42
human_120_7813_1_27_200_157.csv,120,7813,1,27,200,157,200,42
human_120_7814_1_27_200_180.csv,120,7814,1,27,200,180,200,42
human_120_7815_1_27_200_159.csv,120,7815,1,27,200,159,200,42
human_120_7816_1_27_200_163.csv,120,7816,1,27,200,163,200,42
human_120_7817_1_27_200_188.csv,120,7817,1,27,200,188,200,42
human_120_7818_1_27_200_178.csv,120,7818,1,27,200,178,200,42
human_120_7819_1_27_200_171.csv,120,7819,1,27,200,171,200,42
human_120_781_4_3_200_157.csv,120,781,4,3,200,157,200,42
human_120_7820_1_27_200_156.csv,120,7820,1,27,200,156,200,42
human_120_7821_1_27_200_179.csv,120,7821,1,27,200,179,200,42
human_120_7822_1_27_200_174.csv,120,7822,1,27,200,174,200,42
human_120_7823_1_27_200_201.csv,120,7823,1,27,200,201,200,42
human_120_7824_1_27_200_175.csv,120,7824,1,27,200,175,200,42
human_120_7825_1_27_200_194.csv,120,7825,1,27,200,194,200,42
human_120_7826_1_27_200_184.csv,120,7826,1,27,200,184,200,42
human_120_7827_1_27_200_193.csv,120,7827,1,27,200,193,200,42
human_120_7828_1_27_200_178.csv,120,7828,1,27,200,178,200,42
human_120_7829_1_27_200_206.csv,120,7829,1,27,200,206,200,42
human_120_782_4_3_200_167.csv,120,782,4,3,200,167,200,42
human_120_7830_1_27_200_191.csv,120,7830,1,27,200,191,200,42
human_120_7831_1_27_200_176.csv,120,7831,1,27,200,176,200,42
human_120_7832_1_27_200_186.csv,120,7832,1,27,200,186,200,42
human_120_7833_1_27_200_183.csv,120,7833,1,27,200,183,200,42
human_120_7834_1_27_200_201.csv,120,7834,1,27,200,201,200,42
human_120_7835_1_27_200_184.csv,120,7835,1,27,200,184,200,42
human_120_7836_1_27_200_185.csv,120,7836,1,27,200,185,200,42
human_120_7837_1_27_200_194.csv,120,7837,1,27,200,194,200,42
human_120_7838_1_27_200_189.csv,120,7838,1,27,200,189,200,42
human_120_7839_1_27_200_188.csv,120,7839,1,27,200,188,200,42
human_120_783_4_3_200_148.csv,120,783,4,3,200,148,200,42
human_120_7840_1_27_200_187.csv,120,7840,1,27,200,187,200,42
human_120_7841_1_27_200_210.csv,120,7841,1,27,200,210,200,42
human_120_7842_1_27_200_181.csv,120,7842,1,27,200,181,200,42
human_120_7843_1_27_200_188.csv,120,7843,1,27,200,188,200,42
human_120_7844_1_27_200_177.csv,120,7844,1,27,200,177,200,42
human_120_7845_1_27_200_192.csv,120,7845,1,27,200,192,200,42
human_120_7846_1_27_200_203.csv,120,7846,1,27,200,203,200,42
human_120_7847_1_27_200_179.csv,120,7847,1,27,200,179,200,42
human_120_7848_1_27_200_178.csv,120,7848,1,27,200,178,200,42
human_120_7849_1_27_200_148.csv,120,7849,1,27,200,148,200,42
human_120_784_4_3_200_159.csv,120,784,4,3,200,159,200,42
human_120_7850_1_27_200_172.csv,120,7850,1,27,200,172,200,42
human_120_7851_2_27_200_182.csv,120,7851,2,27,200,182,200,42
human_120_7852_2_27_200_194.csv,120,7852,2,27,200,194,200,42
human_120_7853_2_27_200_169.csv,120,7853,2,27,200,169,200,42
human_120_7854_2_27_200_161.csv,120,7854,2,27,200,161,200,42
human_120_7855_2_27_200_179.csv,120,7855,2,27,200,179,200,42
human_120_7856_2_27_200_178.csv,120,7856,2,27,200,178,200,42
human_120_7857_2_27_200_182.csv,120,7857,2,27,200,182,200,42
human_120_7858_2_27_200_188.csv,120,7858,2,27,200,188,200,42
human_120_7859_2_27_200_183.csv,120,7859,2,27,200,183,200,42
human_120_785_4_3_200_152.csv,120,785,4,3,200,152,200,42
human_120_7860_2_27_200_182.csv,120,7860,2,27,200,182,200,42
human_120_7861_2_27_200_187.csv,120,7861,2,27,200,187,200,42
human_120_7862_2_27_200_186.csv,120,7862,2,27,200,186,200,42
human_120_7863_2_27_200_182.csv,120,7863,2,27,200,182,200,42
human_120_7864_2_27_200_184.csv,120,7864,2,27,200,184,200,42
human_120_7865_2_27_200_190.csv,120,7865,2,27,200,190,200,42
human_120_7866_2_27_200_189.csv,120,7866,2,27,200,189,200,42
human_120_7867_2_27_200_193.csv,120,7867,2,27,200,193,200,42
human_120_7868_2_27_200_175.csv,120,7868,2,27,200,175,200,42
human_120_7869_2_27_200_189.csv,120,7869,2,27,200,189,200,42
human_120_786_4_3_200_159.csv,120,786,4,3,200,159,200,42
human_120_7870_2_27_200_186.csv,120,7870,2,27,200,186,200,42
human_120_7871_2_27_200_198.csv,120,7871,2,27,200,198,200,42
human_120_7872_2_27_200_181.csv,120,7872,2,27,200,181,200,42
human_120_7873_2_27_200_180.csv,120,7873,2,27,200,180,200,42
human_120_7874_2_27_200_192.csv,120,7874,2,27,200,192,200,42
human_120_7875_2_27_200_184.csv,120,7875,2,27,200,184,200,42
human_120_7876_2_27_200_180.csv,120,7876,2,27,200,180,200,42
human_120_7877_2_27_200_186.csv,120,7877,2,27,200,186,200,42
human_120_7878_2_27_200_188.csv,120,7878,2,27,200,188,200,42
human_120_7879_2_27_200_200.csv,120,7879,2,27,200,200,200,42
human_120_787_4_3_200_168.csv,120,787,4,3,200,168,200,42
human_120_7880_2_27_200_199.csv,120,7880,2,27,200,199,200,42
human_120_7881_2_27_200_189.csv,120,7881,2,27,200,189,200,42
human_120_7882_2_27_200_188.csv,120,7882,2,27,200,188,200,42
human_120_7883_2_27_200_173.csv,120,7883,2,27,200,173,200,42
human_120_7884_2_27_200_200.csv,120,7884,2,27,200,200,200,42
human_120_7885_2_27_200_190.csv,120,7885,2,27,200,190,200,42
human_120_7886_2_27_200_197.csv,120,7886,2,27,200,197,200,42
human_120_7887_2_27_200_196.csv,120,7887,2,27,200,196,200,42
human_120_7888_2_27_200_200.csv,120,7888,2,27,200,200,200,42
human_120_7889_2_27_200_184.csv,120,7889,2,27,200,184,200,42
human_120_788_4_3_200_160.csv,120,788,4,3,200,160,200,42
human_120_7890_2_27_200_186.csv,120,7890,2,27,200,186,200,42
human_120_7891_2_27_200_185.csv,120,7891,2,27,200,185,200,42
human_120_7892_2_27_200_196.csv,120,7892,2,27,200,196,200,42
human_120_7893_2_27_200_187.csv,120,7893,2,27,200,187,200,42
human_120_7894_2_27_200_186.csv,120,7894,2,27,200,186,200,42
human_120_7895_2_27_200_182.csv,120,7895,2,27,200,182,200,42
human_120_7896_2_27_200_190.csv,120,7896,2,27,200,190,200,42
human_120_7897_2_27_200_181.csv,120,7897,2,27,200,181,200,42
human_120_7898_2_27_200_190.csv,120,7898,2,27,200,190,200,42
human_120_7899_2_27_200_189.csv,120,7899,2,27,200,189,200,42
human_120_789_4_3_200_169.csv,120,789,4,3,200,169,200,42
human_120_78_2_1_200_197.csv,120,78,2,1,200,197,200,42
human_120_7900_2_27_200_175.csv,120,7900,2,27,200,175,200,42
human_120_7901_3_27_200_166.csv,120,7901,3,27,200,166,200,42
human_120_7902_3_27_200_162.csv,120,7902,3,27,200,162,200,42
human_120_7903_3_27_200_161.csv,120,7903,3,27,200,161,200,42
human_120_7904_3_27_200_176.csv,120,7904,3,27,200,176,200,42
human_120_7905_3_27_200_162.csv,120,7905,3,27,200,162,200,42
human_120_7906_3_27_200_170.csv,120,7906,3,27,200,170,200,42
human_120_7907_3_27_200_172.csv,120,7907,3,27,200,172,200,42
human_120_7908_3_27_200_166.csv,120,7908,3,27,200,166,200,42
human_120_7909_3_27_200_164.csv,120,7909,3,27,200,164,200,42
human_120_790_4_3_200_171.csv,120,790,4,3,200,171,200,42
human_120_7910_3_27_200_168.csv,120,7910,3,27,200,168,200,42
human_120_7911_3_27_200_179.csv,120,7911,3,27,200,179,200,42
human_120_7912_3_27_200_173.csv,120,7912,3,27,200,173,200,42
human_120_7913_3_27_200_171.csv,120,7913,3,27,200,171,200,42
human_120_7914_3_27_200_178.csv,120,7914,3,27,200,178,200,42
human_120_7915_3_27_200_162.csv,120,7915,3,27,200,162,200,42
human_120_7916_3_27_200_160.csv,120,7916,3,27,200,160,200,42
human_120_7917_3_27_200_178.csv,120,7917,3,27,200,178,200,42
human_120_7918_3_27_200_173.csv,120,7918,3,27,200,173,200,42
human_120_7919_3_27_200_166.csv,120,7919,3,27,200,166,200,42
human_120_791_4_3_200_171.csv,120,791,4,3,200,171,200,42
human_120_7920_3_27_200_173.csv,120,7920,3,27,200,173,200,42
human_120_7921_3_27_200_169.csv,120,7921,3,27,200,169,200,42
human_120_7922_3_27_200_160.csv,120,7922,3,27,200,160,200,42
human_120_7923_3_27_200_170.csv,120,7923,3,27,200,170,200,42
human_120_7924_3_27_200_162.csv,120,7924,3,27,200,162,200,42
human_120_7925_3_27_200_168.csv,120,7925,3,27,200,168,200,42
human_120_7926_3_27_200_177.csv,120,7926,3,27,200,177,200,42
human_120_7927_3_27_200_164.csv,120,7927,3,27,200,164,200,42
human_120_7928_3_27_200_168.csv,120,7928,3,27,200,168,200,42
human_120_7929_3_27_200_172.csv,120,7929,3,27,200,172,200,42
human_120_792_4_3_200_190.csv,120,792,4,3,200,190,200,42
human_120_7930_3_27_200_163.csv,120,7930,3,27,200,163,200,42
human_120_7931_3_27_200_161.csv,120,7931,3,27,200,161,200,42
human_120_7932_3_27_200_165.csv,120,7932,3,27,200,165,200,42
human_120_7933_3_27_200_171.csv,120,7933,3,27,200,171,200,42
human_120_7934_3_27_200_184.csv,120,7934,3,27,200,184,200,42
human_120_7935_3_27_200_186.csv,120,7935,3,27,200,186,200,42
human_120_7936_3_27_200_165.csv,120,7936,3,27,200,165,200,42
human_120_7937_3_27_200_181.csv,120,7937,3,27,200,181,200,42
human_120_7938_3_27_200_165.csv,120,7938,3,27,200,165,200,42
human_120_7939_3_27_200_171.csv,120,7939,3,27,200,171,200,42
human_120_793_4_3_200_154.csv,120,793,4,3,200,154,200,42
human_120_7940_3_27_200_170.csv,120,7940,3,27,200,170,200,42
human_120_7941_3_27_200_172.csv,120,7941,3,27,200,172,200,42
human_120_7942_3_27_200_163.csv,120,7942,3,27,200,163,200,42
human_120_7943_3_27_200_169.csv,120,7943,3,27,200,169,200,42
human_120_7944_3_27_200_169.csv,120,7944,3,27,200,169,200,42
human_120_7945_3_27_200_166.csv,120,7945,3,27,200,166,200,42
human_120_7946_3_27_200_164.csv,120,7946,3,27,200,164,200,42
human_120_7947_3_27_200_178.csv,120,7947,3,27,200,178,200,42
human_120_7948_3_27_200_177.csv,120,7948,3,27,200,177,200,42
human_120_7949_3_27_200_178.csv,120,7949,3,27,200,178,200,42
human_120_794_4_3_200_175.csv,120,794,4,3,200,175,200,42
human_120_7950_3_27_200_169.csv,120,7950,3,27,200,169,200,42
human_120_7951_4_27_200_180.csv,120,7951,4,27,200,180,200,42
human_120_7952_4_27_200_152.csv,120,7952,4,27,200,152,200,42
human_120_7953_4_27_200_162.csv,120,7953,4,27,200,162,200,42
human_120_7954_4_27_200_169.csv,120,7954,4,27,200,169,200,42
human_120_7955_4_27_200_189.csv,120,7955,4,27,200,189,200,42
human_120_7956_4_27_200_164.csv,120,7956,4,27,200,164,200,42
human_120_7957_4_27_200_175.csv,120,7957,4,27,200,175,200,42
human_120_7958_4_27_200_193.csv,120,7958,4,27,200,193,200,42
human_120_7959_4_27_200_155.csv,120,7959,4,27,200,155,200,42
human_120_795_4_3_200_180.csv,120,795,4,3,200,180,200,42
human_120_7960_4_27_200_176.csv,120,7960,4,27,200,176,200,42
human_120_7961_4_27_200_187.csv,120,7961,4,27,200,187,200,42
human_120_7962_4_27_200_198.csv,120,7962,4,27,200,198,200,42
human_120_7963_4_27_200_158.csv,120,7963,4,27,200,158,200,42
human_120_7964_4_27_200_190.csv,120,7964,4,27,200,190,200,42
human_120_7965_4_27_200_194.csv,120,7965,4,27,200,194,200,42
human_120_7966_4_27_200_200.csv,120,7966,4,27,200,200,200,42
human_120_7967_4_27_200_187.csv,120,7967,4,27,200,187,200,42
human_120_7968_4_27_200_192.csv,120,7968,4,27,200,192,200,42
human_120_7969_4_27_200_178.csv,120,7969,4,27,200,178,200,42
human_120_796_4_3_200_171.csv,120,796,4,3,200,171,200,42
human_120_7970_4_27_200_182.csv,120,7970,4,27,200,182,200,42
human_120_7971_4_27_200_198.csv,120,7971,4,27,200,198,200,42
human_120_7972_4_27_200_184.csv,120,7972,4,27,200,184,200,42
human_120_7973_4_27_200_170.csv,120,7973,4,27,200,170,200,42
human_120_7974_4_27_200_188.csv,120,7974,4,27,200,188,200,42
human_120_7975_4_27_200_195.csv,120,7975,4,27,200,195,200,42
human_120_7976_4_27_200_190.csv,120,7976,4,27,200,190,200,42
human_120_7977_4_27_200_192.csv,120,7977,4,27,200,192,200,42
human_120_7978_4_27_200_197.csv,120,7978,4,27,200,197,200,42
human_120_7979_4_27_200_191.csv,120,7979,4,27,200,191,200,42
human_120_797_4_3_200_176.csv,120,797,4,3,200,176,200,42
human_120_7980_4_27_200_184.csv,120,7980,4,27,200,184,200,42
human_120_7981_4_27_200_194.csv,120,7981,4,27,200,194,200,42
human_120_7982_4_27_200_187.csv,120,7982,4,27,200,187,200,42
human_120_7983_4_27_200_193.csv,120,7983,4,27,200,193,200,42
human_120_7984_4_27_200_184.csv,120,7984,4,27,200,184,200,42
human_120_7985_4_27_200_188.csv,120,7985,4,27,200,188,200,42
human_120_7986_4_27_200_188.csv,120,7986,4,27,200,188,200,42
human_120_7987_4_27_200_190.csv,120,7987,4,27,200,190,200,42
human_120_7988_4_27_200_184.csv,120,7988,4,27,200,184,200,42
human_120_7989_4_27_200_190.csv,120,7989,4,27,200,190,200,42
human_120_798_4_3_200_169.csv,120,798,4,3,200,169,200,42
human_120_7990_4_27_200_190.csv,120,7990,4,27,200,190,200,42
human_120_7991_4_27_200_184.csv,120,7991,4,27,200,184,200,42
human_120_7992_4_27_200_197.csv,120,7992,4,27,200,197,200,42
human_120_7993_4_27_200_189.csv,120,7993,4,27,200,189,200,42
human_120_7994_4_27_200_186.csv,120,7994,4,27,200,186,200,42
human_120_7995_4_27_200_194.csv,120,7995,4,27,200,194,200,42
human_120_7996_4_27_200_189.csv,120,7996,4,27,200,189,200,42
human_120_7997_4_27_200_188.csv,120,7997,4,27,200,188,200,42
human_120_7998_4_27_200_205.csv,120,7998,4,27,200,205,200,42
human_120_7999_4_27_200_169.csv,120,7999,4,27,200,169,200,42
human_120_799_4_3_200_167.csv,120,799,4,3,200,167,200,42
human_120_79_2_1_200_198.csv,120,79,2,1,200,198,200,42
human_120_7_1_1_200_179.csv,120,7,1,1,200,179,200,42
human_120_8000_4_27_200_202.csv,120,8000,4,27,200,202,200,42
human_120_8001_5_27_200_176.csv,120,8001,5,27,200,176,200,42
human_120_8002_5_27_200_177.csv,120,8002,5,27,200,177,200,42
human_120_8003_5_27_200_187.csv,120,8003,5,27,200,187,200,42
human_120_8004_5_27_200_181.csv,120,8004,5,27,200,181,200,42
human_120_8005_5_27_200_175.csv,120,8005,5,27,200,175,200,42
human_120_8006_5_27_200_185.csv,120,8006,5,27,200,185,200,42
human_120_8007_5_27_200_174.csv,120,8007,5,27,200,174,200,42
human_120_8008_5_27_200_175.csv,120,8008,5,27,200,175,200,42
human_120_8009_5_27_200_181.csv,120,8009,5,27,200,181,200,42
human_120_800_4_3_200_163.csv,120,800,4,3,200,163,200,42
human_120_8010_5_27_200_176.csv,120,8010,5,27,200,176,200,42
human_120_8011_5_27_200_167.csv,120,8011,5,27,200,167,200,42
human_120_8012_5_27_200_184.csv,120,8012,5,27,200,184,200,42
human_120_8013_5_27_200_193.csv,120,8013,5,27,200,193,200,42
human_120_8014_5_27_200_179.csv,120,8014,5,27,200,179,200,42
human_120_8015_5_27_200_189.csv,120,8015,5,27,200,189,200,42
human_120_8016_5_27_200_175.csv,120,8016,5,27,200,175,200,42
human_120_8017_5_27_200_187.csv,120,8017,5,27,200,187,200,42
human_120_8018_5_27_200_161.csv,120,8018,5,27,200,161,200,42
human_120_8019_5_27_200_175.csv,120,8019,5,27,200,175,200,42
human_120_801_5_3_200_176.csv,120,801,5,3,200,176,200,42
human_120_8020_5_27_200_178.csv,120,8020,5,27,200,178,200,42
human_120_8021_5_27_200_172.csv,120,8021,5,27,200,172,200,42
human_120_8022_5_27_200_180.csv,120,8022,5,27,200,180,200,42
human_120_8023_5_27_200_184.csv,120,8023,5,27,200,184,200,42
human_120_8024_5_27_200_177.csv,120,8024,5,27,200,177,200,42
human_120_8025_5_27_200_185.csv,120,8025,5,27,200,185,200,42
human_120_8026_5_27_200_185.csv,120,8026,5,27,200,185,200,42
human_120_8027_5_27_200_187.csv,120,8027,5,27,200,187,200,42
human_120_8028_5_27_200_193.csv,120,8028,5,27,200,193,200,42
human_120_8029_5_27_200_190.csv,120,8029,5,27,200,190,200,42
human_120_802_5_3_200_198.csv,120,802,5,3,200,198,200,42
human_120_8030_5_27_200_175.csv,120,8030,5,27,200,175,200,42
human_120_8031_5_27_200_192.csv,120,8031,5,27,200,192,200,42
human_120_8032_5_27_200_176.csv,120,8032,5,27,200,176,200,42
human_120_8033_5_27_200_177.csv,120,8033,5,27,200,177,200,42
human_120_8034_5_27_200_187.csv,120,8034,5,27,200,187,200,42
human_120_8035_5_27_200_181.csv,120,8035,5,27,200,181,200,42
human_120_8036_5_27_200_174.csv,120,8036,5,27,200,174,200,42
human_120_8037_5_27_200_185.csv,120,8037,5,27,200,185,200,42
human_120_8038_5_27_200_174.csv,120,8038,5,27,200,174,200,42
human_120_8039_5_27_200_175.csv,120,8039,5,27,200,175,200,42
human_120_803_5_3_200_154.csv,120,803,5,3,200,154,200,42
human_120_8040_5_27_200_181.csv,120,8040,5,27,200,181,200,42
human_120_8041_5_27_200_176.csv,120,8041,5,27,200,176,200,42
human_120_8042_5_27_200_167.csv,120,8042,5,27,200,167,200,42
human_120_8043_5_27_200_184.csv,120,8043,5,27,200,184,200,42
human_120_8044_5_27_200_193.csv,120,8044,5,27,200,193,200,42
human_120_8045_5_27_200_179.csv,120,8045,5,27,200,179,200,42
human_120_8046_5_27_200_189.csv,120,8046,5,27,200,189,200,42
human_120_8047_5_27_200_175.csv,120,8047,5,27,200,175,200,42
human_120_8048_5_27_200_187.csv,120,8048,5,27,200,187,200,42
human_120_8049_5_27_200_161.csv,120,8049,5,27,200,161,200,42
human_120_804_5_3_200_182.csv,120,804,5,3,200,182,200,42
human_120_8050_5_27_200_175.csv,120,8050,5,27,200,175,200,42
human_120_8051_6_27_200_169.csv,120,8051,6,27,200,169,200,42
human_120_8052_6_27_200_179.csv,120,8052,6,27,200,179,200,42
human_120_8053_6_27_200_157.csv,120,8053,6,27,200,157,200,42
human_120_8054_6_27_200_166.csv,120,8054,6,27,200,166,200,42
human_120_8055_6_27_200_170.csv,120,8055,6,27,200,170,200,42
human_120_8056_6_27_200_178.csv,120,8056,6,27,200,178,200,42
human_120_8057_6_27_200_174.csv,120,8057,6,27,200,174,200,42
human_120_8058_6_27_200_167.csv,120,8058,6,27,200,167,200,42
human_120_8059_6_27_200_163.csv,120,8059,6,27,200,163,200,42
human_120_805_5_3_200_172.csv,120,805,5,3,200,172,200,42
human_120_8060_6_27_200_173.csv,120,8060,6,27,200,173,200,42
human_120_8061_6_27_200_159.csv,120,8061,6,27,200,159,200,42
human_120_8062_6_27_200_168.csv,120,8062,6,27,200,168,200,42
human_120_8063_6_27_200_165.csv,120,8063,6,27,200,165,200,42
human_120_8064_6_27_200_153.csv,120,8064,6,27,200,153,200,42
human_120_8065_6_27_200_150.csv,120,8065,6,27,200,150,200,42
human_120_8066_6_27_200_168.csv,120,8066,6,27,200,168,200,42
human_120_8067_6_27_200_178.csv,120,8067,6,27,200,178,200,42
human_120_8068_6_27_200_159.csv,120,8068,6,27,200,159,200,42
human_120_8069_6_27_200_154.csv,120,8069,6,27,200,154,200,42
human_120_806_5_3_200_175.csv,120,806,5,3,200,175,200,42
human_120_8070_6_27_200_179.csv,120,8070,6,27,200,179,200,42
human_120_8071_6_27_200_162.csv,120,8071,6,27,200,162,200,42
human_120_8072_6_27_200_181.csv,120,8072,6,27,200,181,200,42
human_120_8073_6_27_200_173.csv,120,8073,6,27,200,173,200,42
human_120_8074_6_27_200_165.csv,120,8074,6,27,200,165,200,42
human_120_8075_6_27_200_158.csv,120,8075,6,27,200,158,200,42
human_120_8076_6_27_200_147.csv,120,8076,6,27,200,147,200,42
human_120_8077_6_27_200_145.csv,120,8077,6,27,200,145,200,42
human_120_8078_6_27_200_157.csv,120,8078,6,27,200,157,200,42
human_120_8079_6_27_200_152.csv,120,8079,6,27,200,152,200,42
human_120_807_5_3_200_180.csv,120,807,5,3,200,180,200,42
human_120_8080_6_27_200_160.csv,120,8080,6,27,200,160,200,42
human_120_8081_6_27_200_144.csv,120,8081,6,27,200,144,200,42
human_120_8082_6_27_200_167.csv,120,8082,6,27,200,167,200,42
human_120_8083_6_27_200_164.csv,120,8083,6,27,200,164,200,42
human_120_8084_6_27_200_149.csv,120,8084,6,27,200,149,200,42
human_120_8085_6_27_200_167.csv,120,8085,6,27,200,167,200,42
human_120_8086_6_27_200_168.csv,120,8086,6,27,200,168,200,42
human_120_8087_6_27_200_154.csv,120,8087,6,27,200,154,200,42
human_120_8088_6_27_200_156.csv,120,8088,6,27,200,156,200,42
human_120_8089_6_27_200_164.csv,120,8089,6,27,200,164,200,42
human_120_808_5_3_200_173.csv,120,808,5,3,200,173,200,42
human_120_8090_6_27_200_160.csv,120,8090,6,27,200,160,200,42
human_120_8091_6_27_200_166.csv,120,8091,6,27,200,166,200,42
human_120_8092_6_27_200_150.csv,120,8092,6,27,200,150,200,42
human_120_8093_6_27_200_156.csv,120,8093,6,27,200,156,200,42
human_120_8094_6_27_200_169.csv,120,8094,6,27,200,169,200,42
human_120_8095_6_27_200_165.csv,120,8095,6,27,200,165,200,42
human_120_8096_6_27_200_174.csv,120,8096,6,27,200,174,200,42
human_120_8097_6_27_200_169.csv,120,8097,6,27,200,169,200,42
human_120_8098_6_27_200_163.csv,120,8098,6,27,200,163,200,42
human_120_8099_6_27_200_162.csv,120,8099,6,27,200,162,200,42
human_120_809_5_3_200_218.csv,120,809,5,3,200,218,200,42
human_120_80_2_1_200_193.csv,120,80,2,1,200,193,200,42
human_120_8100_6_27_200_170.csv,120,8100,6,27,200,170,200,42
human_120_8101_1_28_200_190.csv,120,8101,1,28,200,190,200,42
human_120_8102_1_28_200_198.csv,120,8102,1,28,200,198,200,42
human_120_8103_1_28_200_183.csv,120,8103,1,28,200,183,200,42
human_120_8104_1_28_200_178.csv,120,8104,1,28,200,178,200,42
human_120_8105_1_28_200_208.csv,120,8105,1,28,200,208,200,42
human_120_8106_1_28_200_177.csv,120,8106,1,28,200,177,200,42
human_120_8107_1_28_200_197.csv,120,8107,1,28,200,197,200,42
human_120_8108_1_28_200_192.csv,120,8108,1,28,200,192,200,42
human_120_8109_1_28_200_183.csv,120,8109,1,28,200,183,200,42
human_120_810_5_3_200_156.csv,120,810,5,3,200,156,200,42
human_120_8110_1_28_200_208.csv,120,8110,1,28,200,208,200,42
human_120_8111_1_28_200_186.csv,120,8111,1,28,200,186,200,42
human_120_8112_1_28_200_183.csv,120,8112,1,28,200,183,200,42
human_120_8113_1_28_200_171.csv,120,8113,1,28,200,171,200,42
human_120_8114_1_28_200_179.csv,120,8114,1,28,200,179,200,42
human_120_8115_1_28_200_193.csv,120,8115,1,28,200,193,200,42
human_120_8116_1_28_200_185.csv,120,8116,1,28,200,185,200,42
human_120_8117_1_28_200_183.csv,120,8117,1,28,200,183,200,42
human_120_8118_1_28_200_197.csv,120,8118,1,28,200,197,200,42
human_120_8119_1_28_200_166.csv,120,8119,1,28,200,166,200,42
human_120_811_5_3_200_171.csv,120,811,5,3,200,171,200,42
human_120_8120_1_28_200_210.csv,120,8120,1,28,200,210,200,42
human_120_8121_1_28_200_171.csv,120,8121,1,28,200,171,200,42
human_120_8122_1_28_200_192.csv,120,8122,1,28,200,192,200,42
human_120_8123_1_28_200_206.csv,120,8123,1,28,200,206,200,42
human_120_8124_1_28_200_193.csv,120,8124,1,28,200,193,200,42
human_120_8125_1_28_200_189.csv,120,8125,1,28,200,189,200,42
human_120_8126_1_28_200_163.csv,120,8126,1,28,200,163,200,42
human_120_8127_1_28_200_186.csv,120,8127,1,28,200,186,200,42
human_120_8128_1_28_200_199.csv,120,8128,1,28,200,199,200,42
human_120_8129_1_28_200_188.csv,120,8129,1,28,200,188,200,42
human_120_812_5_3_200_167.csv,120,812,5,3,200,167,200,42
human_120_8130_1_28_200_181.csv,120,8130,1,28,200,181,200,42
human_120_8131_1_28_200_186.csv,120,8131,1,28,200,186,200,42
human_120_8132_1_28_200_188.csv,120,8132,1,28,200,188,200,42
human_120_8133_1_28_200_182.csv,120,8133,1,28,200,182,200,42
human_120_8134_1_28_200_186.csv,120,8134,1,28,200,186,200,42
human_120_8135_1_28_200_175.csv,120,8135,1,28,200,175,200,42
human_120_8136_1_28_200_207.csv,120,8136,1,28,200,207,200,42
human_120_8137_1_28_200_179.csv,120,8137,1,28,200,179,200,42
human_120_8138_1_28_200_172.csv,120,8138,1,28,200,172,200,42
human_120_8139_1_28_200_191.csv,120,8139,1,28,200,191,200,42
human_120_813_5_3_200_177.csv,120,813,5,3,200,177,200,42
human_120_8140_1_28_200_183.csv,120,8140,1,28,200,183,200,42
human_120_8141_1_28_200_182.csv,120,8141,1,28,200,182,200,42
human_120_8142_1_28_200_193.csv,120,8142,1,28,200,193,200,42
human_120_8143_1_28_200_185.csv,120,8143,1,28,200,185,200,42
human_120_8144_1_28_200_196.csv,120,8144,1,28,200,196,200,42
human_120_8145_1_28_200_188.csv,120,8145,1,28,200,188,200,42
human_120_8146_1_28_200_187.csv,120,8146,1,28,200,187,200,42
human_120_8147_1_28_200_195.csv,120,8147,1,28,200,195,200,42
human_120_8148_1_28_200_185.csv,120,8148,1,28,200,185,200,42
human_120_8149_1_28_200_184.csv,120,8149,1,28,200,184,200,42
human_120_814_5_3_200_177.csv,120,814,5,3,200,177,200,42
human_120_8150_1_28_200_181.csv,120,8150,1,28,200,181,200,42
human_120_8151_2_28_200_200.csv,120,8151,2,28,200,200,200,42
human_120_8152_2_28_200_189.csv,120,8152,2,28,200,189,200,42
human_120_8153_2_28_200_203.csv,120,8153,2,28,200,203,200,42
human_120_8154_2_28_200_186.csv,120,8154,2,28,200,186,200,42
human_120_8155_2_28_200_194.csv,120,8155,2,28,200,194,200,42
human_120_8156_2_28_200_176.csv,120,8156,2,28,200,176,200,42
human_120_8157_2_28_200_193.csv,120,8157,2,28,200,193,200,42
human_120_8158_2_28_200_199.csv,120,8158,2,28,200,199,200,42
human_120_8159_2_28_200_193.csv,120,8159,2,28,200,193,200,42
human_120_815_5_3_200_211.csv,120,815,5,3,200,211,200,42
human_120_8160_2_28_200_194.csv,120,8160,2,28,200,194,200,42
human_120_8161_2_28_200_183.csv,120,8161,2,28,200,183,200,42
human_120_8162_2_28_200_193.csv,120,8162,2,28,200,193,200,42
human_120_8163_2_28_200_203.csv,120,8163,2,28,200,203,200,42
human_120_8164_2_28_200_185.csv,120,8164,2,28,200,185,200,42
human_120_8165_2_28_200_189.csv,120,8165,2,28,200,189,200,42
human_120_8166_2_28_200_184.csv,120,8166,2,28,200,184,200,42
human_120_8167_2_28_200_192.csv,120,8167,2,28,200,192,200,42
human_120_8168_2_28_200_179.csv,120,8168,2,28,200,179,200,42
human_120_8169_2_28_200_184.csv,120,8169,2,28,200,184,200,42
human_120_816_5_3_200_205.csv,120,816,5,3,200,205,200,42
human_120_8170_2_28_200_186.csv,120,8170,2,28,200,186,200,42
human_120_8171_2_28_200_180.csv,120,8171,2,28,200,180,200,42
human_120_8172_2_28_200_174.csv,120,8172,2,28,200,174,200,42
human_120_8173_2_28_200_196.csv,120,8173,2,28,200,196,200,42
human_120_8174_2_28_200_176.csv,120,8174,2,28,200,176,200,42
human_120_8175_2_28_200_215.csv,120,8175,2,28,200,215,200,42
human_120_8176_2_28_200_193.csv,120,8176,2,28,200,193,200,42
human_120_8177_2_28_200_188.csv,120,8177,2,28,200,188,200,42
human_120_8178_2_28_200_191.csv,120,8178,2,28,200,191,200,42
human_120_8179_2_28_200_179.csv,120,8179,2,28,200,179,200,42
human_120_817_5_3_200_189.csv,120,817,5,3,200,189,200,42
human_120_8180_2_28_200_191.csv,120,8180,2,28,200,191,200,42
human_120_8181_2_28_200_188.csv,120,8181,2,28,200,188,200,42
human_120_8182_2_28_200_193.csv,120,8182,2,28,200,193,200,42
human_120_8183_2_28_200_186.csv,120,8183,2,28,200,186,200,42
human_120_8184_2_28_200_186.csv,120,8184,2,28,200,186,200,42
human_120_8185_2_28_200_183.csv,120,8185,2,28,200,183,200,42
human_120_8186_2_28_200_178.csv,120,8186,2,28,200,178,200,42
human_120_8187_2_28_200_189.csv,120,8187,2,28,200,189,200,42
human_120_8188_2_28_200_186.csv,120,8188,2,28,200,186,200,42
human_120_8189_2_28_200_177.csv,120,8189,2,28,200,177,200,42
human_120_818_5_3_200_186.csv,120,818,5,3,200,186,200,42
human_120_8190_2_28_200_188.csv,120,8190,2,28,200,188,200,42
human_120_8191_2_28_200_181.csv,120,8191,2,28,200,181,200,42
human_120_8192_2_28_200_190.csv,120,8192,2,28,200,190,200,42
human_120_8193_2_28_200_187.csv,120,8193,2,28,200,187,200,42
human_120_8194_2_28_200_187.csv,120,8194,2,28,200,187,200,42
human_120_8195_2_28_200_180.csv,120,8195,2,28,200,180,200,42
human_120_8196_2_28_200_184.csv,120,8196,2,28,200,184,200,42
human_120_8197_2_28_200_175.csv,120,8197,2,28,200,175,200,42
human_120_8198_2_28_200_199.csv,120,8198,2,28,200,199,200,42
human_120_8199_2_28_200_168.csv,120,8199,2,28,200,168,200,42
human_120_819_5_3_200_194.csv,120,819,5,3,200,194,200,42
human_120_81_2_1_200_203.csv,120,81,2,1,200,203,200,42
human_120_8200_2_28_200_198.csv,120,8200,2,28,200,198,200,42
human_120_8201_3_28_200_194.csv,120,8201,3,28,200,194,200,42
human_120_8202_3_28_200_187.csv,120,8202,3,28,200,187,200,42
human_120_8203_3_28_200_203.csv,120,8203,3,28,200,203,200,42
human_120_8204_3_28_200_181.csv,120,8204,3,28,200,181,200,42
human_120_8205_3_28_200_189.csv,120,8205,3,28,200,189,200,42
human_120_8206_3_28_200_180.csv,120,8206,3,28,200,180,200,42
human_120_8207_3_28_200_185.csv,120,8207,3,28,200,185,200,42
human_120_8208_3_28_200_182.csv,120,8208,3,28,200,182,200,42
human_120_8209_3_28_200_202.csv,120,8209,3,28,200,202,200,42
human_120_820_5_3_200_177.csv,120,820,5,3,200,177,200,42
human_120_8210_3_28_200_181.csv,120,8210,3,28,200,181,200,42
human_120_8211_3_28_200_189.csv,120,8211,3,28,200,189,200,42
human_120_8212_3_28_200_185.csv,120,8212,3,28,200,185,200,42
human_120_8213_3_28_200_193.csv,120,8213,3,28,200,193,200,42
human_120_8214_3_28_200_191.csv,120,8214,3,28,200,191,200,42
human_120_8215_3_28_200_201.csv,120,8215,3,28,200,201,200,42
human_120_8216_3_28_200_200.csv,120,8216,3,28,200,200,200,42
human_120_8217_3_28_200_194.csv,120,8217,3,28,200,194,200,42
human_120_8218_3_28_200_190.csv,120,8218,3,28,200,190,200,42
human_120_8219_3_28_200_188.csv,120,8219,3,28,200,188,200,42
human_120_821_5_3_200_174.csv,120,821,5,3,200,174,200,42
human_120_8220_3_28_200_188.csv,120,8220,3,28,200,188,200,42
human_120_8221_3_28_200_182.csv,120,8221,3,28,200,182,200,42
human_120_8222_3_28_200_193.csv,120,8222,3,28,200,193,200,42
human_120_8223_3_28_200_184.csv,120,8223,3,28,200,184,200,42
human_120_8224_3_28_200_187.csv,120,8224,3,28,200,187,200,42
human_120_8225_3_28_200_193.csv,120,8225,3,28,200,193,200,42
human_120_8226_3_28_200_186.csv,120,8226,3,28,200,186,200,42
human_120_8227_3_28_200_189.csv,120,8227,3,28,200,189,200,42
human_120_8228_3_28_200_187.csv,120,8228,3,28,200,187,200,42
human_120_8229_3_28_200_183.csv,120,8229,3,28,200,183,200,42
human_120_822_5_3_200_175.csv,120,822,5,3,200,175,200,42
human_120_8230_3_28_200_189.csv,120,8230,3,28,200,189,200,42
human_120_8231_3_28_200_193.csv,120,8231,3,28,200,193,200,42
human_120_8232_3_28_200_186.csv,120,8232,3,28,200,186,200,42
human_120_8233_3_28_200_196.csv,120,8233,3,28,200,196,200,42
human_120_8234_3_28_200_191.csv,120,8234,3,28,200,191,200,42
human_120_8235_3_28_200_188.csv,120,8235,3,28,200,188,200,42
human_120_8236_3_28_200_186.csv,120,8236,3,28,200,186,200,42
human_120_8237_3_28_200_185.csv,120,8237,3,28,200,185,200,42
human_120_8238_3_28_200_201.csv,120,8238,3,28,200,201,200,42
human_120_8239_3_28_200_198.csv,120,8239,3,28,200,198,200,42
human_120_823_5_3_200_175.csv,120,823,5,3,200,175,200,42
human_120_8240_3_28_200_186.csv,120,8240,3,28,200,186,200,42
human_120_8241_3_28_200_182.csv,120,8241,3,28,200,182,200,42
human_120_8242_3_28_200_189.csv,120,8242,3,28,200,189,200,42
human_120_8243_3_28_200_196.csv,120,8243,3,28,200,196,200,42
human_120_8244_3_28_200_185.csv,120,8244,3,28,200,185,200,42
human_120_8245_3_28_200_177.csv,120,8245,3,28,200,177,200,42
human_120_8246_3_28_200_193.csv,120,8246,3,28,200,193,200,42
human_120_8247_3_28_200_194.csv,120,8247,3,28,200,194,200,42
human_120_8248_3_28_200_187.csv,120,8248,3,28,200,187,200,42
human_120_8249_3_28_200_195.csv,120,8249,3,28,200,195,200,42
human_120_824_5_3_200_207.csv,120,824,5,3,200,207,200,42
human_120_8250_3_28_200_177.csv,120,8250,3,28,200,177,200,42
human_120_8251_4_28_200_187.csv,120,8251,4,28,200,187,200,42
human_120_8252_4_28_200_161.csv,120,8252,4,28,200,161,200,42
human_120_8253_4_28_200_181.csv,120,8253,4,28,200,181,200,42
human_120_8254_4_28_200_180.csv,120,8254,4,28,200,180,200,42
human_120_8255_4_28_200_189.csv,120,8255,4,28,200,189,200,42
human_120_8256_4_28_200_160.csv,120,8256,4,28,200,160,200,42
human_120_8257_4_28_200_180.csv,120,8257,4,28,200,180,200,42
human_120_8258_4_28_200_189.csv,120,8258,4,28,200,189,200,42
human_120_8259_4_28_200_176.csv,120,8259,4,28,200,176,200,42
human_120_825_5_3_200_160.csv,120,825,5,3,200,160,200,42
human_120_8260_4_28_200_166.csv,120,8260,4,28,200,166,200,42
human_120_8261_4_28_200_192.csv,120,8261,4,28,200,192,200,42
human_120_8262_4_28_200_186.csv,120,8262,4,28,200,186,200,42
human_120_8263_4_28_200_173.csv,120,8263,4,28,200,173,200,42
human_120_8264_4_28_200_171.csv,120,8264,4,28,200,171,200,42
human_120_8265_4_28_200_167.csv,120,8265,4,28,200,167,200,42
human_120_8266_4_28_200_192.csv,120,8266,4,28,200,192,200,42
human_120_8267_4_28_200_173.csv,120,8267,4,28,200,173,200,42
human_120_8268_4_28_200_167.csv,120,8268,4,28,200,167,200,42
human_120_8269_4_28_200_176.csv,120,8269,4,28,200,176,200,42
human_120_826_5_3_200_177.csv,120,826,5,3,200,177,200,42
human_120_8270_4_28_200_181.csv,120,8270,4,28,200,181,200,42
human_120_8271_4_28_200_176.csv,120,8271,4,28,200,176,200,42
human_120_8272_4_28_200_191.csv,120,8272,4,28,200,191,200,42
human_120_8273_4_28_200_172.csv,120,8273,4,28,200,172,200,42
human_120_8274_4_28_200_194.csv,120,8274,4,28,200,194,200,42
human_120_8275_4_28_200_179.csv,120,8275,4,28,200,179,200,42
human_120_8276_4_28_200_173.csv,120,8276,4,28,200,173,200,42
human_120_8277_4_28_200_176.csv,120,8277,4,28,200,176,200,42
human_120_8278_4_28_200_189.csv,120,8278,4,28,200,189,200,42
human_120_8279_4_28_200_188.csv,120,8279,4,28,200,188,200,42
human_120_827_5_3_200_160.csv,120,827,5,3,200,160,200,42
human_120_8280_4_28_200_175.csv,120,8280,4,28,200,175,200,42
human_120_8281_4_28_200_177.csv,120,8281,4,28,200,177,200,42
human_120_8282_4_28_200_195.csv,120,8282,4,28,200,195,200,42
human_120_8283_4_28_200_198.csv,120,8283,4,28,200,198,200,42
human_120_8284_4_28_200_167.csv,120,8284,4,28,200,167,200,42
human_120_8285_4_28_200_185.csv,120,8285,4,28,200,185,200,42
human_120_8286_4_28_200_189.csv,120,8286,4,28,200,189,200,42
human_120_8287_4_28_200_180.csv,120,8287,4,28,200,180,200,42
human_120_8288_4_28_200_198.csv,120,8288,4,28,200,198,200,42
human_120_8289_4_28_200_172.csv,120,8289,4,28,200,172,200,42
human_120_828_5_3_200_218.csv,120,828,5,3,200,218,200,42
human_120_8290_4_28_200_192.csv,120,8290,4,28,200,192,200,42
human_120_8291_4_28_200_176.csv,120,8291,4,28,200,176,200,42
human_120_8292_4_28_200_168.csv,120,8292,4,28,200,168,200,42
human_120_8293_4_28_200_192.csv,120,8293,4,28,200,192,200,42
human_120_8294_4_28_200_181.csv,120,8294,4,28,200,181,200,42
human_120_8295_4_28_200_182.csv,120,8295,4,28,200,182,200,42
human_120_8296_4_28_200_168.csv,120,8296,4,28,200,168,200,42
human_120_8297_4_28_200_185.csv,120,8297,4,28,200,185,200,42
human_120_8298_4_28_200_184.csv,120,8298,4,28,200,184,200,42
human_120_8299_4_28_200_171.csv,120,8299,4,28,200,171,200,42
human_120_829_5_3_200_202.csv,120,829,5,3,200,202,200,42
human_120_82_2_1_200_199.csv,120,82,2,1,200,199,200,42
human_120_8300_4_28_200_175.csv,120,8300,4,28,200,175,200,42
human_120_8301_5_28_200_193.csv,120,8301,5,28,200,193,200,42
human_120_8302_5_28_200_191.csv,120,8302,5,28,200,191,200,42
human_120_8303_5_28_200_179.csv,120,8303,5,28,200,179,200,42
human_120_8304_5_28_200_179.csv,120,8304,5,28,200,179,200,42
human_120_8305_5_28_200_208.csv,120,8305,5,28,200,208,200,42
human_120_8306_5_28_200_189.csv,120,8306,5,28,200,189,200,42
human_120_8307_5_28_200_195.csv,120,8307,5,28,200,195,200,42
human_120_8308_5_28_200_194.csv,120,8308,5,28,200,194,200,42
human_120_8309_5_28_200_178.csv,120,8309,5,28,200,178,200,42
human_120_830_5_3_200_206.csv,120,830,5,3,200,206,200,42
human_120_8310_5_28_200_194.csv,120,8310,5,28,200,194,200,42
human_120_8311_5_28_200_177.csv,120,8311,5,28,200,177,200,42
human_120_8312_5_28_200_187.csv,120,8312,5,28,200,187,200,42
human_120_8313_5_28_200_186.csv,120,8313,5,28,200,186,200,42
human_120_8314_5_28_200_176.csv,120,8314,5,28,200,176,200,42
human_120_8315_5_28_200_180.csv,120,8315,5,28,200,180,200,42
human_120_8316_5_28_200_183.csv,120,8316,5,28,200,183,200,42
human_120_8317_5_28_200_177.csv,120,8317,5,28,200,177,200,42
human_120_8318_5_28_200_191.csv,120,8318,5,28,200,191,200,42
human_120_8319_5_28_200_200.csv,120,8319,5,28,200,200,200,42
human_120_831_5_3_200_204.csv,120,831,5,3,200,204,200,42
human_120_8320_5_28_200_177.csv,120,8320,5,28,200,177,200,42
human_120_8321_5_28_200_194.csv,120,8321,5,28,200,194,200,42
human_120_8322_5_28_200_175.csv,120,8322,5,28,200,175,200,42
human_120_8323_5_28_200_183.csv,120,8323,5,28,200,183,200,42
human_120_8324_5_28_200_195.csv,120,8324,5,28,200,195,200,42
human_120_8325_5_28_200_185.csv,120,8325,5,28,200,185,200,42
human_120_8326_5_28_200_186.csv,120,8326,5,28,200,186,200,42
human_120_8327_5_28_200_186.csv,120,8327,5,28,200,186,200,42
human_120_8328_5_28_200_177.csv,120,8328,5,28,200,177,200,42
human_120_8329_5_28_200_181.csv,120,8329,5,28,200,181,200,42
human_120_832_5_3_200_200.csv,120,832,5,3,200,200,200,42
human_120_8330_5_28_200_186.csv,120,8330,5,28,200,186,200,42
human_120_8331_5_28_200_182.csv,120,8331,5,28,200,182,200,42
human_120_8332_5_28_200_175.csv,120,8332,5,28,200,175,200,42
human_120_8333_5_28_200_205.csv,120,8333,5,28,200,205,200,42
human_120_8334_5_28_200_190.csv,120,8334,5,28,200,190,200,42
human_120_8335_5_28_200_185.csv,120,8335,5,28,200,185,200,42
human_120_8336_5_28_200_183.csv,120,8336,5,28,200,183,200,42
human_120_8337_5_28_200_187.csv,120,8337,5,28,200,187,200,42
human_120_8338_5_28_200_200.csv,120,8338,5,28,200,200,200,42
human_120_8339_5_28_200_197.csv,120,8339,5,28,200,197,200,42
human_120_833_5_3_200_162.csv,120,833,5,3,200,162,200,42
human_120_8340_5_28_200_193.csv,120,8340,5,28,200,193,200,42
human_120_8341_5_28_200_188.csv,120,8341,5,28,200,188,200,42
human_120_8342_5_28_200_201.csv,120,8342,5,28,200,201,200,42
human_120_8343_5_28_200_197.csv,120,8343,5,28,200,197,200,42
human_120_8344_5_28_200_196.csv,120,8344,5,28,200,196,200,42
human_120_8345_5_28_200_195.csv,120,8345,5,28,200,195,200,42
human_120_8346_5_28_200_203.csv,120,8346,5,28,200,203,200,42
human_120_8347_5_28_200_181.csv,120,8347,5,28,200,181,200,42
human_120_8348_5_28_200_182.csv,120,8348,5,28,200,182,200,42
human_120_8349_5_28_200_188.csv,120,8349,5,28,200,188,200,42
human_120_834_5_3_200_224.csv,120,834,5,3,200,224,200,42
human_120_8350_5_28_200_192.csv,120,8350,5,28,200,192,200,42
human_120_8351_6_28_200_178.csv,120,8351,6,28,200,178,200,42
human_120_8352_6_28_200_177.csv,120,8352,6,28,200,177,200,42
human_120_8353_6_28_200_185.csv,120,8353,6,28,200,185,200,42
human_120_8354_6_28_200_189.csv,120,8354,6,28,200,189,200,42
human_120_8355_6_28_200_191.csv,120,8355,6,28,200,191,200,42
human_120_8356_6_28_200_187.csv,120,8356,6,28,200,187,200,42
human_120_8357_6_28_200_183.csv,120,8357,6,28,200,183,200,42
human_120_8358_6_28_200_187.csv,120,8358,6,28,200,187,200,42
human_120_8359_6_28_200_187.csv,120,8359,6,28,200,187,200,42
human_120_835_5_3_200_190.csv,120,835,5,3,200,190,200,42
human_120_8360_6_28_200_179.csv,120,8360,6,28,200,179,200,42
human_120_8361_6_28_200_188.csv,120,8361,6,28,200,188,200,42
human_120_8362_6_28_200_190.csv,120,8362,6,28,200,190,200,42
human_120_8363_6_28_200_189.csv,120,8363,6,28,200,189,200,42
human_120_8364_6_28_200_191.csv,120,8364,6,28,200,191,200,42
human_120_8365_6_28_200_192.csv,120,8365,6,28,200,192,200,42
human_120_8366_6_28_200_187.csv,120,8366,6,28,200,187,200,42
human_120_8367_6_28_200_184.csv,120,8367,6,28,200,184,200,42
human_120_8368_6_28_200_194.csv,120,8368,6,28,200,194,200,42
human_120_8369_6_28_200_185.csv,120,8369,6,28,200,185,200,42
human_120_836_5_3_200_197.csv,120,836,5,3,200,197,200,42
human_120_8370_6_28_200_195.csv,120,8370,6,28,200,195,200,42
human_120_8371_6_28_200_188.csv,120,8371,6,28,200,188,200,42
human_120_8372_6_28_200_187.csv,120,8372,6,28,200,187,200,42
human_120_8373_6_28_200_193.csv,120,8373,6,28,200,193,200,42
human_120_8374_6_28_200_186.csv,120,8374,6,28,200,186,200,42
human_120_8375_6_28_200_188.csv,120,8375,6,28,200,188,200,42
human_120_8376_6_28_200_181.csv,120,8376,6,28,200,181,200,42
human_120_8377_6_28_200_185.csv,120,8377,6,28,200,185,200,42
human_120_8378_6_28_200_191.csv,120,8378,6,28,200,191,200,42
human_120_8379_6_28_200_198.csv,120,8379,6,28,200,198,200,42
human_120_837_5_3_200_204.csv,120,837,5,3,200,204,200,42
human_120_8380_6_28_200_186.csv,120,8380,6,28,200,186,200,42
human_120_8381_6_28_200_192.csv,120,8381,6,28,200,192,200,42
human_120_8382_6_28_200_184.csv,120,8382,6,28,200,184,200,42
human_120_8383_6_28_200_180.csv,120,8383,6,28,200,180,200,42
human_120_8384_6_28_200_189.csv,120,8384,6,28,200,189,200,42
human_120_8385_6_28_200_185.csv,120,8385,6,28,200,185,200,42
human_120_8386_6_28_200_187.csv,120,8386,6,28,200,187,200,42
human_120_8387_6_28_200_173.csv,120,8387,6,28,200,173,200,42
human_120_8388_6_28_200_188.csv,120,8388,6,28,200,188,200,42
human_120_8389_6_28_200_185.csv,120,8389,6,28,200,185,200,42
human_120_838_5_3_200_159.csv,120,838,5,3,200,159,200,42
human_120_8390_6_28_200_181.csv,120,8390,6,28,200,181,200,42
human_120_8391_6_28_200_191.csv,120,8391,6,28,200,191,200,42
human_120_8392_6_28_200_194.csv,120,8392,6,28,200,194,200,42
human_120_8393_6_28_200_189.csv,120,8393,6,28,200,189,200,42
human_120_8394_6_28_200_194.csv,120,8394,6,28,200,194,200,42
human_120_8395_6_28_200_187.csv,120,8395,6,28,200,187,200,42
human_120_8396_6_28_200_185.csv,120,8396,6,28,200,185,200,42
human_120_8397_6_28_200_190.csv,120,8397,6,28,200,190,200,42
human_120_8398_6_28_200_189.csv,120,8398,6,28,200,189,200,42
human_120_8399_6_28_200_195.csv,120,8399,6,28,200,195,200,42
human_120_839_5_3_200_171.csv,120,839,5,3,200,171,200,42
human_120_83_2_1_200_201.csv,120,83,2,1,200,201,200,42
human_120_8400_6_28_200_190.csv,120,8400,6,28,200,190,200,42
human_120_8401_1_29_200_179.csv,120,8401,1,29,200,179,200,42
human_120_8402_1_29_200_175.csv,120,8402,1,29,200,175,200,42
human_120_8403_1_29_200_162.csv,120,8403,1,29,200,162,200,42
human_120_8404_1_29_200_182.csv,120,8404,1,29,200,182,200,42
human_120_8405_1_29_200_162.csv,120,8405,1,29,200,162,200,42
human_120_8406_1_29_200_195.csv,120,8406,1,29,200,195,200,42
human_120_8407_1_29_200_178.csv,120,8407,1,29,200,178,200,42
human_120_8408_1_29_200_191.csv,120,8408,1,29,200,191,200,42
human_120_8409_1_29_200_185.csv,120,8409,1,29,200,185,200,42
human_120_840_5_3_200_218.csv,120,840,5,3,200,218,200,42
human_120_8410_1_29_200_185.csv,120,8410,1,29,200,185,200,42
human_120_8411_1_29_200_162.csv,120,8411,1,29,200,162,200,42
human_120_8412_1_29_200_162.csv,120,8412,1,29,200,162,200,42
human_120_8413_1_29_200_157.csv,120,8413,1,29,200,157,200,42
human_120_8414_1_29_200_149.csv,120,8414,1,29,200,149,200,42
human_120_8415_1_29_200_183.csv,120,8415,1,29,200,183,200,42
human_120_8416_1_29_200_184.csv,120,8416,1,29,200,184,200,42
human_120_8417_1_29_200_174.csv,120,8417,1,29,200,174,200,42
human_120_8418_1_29_200_186.csv,120,8418,1,29,200,186,200,42
human_120_8419_1_29_200_183.csv,120,8419,1,29,200,183,200,42
human_120_841_5_3_200_150.csv,120,841,5,3,200,150,200,42
human_120_8420_1_29_200_178.csv,120,8420,1,29,200,178,200,42
human_120_8421_1_29_200_204.csv,120,8421,1,29,200,204,200,42
human_120_8422_1_29_200_181.csv,120,8422,1,29,200,181,200,42
human_120_8423_1_29_200_177.csv,120,8423,1,29,200,177,200,42
human_120_8424_1_29_200_165.csv,120,8424,1,29,200,165,200,42
human_120_8425_1_29_200_183.csv,120,8425,1,29,200,183,200,42
human_120_8426_1_29_200_169.csv,120,8426,1,29,200,169,200,42
human_120_8427_1_29_200_193.csv,120,8427,1,29,200,193,200,42
human_120_8428_1_29_200_170.csv,120,8428,1,29,200,170,200,42
human_120_8429_1_29_200_173.csv,120,8429,1,29,200,173,200,42
human_120_842_5_3_200_177.csv,120,842,5,3,200,177,200,42
human_120_8430_1_29_200_182.csv,120,8430,1,29,200,182,200,42
human_120_8431_1_29_200_180.csv,120,8431,1,29,200,180,200,42
human_120_8432_1_29_200_170.csv,120,8432,1,29,200,170,200,42
human_120_8433_1_29_200_199.csv,120,8433,1,29,200,199,200,42
human_120_8434_1_29_200_167.csv,120,8434,1,29,200,167,200,42
human_120_8435_1_29_200_164.csv,120,8435,1,29,200,164,200,42
human_120_8436_1_29_200_199.csv,120,8436,1,29,200,199,200,42
human_120_8437_1_29_200_183.csv,120,8437,1,29,200,183,200,42
human_120_8438_1_29_200_175.csv,120,8438,1,29,200,175,200,42
human_120_8439_1_29_200_185.csv,120,8439,1,29,200,185,200,42
human_120_843_5_3_200_180.csv,120,843,5,3,200,180,200,42
human_120_8440_1_29_200_180.csv,120,8440,1,29,200,180,200,42
human_120_8441_1_29_200_180.csv,120,8441,1,29,200,180,200,42
human_120_8442_1_29_200_174.csv,120,8442,1,29,200,174,200,42
human_120_8443_1_29_200_183.csv,120,8443,1,29,200,183,200,42
human_120_8444_1_29_200_180.csv,120,8444,1,29,200,180,200,42
human_120_8445_1_29_200_184.csv,120,8445,1,29,200,184,200,42
human_120_8446_1_29_200_191.csv,120,8446,1,29,200,191,200,42
human_120_8447_1_29_200_175.csv,120,8447,1,29,200,175,200,42
human_120_8448_1_29_200_197.csv,120,8448,1,29,200,197,200,42
human_120_8449_1_29_200_191.csv,120,8449,1,29,200,191,200,42
human_120_844_5_3_200_148.csv,120,844,5,3,200,148,200,42
human_120_8450_1_29_200_188.csv,120,8450,1,29,200,188,200,42
human_120_8451_2_29_200_192.csv,120,8451,2,29,200,192,200,42
human_120_8452_2_29_200_195.csv,120,8452,2,29,200,195,200,42
human_120_8453_2_29_200_200.csv,120,8453,2,29,200,200,200,42
human_120_8454_2_29_200_196.csv,120,8454,2,29,200,196,200,42
human_120_8455_2_29_200_206.csv,120,8455,2,29,200,206,200,42
human_120_8456_2_29_200_198.csv,120,8456,2,29,200,198,200,42
human_120_8457_2_29_200_203.csv,120,8457,2,29,200,203,200,42
human_120_8458_2_29_200_202.csv,120,8458,2,29,200,202,200,42
human_120_8459_2_29_200_197.csv,120,8459,2,29,200,197,200,42
human_120_845_5_3_200_173.csv,120,845,5,3,200,173,200,42
human_120_8460_2_29_200_208.csv,120,8460,2,29,200,208,200,42
human_120_8461_2_29_200_202.csv,120,8461,2,29,200,202,200,42
human_120_8462_2_29_200_195.csv,120,8462,2,29,200,195,200,42
human_120_8463_2_29_200_200.csv,120,8463,2,29,200,200,200,42
human_120_8464_2_29_200_191.csv,120,8464,2,29,200,191,200,42
human_120_8465_2_29_200_199.csv,120,8465,2,29,200,199,200,42
human_120_8466_2_29_200_198.csv,120,8466,2,29,200,198,200,42
human_120_8467_2_29_200_190.csv,120,8467,2,29,200,190,200,42
human_120_8468_2_29_200_206.csv,120,8468,2,29,200,206,200,42
human_120_8469_2_29_200_217.csv,120,8469,2,29,200,217,200,42
human_120_846_5_3_200_169.csv,120,846,5,3,200,169,200,42
human_120_8470_2_29_200_191.csv,120,8470,2,29,200,191,200,42
human_120_8471_2_29_200_204.csv,120,8471,2,29,200,204,200,42
human_120_8472_2_29_200_198.csv,120,8472,2,29,200,198,200,42
human_120_8473_2_29_200_191.csv,120,8473,2,29,200,191,200,42
human_120_8474_2_29_200_206.csv,120,8474,2,29,200,206,200,42
human_120_8475_2_29_200_190.csv,120,8475,2,29,200,190,200,42
human_120_8476_2_29_200_198.csv,120,8476,2,29,200,198,200,42
human_120_8477_2_29_200_199.csv,120,8477,2,29,200,199,200,42
human_120_8478_2_29_200_197.csv,120,8478,2,29,200,197,200,42
human_120_8479_2_29_200_188.csv,120,8479,2,29,200,188,200,42
human_120_847_5_3_200_164.csv,120,847,5,3,200,164,200,42
human_120_8480_2_29_200_195.csv,120,8480,2,29,200,195,200,42
human_120_8481_2_29_200_193.csv,120,8481,2,29,200,193,200,42
human_120_8482_2_29_200_197.csv,120,8482,2,29,200,197,200,42
human_120_8483_2_29_200_188.csv,120,8483,2,29,200,188,200,42
human_120_8484_2_29_200_192.csv,120,8484,2,29,200,192,200,42
human_120_8485_2_29_200_201.csv,120,8485,2,29,200,201,200,42
human_120_8486_2_29_200_189.csv,120,8486,2,29,200,189,200,42
human_120_8487_2_29_200_201.csv,120,8487,2,29,200,201,200,42
human_120_8488_2_29_200_199.csv,120,8488,2,29,200,199,200,42
human_120_8489_2_29_200_201.csv,120,8489,2,29,200,201,200,42
human_120_848_5_3_200_182.csv,120,848,5,3,200,182,200,42
human_120_8490_2_29_200_197.csv,120,8490,2,29,200,197,200,42
human_120_8491_2_29_200_197.csv,120,8491,2,29,200,197,200,42
human_120_8492_2_29_200_192.csv,120,8492,2,29,200,192,200,42
human_120_8493_2_29_200_195.csv,120,8493,2,29,200,195,200,42
human_120_8494_2_29_200_198.csv,120,8494,2,29,200,198,200,42
human_120_8495_2_29_200_202.csv,120,8495,2,29,200,202,200,42
human_120_8496_2_29_200_197.csv,120,8496,2,29,200,197,200,42
human_120_8497_2_29_200_206.csv,120,8497,2,29,200,206,200,42
human_120_8498_2_29_200_184.csv,120,8498,2,29,200,184,200,42
human_120_8499_2_29_200_201.csv,120,8499,2,29,200,201,200,42
human_120_849_5_3_200_156.csv,120,849,5,3,200,156,200,42
human_120_84_2_1_200_193.csv,120,84,2,1,200,193,200,42
human_120_8500_2_29_200_186.csv,120,8500,2,29,200,186,200,42
human_120_8501_3_29_200_158.csv,120,8501,3,29,200,158,200,42
human_120_8502_3_29_200_180.csv,120,8502,3,29,200,180,200,42
human_120_8503_3_29_200_183.csv,120,8503,3,29,200,183,200,42
human_120_8504_3_29_200_197.csv,120,8504,3,29,200,197,200,42
human_120_8505_3_29_200_179.csv,120,8505,3,29,200,179,200,42
human_120_8506_3_29_200_199.csv,120,8506,3,29,200,199,200,42
human_120_8507_3_29_200_207.csv,120,8507,3,29,200,207,200,42
human_120_8508_3_29_200_194.csv,120,8508,3,29,200,194,200,42
human_120_8509_3_29_200_200.csv,120,8509,3,29,200,200,200,42
human_120_850_5_3_200_177.csv,120,850,5,3,200,177,200,42
human_120_8510_3_29_200_183.csv,120,8510,3,29,200,183,200,42
human_120_8511_3_29_200_200.csv,120,8511,3,29,200,200,200,42
human_120_8512_3_29_200_201.csv,120,8512,3,29,200,201,200,42
human_120_8513_3_29_200_195.csv,120,8513,3,29,200,195,200,42
human_120_8514_3_29_200_203.csv,120,8514,3,29,200,203,200,42
human_120_8515_3_29_200_192.csv,120,8515,3,29,200,192,200,42
human_120_8516_3_29_200_200.csv,120,8516,3,29,200,200,200,42
human_120_8517_3_29_200_203.csv,120,8517,3,29,200,203,200,42
human_120_8518_3_29_200_190.csv,120,8518,3,29,200,190,200,42
human_120_8519_3_29_200_178.csv,120,8519,3,29,200,178,200,42
human_120_851_6_3_200_180.csv,120,851,6,3,200,180,200,42
human_120_8520_3_29_200_181.csv,120,8520,3,29,200,181,200,42
human_120_8521_3_29_200_205.csv,120,8521,3,29,200,205,200,42
human_120_8522_3_29_200_194.csv,120,8522,3,29,200,194,200,42
human_120_8523_3_29_200_190.csv,120,8523,3,29,200,190,200,42
human_120_8524_3_29_200_193.csv,120,8524,3,29,200,193,200,42
human_120_8525_3_29_200_207.csv,120,8525,3,29,200,207,200,42
human_120_8526_3_29_200_198.csv,120,8526,3,29,200,198,200,42
human_120_8527_3_29_200_191.csv,120,8527,3,29,200,191,200,42
human_120_8528_3_29_200_193.csv,120,8528,3,29,200,193,200,42
human_120_8529_3_29_200_188.csv,120,8529,3,29,200,188,200,42
human_120_852_6_3_200_192.csv,120,852,6,3,200,192,200,42
human_120_8530_3_29_200_205.csv,120,8530,3,29,200,205,200,42
human_120_8531_3_29_200_200.csv,120,8531,3,29,200,200,200,42
human_120_8532_3_29_200_191.csv,120,8532,3,29,200,191,200,42
human_120_8533_3_29_200_191.csv,120,8533,3,29,200,191,200,42
human_120_8534_3_29_200_182.csv,120,8534,3,29,200,182,200,42
human_120_8535_3_29_200_200.csv,120,8535,3,29,200,200,200,42
human_120_8536_3_29_200_199.csv,120,8536,3,29,200,199,200,42
human_120_8537_3_29_200_206.csv,120,8537,3,29,200,206,200,42
human_120_8538_3_29_200_195.csv,120,8538,3,29,200,195,200,42
human_120_8539_3_29_200_203.csv,120,8539,3,29,200,203,200,42
human_120_853_6_3_200_185.csv,120,853,6,3,200,185,200,42
human_120_8540_3_29_200_196.csv,120,8540,3,29,200,196,200,42
human_120_8541_3_29_200_191.csv,120,8541,3,29,200,191,200,42
human_120_8542_3_29_200_194.csv,120,8542,3,29,200,194,200,42
human_120_8543_3_29_200_195.csv,120,8543,3,29,200,195,200,42
human_120_8544_3_29_200_183.csv,120,8544,3,29,200,183,200,42
human_120_8545_3_29_200_185.csv,120,8545,3,29,200,185,200,42
human_120_8546_3_29_200_191.csv,120,8546,3,29,200,191,200,42
human_120_8547_3_29_200_198.csv,120,8547,3,29,200,198,200,42
human_120_8548_3_29_200_183.csv,120,8548,3,29,200,183,200,42
human_120_8549_3_29_200_199.csv,120,8549,3,29,200,199,200,42
human_120_854_6_3_200_201.csv,120,854,6,3,200,201,200,42
human_120_8550_3_29_200_190.csv,120,8550,3,29,200,190,200,42
human_120_8551_4_29_200_149.csv,120,8551,4,29,200,149,200,42
human_120_8552_4_29_200_148.csv,120,8552,4,29,200,148,200,42
human_120_8553_4_29_200_144.csv,120,8553,4,29,200,144,200,42
human_120_8554_4_29_200_158.csv,120,8554,4,29,200,158,200,42
human_120_8555_4_29_200_161.csv,120,8555,4,29,200,161,200,42
human_120_8556_4_29_200_168.csv,120,8556,4,29,200,168,200,42
human_120_8557_4_29_200_157.csv,120,8557,4,29,200,157,200,42
human_120_8558_4_29_200_164.csv,120,8558,4,29,200,164,200,42
human_120_8559_4_29_200_173.csv,120,8559,4,29,200,173,200,42
human_120_855_6_3_200_189.csv,120,855,6,3,200,189,200,42
human_120_8560_4_29_200_164.csv,120,8560,4,29,200,164,200,42
human_120_8561_4_29_200_170.csv,120,8561,4,29,200,170,200,42
human_120_8562_4_29_200_168.csv,120,8562,4,29,200,168,200,42
human_120_8563_4_29_200_151.csv,120,8563,4,29,200,151,200,42
human_120_8564_4_29_200_174.csv,120,8564,4,29,200,174,200,42
human_120_8565_4_29_200_151.csv,120,8565,4,29,200,151,200,42
human_120_8566_4_29_200_151.csv,120,8566,4,29,200,151,200,42
human_120_8567_4_29_200_173.csv,120,8567,4,29,200,173,200,42
human_120_8568_4_29_200_173.csv,120,8568,4,29,200,173,200,42
human_120_8569_4_29_200_177.csv,120,8569,4,29,200,177,200,42
human_120_856_6_3_200_192.csv,120,856,6,3,200,192,200,42
human_120_8570_4_29_200_164.csv,120,8570,4,29,200,164,200,42
human_120_8571_4_29_200_190.csv,120,8571,4,29,200,190,200,42
human_120_8572_4_29_200_191.csv,120,8572,4,29,200,191,200,42
human_120_8573_4_29_200_177.csv,120,8573,4,29,200,177,200,42
human_120_8574_4_29_200_164.csv,120,8574,4,29,200,164,200,42
human_120_8575_4_29_200_141.csv,120,8575,4,29,200,141,200,42
human_120_8576_4_29_200_163.csv,120,8576,4,29,200,163,200,42
human_120_8577_4_29_200_158.csv,120,8577,4,29,200,158,200,42
human_120_8578_4_29_200_190.csv,120,8578,4,29,200,190,200,42
human_120_8579_4_29_200_174.csv,120,8579,4,29,200,174,200,42
human_120_857_6_3_200_204.csv,120,857,6,3,200,204,200,42
human_120_8580_4_29_200_173.csv,120,8580,4,29,200,173,200,42
human_120_8581_4_29_200_178.csv,120,8581,4,29,200,178,200,42
human_120_8582_4_29_200_179.csv,120,8582,4,29,200,179,200,42
human_120_8583_4_29_200_174.csv,120,8583,4,29,200,174,200,42
human_120_8584_4_29_200_182.csv,120,8584,4,29,200,182,200,42
human_120_8585_4_29_200_179.csv,120,8585,4,29,200,179,200,42
human_120_8586_4_29_200_184.csv,120,8586,4,29,200,184,200,42
human_120_8587_4_29_200_167.csv,120,8587,4,29,200,167,200,42
human_120_8588_4_29_200_185.csv,120,8588,4,29,200,185,200,42
human_120_8589_4_29_200_152.csv,120,8589,4,29,200,152,200,42
human_120_858_6_3_200_191.csv,120,858,6,3,200,191,200,42
human_120_8590_4_29_200_152.csv,120,8590,4,29,200,152,200,42
human_120_8591_4_29_200_187.csv,120,8591,4,29,200,187,200,42
human_120_8592_4_29_200_155.csv,120,8592,4,29,200,155,200,42
human_120_8593_4_29_200_176.csv,120,8593,4,29,200,176,200,42
human_120_8594_4_29_200_163.csv,120,8594,4,29,200,163,200,42
human_120_8595_4_29_200_180.csv,120,8595,4,29,200,180,200,42
human_120_8596_4_29_200_168.csv,120,8596,4,29,200,168,200,42
human_120_8597_4_29_200_173.csv,120,8597,4,29,200,173,200,42
human_120_8598_4_29_200_161.csv,120,8598,4,29,200,161,200,42
human_120_8599_4_29_200_176.csv,120,8599,4,29,200,176,200,42
human_120_859_6_3_200_196.csv,120,859,6,3,200,196,200,42
human_120_85_2_1_200_195.csv,120,85,2,1,200,195,200,42
human_120_8600_4_29_200_176.csv,120,8600,4,29,200,176,200,42
human_120_8601_5_29_200_209.csv,120,8601,5,29,200,209,200,42
human_120_8602_5_29_200_204.csv,120,8602,5,29,200,204,200,42
human_120_8603_5_29_200_185.csv,120,8603,5,29,200,185,200,42
human_120_8604_5_29_200_180.csv,120,8604,5,29,200,180,200,42
human_120_8605_5_29_200_193.csv,120,8605,5,29,200,193,200,42
human_120_8606_5_29_200_199.csv,120,8606,5,29,200,199,200,42
human_120_8607_5_29_200_193.csv,120,8607,5,29,200,193,200,42
human_120_8608_5_29_200_192.csv,120,8608,5,29,200,192,200,42
human_120_8609_5_29_200_186.csv,120,8609,5,29,200,186,200,42
human_120_860_6_3_200_198.csv,120,860,6,3,200,198,200,42
human_120_8610_5_29_200_210.csv,120,8610,5,29,200,210,200,42
human_120_8611_5_29_200_202.csv,120,8611,5,29,200,202,200,42
human_120_8612_5_29_200_184.csv,120,8612,5,29,200,184,200,42
human_120_8613_5_29_200_184.csv,120,8613,5,29,200,184,200,42
human_120_8614_5_29_200_191.csv,120,8614,5,29,200,191,200,42
human_120_8615_5_29_200_174.csv,120,8615,5,29,200,174,200,42
human_120_8616_5_29_200_181.csv,120,8616,5,29,200,181,200,42
human_120_8617_5_29_200_215.csv,120,8617,5,29,200,215,200,42
human_120_8618_5_29_200_188.csv,120,8618,5,29,200,188,200,42
human_120_8619_5_29_200_195.csv,120,8619,5,29,200,195,200,42
human_120_861_6_3_200_186.csv,120,861,6,3,200,186,200,42
human_120_8620_5_29_200_192.csv,120,8620,5,29,200,192,200,42
human_120_8621_5_29_200_162.csv,120,8621,5,29,200,162,200,42
human_120_8622_5_29_200_184.csv,120,8622,5,29,200,184,200,42
human_120_8623_5_29_200_208.csv,120,8623,5,29,200,208,200,42
human_120_8624_5_29_200_157.csv,120,8624,5,29,200,157,200,42
human_120_8625_5_29_200_190.csv,120,8625,5,29,200,190,200,42
human_120_8626_5_29_200_199.csv,120,8626,5,29,200,199,200,42
human_120_8627_5_29_200_175.csv,120,8627,5,29,200,175,200,42
human_120_8628_5_29_200_180.csv,120,8628,5,29,200,180,200,42
human_120_8629_5_29_200_183.csv,120,8629,5,29,200,183,200,42
human_120_862_6_3_200_206.csv,120,862,6,3,200,206,200,42
human_120_8630_5_29_200_174.csv,120,8630,5,29,200,174,200,42
human_120_8631_5_29_200_184.csv,120,8631,5,29,200,184,200,42
human_120_8632_5_29_200_209.csv,120,8632,5,29,200,209,200,42
human_120_8633_5_29_200_204.csv,120,8633,5,29,200,204,200,42
human_120_8634_5_29_200_185.csv,120,8634,5,29,200,185,200,42
human_120_8635_5_29_200_180.csv,120,8635,5,29,200,180,200,42
human_120_8636_5_29_200_193.csv,120,8636,5,29,200,193,200,42
human_120_8637_5_29_200_199.csv,120,8637,5,29,200,199,200,42
human_120_8638_5_29_200_193.csv,120,8638,5,29,200,193,200,42
human_120_8639_5_29_200_192.csv,120,8639,5,29,200,192,200,42
human_120_863_6_3_200_218.csv,120,863,6,3,200,218,200,42
human_120_8640_5_29_200_186.csv,120,8640,5,29,200,186,200,42
human_120_8641_5_29_200_210.csv,120,8641,5,29,200,210,200,42
human_120_8642_5_29_200_202.csv,120,8642,5,29,200,202,200,42
human_120_8643_5_29_200_184.csv,120,8643,5,29,200,184,200,42
human_120_8644_5_29_200_184.csv,120,8644,5,29,200,184,200,42
human_120_8645_5_29_200_191.csv,120,8645,5,29,200,191,200,42
human_120_8646_5_29_200_174.csv,120,8646,5,29,200,174,200,42
human_120_8647_5_29_200_181.csv,120,8647,5,29,200,181,200,42
human_120_8648_5_29_200_215.csv,120,8648,5,29,200,215,200,42
human_120_8649_5_29_200_188.csv,120,8649,5,29,200,188,200,42
human_120_864_6_3_200_156.csv,120,864,6,3,200,156,200,42
human_120_8650_5_29_200_195.csv,120,8650,5,29,200,195,200,42
human_120_8651_6_29_200_159.csv,120,8651,6,29,200,159,200,42
human_120_8652_6_29_200_185.csv,120,8652,6,29,200,185,200,42
human_120_8653_6_29_200_167.csv,120,8653,6,29,200,167,200,42
human_120_8654_6_29_200_170.csv,120,8654,6,29,200,170,200,42
human_120_8655_6_29_200_189.csv,120,8655,6,29,200,189,200,42
human_120_8656_6_29_200_186.csv,120,8656,6,29,200,186,200,42
human_120_8657_6_29_200_153.csv,120,8657,6,29,200,153,200,42
human_120_8658_6_29_200_170.csv,120,8658,6,29,200,170,200,42
human_120_8659_6_29_200_173.csv,120,8659,6,29,200,173,200,42
human_120_865_6_3_200_174.csv,120,865,6,3,200,174,200,42
human_120_8660_6_29_200_167.csv,120,8660,6,29,200,167,200,42
human_120_8661_6_29_200_162.csv,120,8661,6,29,200,162,200,42
human_120_8662_6_29_200_151.csv,120,8662,6,29,200,151,200,42
human_120_8663_6_29_200_183.csv,120,8663,6,29,200,183,200,42
human_120_8664_6_29_200_172.csv,120,8664,6,29,200,172,200,42
human_120_8665_6_29_200_168.csv,120,8665,6,29,200,168,200,42
human_120_8666_6_29_200_186.csv,120,8666,6,29,200,186,200,42
human_120_8667_6_29_200_165.csv,120,8667,6,29,200,165,200,42
human_120_8668_6_29_200_182.csv,120,8668,6,29,200,182,200,42
human_120_8669_6_29_200_172.csv,120,8669,6,29,200,172,200,42
human_120_866_6_3_200_185.csv,120,866,6,3,200,185,200,42
human_120_8670_6_29_200_197.csv,120,8670,6,29,200,197,200,42
human_120_8671_6_29_200_176.csv,120,8671,6,29,200,176,200,42
human_120_8672_6_29_200_190.csv,120,8672,6,29,200,190,200,42
human_120_8673_6_29_200_184.csv,120,8673,6,29,200,184,200,42
human_120_8674_6_29_200_181.csv,120,8674,6,29,200,181,200,42
human_120_8675_6_29_200_175.csv,120,8675,6,29,200,175,200,42
human_120_8676_6_29_200_197.csv,120,8676,6,29,200,197,200,42
human_120_8677_6_29_200_177.csv,120,8677,6,29,200,177,200,42
human_120_8678_6_29_200_175.csv,120,8678,6,29,200,175,200,42
human_120_8679_6_29_200_183.csv,120,8679,6,29,200,183,200,42
human_120_867_6_3_200_196.csv,120,867,6,3,200,196,200,42
human_120_8680_6_29_200_171.csv,120,8680,6,29,200,171,200,42
human_120_8681_6_29_200_171.csv,120,8681,6,29,200,171,200,42
human_120_8682_6_29_200_176.csv,120,8682,6,29,200,176,200,42
human_120_8683_6_29_200_178.csv,120,8683,6,29,200,178,200,42
human_120_8684_6_29_200_177.csv,120,8684,6,29,200,177,200,42
human_120_8685_6_29_200_185.csv,120,8685,6,29,200,185,200,42
human_120_8686_6_29_200_177.csv,120,8686,6,29,200,177,200,42
human_120_8687_6_29_200_147.csv,120,8687,6,29,200,147,200,42
human_120_8688_6_29_200_150.csv,120,8688,6,29,200,150,200,42
human_120_8689_6_29_200_157.csv,120,8689,6,29,200,157,200,42
human_120_868_6_3_200_179.csv,120,868,6,3,200,179,200,42
human_120_8690_6_29_200_173.csv,120,8690,6,29,200,173,200,42
human_120_8691_6_29_200_168.csv,120,8691,6,29,200,168,200,42
human_120_8692_6_29_200_179.csv,120,8692,6,29,200,179,200,42
human_120_8693_6_29_200_178.csv,120,8693,6,29,200,178,200,42
human_120_8694_6_29_200_170.csv,120,8694,6,29,200,170,200,42
human_120_8695_6_29_200_184.csv,120,8695,6,29,200,184,200,42
human_120_8696_6_29_200_189.csv,120,8696,6,29,200,189,200,42
human_120_8697_6_29_200_174.csv,120,8697,6,29,200,174,200,42
human_120_8698_6_29_200_181.csv,120,8698,6,29,200,181,200,42
human_120_8699_6_29_200_169.csv,120,8699,6,29,200,169,200,42
human_120_869_6_3_200_204.csv,120,869,6,3,200,204,200,42
human_120_86_2_1_200_190.csv,120,86,2,1,200,190,200,42
human_120_8700_6_29_200_154.csv,120,8700,6,29,200,154,200,42
human_120_8701_1_30_200_177.csv,120,8701,1,30,200,177,200,42
human_120_8702_1_30_200_186.csv,120,8702,1,30,200,186,200,42
human_120_8703_1_30_200_189.csv,120,8703,1,30,200,189,200,42
human_120_8704_1_30_200_185.csv,120,8704,1,30,200,185,200,42
human_120_8705_1_30_200_192.csv,120,8705,1,30,200,192,200,42
human_120_8706_1_30_200_175.csv,120,8706,1,30,200,175,200,42
human_120_8707_1_30_200_174.csv,120,8707,1,30,200,174,200,42
human_120_8708_1_30_200_176.csv,120,8708,1,30,200,176,200,42
human_120_8709_1_30_200_178.csv,120,8709,1,30,200,178,200,42
human_120_870_6_3_200_181.csv,120,870,6,3,200,181,200,42
human_120_8710_1_30_200_185.csv,120,8710,1,30,200,185,200,42
human_120_8711_1_30_200_182.csv,120,8711,1,30,200,182,200,42
human_120_8712_1_30_200_191.csv,120,8712,1,30,200,191,200,42
human_120_8713_1_30_200_180.csv,120,8713,1,30,200,180,200,42
human_120_8714_1_30_200_198.csv,120,8714,1,30,200,198,200,42
human_120_8715_1_30_200_188.csv,120,8715,1,30,200,188,200,42
human_120_8716_1_30_200_189.csv,120,8716,1,30,200,189,200,42
human_120_8717_1_30_200_175.csv,120,8717,1,30,200,175,200,42
human_120_8718_1_30_200_185.csv,120,8718,1,30,200,185,200,42
human_120_8719_1_30_200_188.csv,120,8719,1,30,200,188,200,42
human_120_871_6_3_200_192.csv,120,871,6,3,200,192,200,42
human_120_8720_1_30_200_177.csv,120,8720,1,30,200,177,200,42
human_120_8721_1_30_200_189.csv,120,8721,1,30,200,189,200,42
human_120_8722_1_30_200_175.csv,120,8722,1,30,200,175,200,42
human_120_8723_1_30_200_216.csv,120,8723,1,30,200,216,200,42
human_120_8724_1_30_200_188.csv,120,8724,1,30,200,188,200,42
human_120_8725_1_30_200_199.csv,120,8725,1,30,200,199,200,42
human_120_8726_1_30_200_187.csv,120,8726,1,30,200,187,200,42
human_120_8727_1_30_200_186.csv,120,8727,1,30,200,186,200,42
human_120_8728_1_30_200_188.csv,120,8728,1,30,200,188,200,42
human_120_8729_1_30_200_190.csv,120,8729,1,30,200,190,200,42
human_120_872_6_3_200_179.csv,120,872,6,3,200,179,200,42
human_120_8730_1_30_200_190.csv,120,8730,1,30,200,190,200,42
human_120_8731_1_30_200_174.csv,120,8731,1,30,200,174,200,42
human_120_8732_1_30_200_183.csv,120,8732,1,30,200,183,200,42
human_120_8733_1_30_200_183.csv,120,8733,1,30,200,183,200,42
human_120_8734_1_30_200_184.csv,120,8734,1,30,200,184,200,42
human_120_8735_1_30_200_181.csv,120,8735,1,30,200,181,200,42
human_120_8736_1_30_200_189.csv,120,8736,1,30,200,189,200,42
human_120_8737_1_30_200_190.csv,120,8737,1,30,200,190,200,42
human_120_8738_1_30_200_178.csv,120,8738,1,30,200,178,200,42
human_120_8739_1_30_200_166.csv,120,8739,1,30,200,166,200,42
human_120_873_6_3_200_184.csv,120,873,6,3,200,184,200,42
human_120_8740_1_30_200_195.csv,120,8740,1,30,200,195,200,42
human_120_8741_1_30_200_173.csv,120,8741,1,30,200,173,200,42
human_120_8742_1_30_200_190.csv,120,8742,1,30,200,190,200,42
human_120_8743_1_30_200_192.csv,120,8743,1,30,200,192,200,42
human_120_8744_1_30_200_191.csv,120,8744,1,30,200,191,200,42
human_120_8745_1_30_200_191.csv,120,8745,1,30,200,191,200,42
human_120_8746_1_30_200_190.csv,120,8746,1,30,200,190,200,42
human_120_8747_1_30_200_179.csv,120,8747,1,30,200,179,200,42
human_120_8748_1_30_200_194.csv,120,8748,1,30,200,194,200,42
human_120_8749_1_30_200_187.csv,120,8749,1,30,200,187,200,42
human_120_874_6_3_200_194.csv,120,874,6,3,200,194,200,42
human_120_8750_1_30_200_180.csv,120,8750,1,30,200,180,200,42
human_120_8751_2_30_200_183.csv,120,8751,2,30,200,183,200,42
human_120_8752_2_30_200_164.csv,120,8752,2,30,200,164,200,42
human_120_8753_2_30_200_177.csv,120,8753,2,30,200,177,200,42
human_120_8754_2_30_200_191.csv,120,8754,2,30,200,191,200,42
human_120_8755_2_30_200_182.csv,120,8755,2,30,200,182,200,42
human_120_8756_2_30_200_187.csv,120,8756,2,30,200,187,200,42
human_120_8757_2_30_200_189.csv,120,8757,2,30,200,189,200,42
human_120_8758_2_30_200_185.csv,120,8758,2,30,200,185,200,42
human_120_8759_2_30_200_183.csv,120,8759,2,30,200,183,200,42
human_120_875_6_3_200_191.csv,120,875,6,3,200,191,200,42
human_120_8760_2_30_200_188.csv,120,8760,2,30,200,188,200,42
human_120_8761_2_30_200_190.csv,120,8761,2,30,200,190,200,42
human_120_8762_2_30_200_191.csv,120,8762,2,30,200,191,200,42
human_120_8763_2_30_200_196.csv,120,8763,2,30,200,196,200,42
human_120_8764_2_30_200_197.csv,120,8764,2,30,200,197,200,42
human_120_8765_2_30_200_189.csv,120,8765,2,30,200,189,200,42
human_120_8766_2_30_200_186.csv,120,8766,2,30,200,186,200,42
human_120_8767_2_30_200_174.csv,120,8767,2,30,200,174,200,42
human_120_8768_2_30_200_194.csv,120,8768,2,30,200,194,200,42
human_120_8769_2_30_200_183.csv,120,8769,2,30,200,183,200,42
human_120_876_6_3_200_201.csv,120,876,6,3,200,201,200,42
human_120_8770_2_30_200_199.csv,120,8770,2,30,200,199,200,42
human_120_8771_2_30_200_195.csv,120,8771,2,30,200,195,200,42
human_120_8772_2_30_200_185.csv,120,8772,2,30,200,185,200,42
human_120_8773_2_30_200_204.csv,120,8773,2,30,200,204,200,42
human_120_8774_2_30_200_189.csv,120,8774,2,30,200,189,200,42
human_120_8775_2_30_200_175.csv,120,8775,2,30,200,175,200,42
human_120_8776_2_30_200_187.csv,120,8776,2,30,200,187,200,42
human_120_8777_2_30_200_189.csv,120,8777,2,30,200,189,200,42
human_120_8778_2_30_200_183.csv,120,8778,2,30,200,183,200,42
human_120_8779_2_30_200_186.csv,120,8779,2,30,200,186,200,42
human_120_877_6_3_200_197.csv,120,877,6,3,200,197,200,42
human_120_8780_2_30_200_186.csv,120,8780,2,30,200,186,200,42
human_120_8781_2_30_200_178.csv,120,8781,2,30,200,178,200,42
human_120_8782_2_30_200_167.csv,120,8782,2,30,200,167,200,42
human_120_8783_2_30_200_183.csv,120,8783,2,30,200,183,200,42
human_120_8784_2_30_200_186.csv,120,8784,2,30,200,186,200,42
human_120_8785_2_30_200_185.csv,120,8785,2,30,200,185,200,42
human_120_8786_2_30_200_190.csv,120,8786,2,30,200,190,200,42
human_120_8787_2_30_200_194.csv,120,8787,2,30,200,194,200,42
human_120_8788_2_30_200_179.csv,120,8788,2,30,200,179,200,42
human_120_8789_2_30_200_176.csv,120,8789,2,30,200,176,200,42
human_120_878_6_3_200_196.csv,120,878,6,3,200,196,200,42
human_120_8790_2_30_200_191.csv,120,8790,2,30,200,191,200,42
human_120_8791_2_30_200_185.csv,120,8791,2,30,200,185,200,42
human_120_8792_2_30_200_195.csv,120,8792,2,30,200,195,200,42
human_120_8793_2_30_200_173.csv,120,8793,2,30,200,173,200,42
human_120_8794_2_30_200_210.csv,120,8794,2,30,200,210,200,42
human_120_8795_2_30_200_175.csv,120,8795,2,30,200,175,200,42
human_120_8796_2_30_200_183.csv,120,8796,2,30,200,183,200,42
human_120_8797_2_30_200_189.csv,120,8797,2,30,200,189,200,42
human_120_8798_2_30_200_180.csv,120,8798,2,30,200,180,200,42
human_120_8799_2_30_200_210.csv,120,8799,2,30,200,210,200,42
human_120_879_6_3_200_170.csv,120,879,6,3,200,170,200,42
human_120_87_2_1_200_193.csv,120,87,2,1,200,193,200,42
human_120_8800_2_30_200_169.csv,120,8800,2,30,200,169,200,42
human_120_8801_3_30_200_160.csv,120,8801,3,30,200,160,200,42
human_120_8802_3_30_200_188.csv,120,8802,3,30,200,188,200,42
human_120_8803_3_30_200_175.csv,120,8803,3,30,200,175,200,42
human_120_8804_3_30_200_175.csv,120,8804,3,30,200,175,200,42
human_120_8805_3_30_200_188.csv,120,8805,3,30,200,188,200,42
human_120_8806_3_30_200_181.csv,120,8806,3,30,200,181,200,42
human_120_8807_3_30_200_185.csv,120,8807,3,30,200,185,200,42
human_120_8808_3_30_200_191.csv,120,8808,3,30,200,191,200,42
human_120_8809_3_30_200_182.csv,120,8809,3,30,200,182,200,42
human_120_880_6_3_200_201.csv,120,880,6,3,200,201,200,42
human_120_8810_3_30_200_194.csv,120,8810,3,30,200,194,200,42
human_120_8811_3_30_200_177.csv,120,8811,3,30,200,177,200,42
human_120_8812_3_30_200_176.csv,120,8812,3,30,200,176,200,42
human_120_8813_3_30_200_181.csv,120,8813,3,30,200,181,200,42
human_120_8814_3_30_200_173.csv,120,8814,3,30,200,173,200,42
human_120_8815_3_30_200_184.csv,120,8815,3,30,200,184,200,42
human_120_8816_3_30_200_178.csv,120,8816,3,30,200,178,200,42
human_120_8817_3_30_200_179.csv,120,8817,3,30,200,179,200,42
human_120_8818_3_30_200_176.csv,120,8818,3,30,200,176,200,42
human_120_8819_3_30_200_200.csv,120,8819,3,30,200,200,200,42
human_120_881_6_3_200_186.csv,120,881,6,3,200,186,200,42
human_120_8820_3_30_200_167.csv,120,8820,3,30,200,167,200,42
human_120_8821_3_30_200_185.csv,120,8821,3,30,200,185,200,42
human_120_8822_3_30_200_183.csv,120,8822,3,30,200,183,200,42
human_120_8823_3_30_200_173.csv,120,8823,3,30,200,173,200,42
human_120_8824_3_30_200_184.csv,120,8824,3,30,200,184,200,42
human_120_8825_3_30_200_178.csv,120,8825,3,30,200,178,200,42
human_120_8826_3_30_200_169.csv,120,8826,3,30,200,169,200,42
human_120_8827_3_30_200_182.csv,120,8827,3,30,200,182,200,42
human_120_8828_3_30_200_158.csv,120,8828,3,30,200,158,200,42
human_120_8829_3_30_200_179.csv,120,8829,3,30,200,179,200,42
human_120_882_6_3_200_182.csv,120,882,6,3,200,182,200,42
human_120_8830_3_30_200_182.csv,120,8830,3,30,200,182,200,42
human_120_8831_3_30_200_189.csv,120,8831,3,30,200,189,200,42
human_120_8832_3_30_200_175.csv,120,8832,3,30,200,175,200,42
human_120_8833_3_30_200_183.csv,120,8833,3,30,200,183,200,42
human_120_8834_3_30_200_180.csv,120,8834,3,30,200,180,200,42
human_120_8835_3_30_200_187.csv,120,8835,3,30,200,187,200,42
human_120_8836_3_30_200_195.csv,120,8836,3,30,200,195,200,42
human_120_8837_3_30_200_170.csv,120,8837,3,30,200,170,200,42
human_120_8838_3_30_200_183.csv,120,8838,3,30,200,183,200,42
human_120_8839_3_30_200_185.csv,120,8839,3,30,200,185,200,42
human_120_883_6_3_200_208.csv,120,883,6,3,200,208,200,42
human_120_8840_3_30_200_176.csv,120,8840,3,30,200,176,200,42
human_120_8841_3_30_200_171.csv,120,8841,3,30,200,171,200,42
human_120_8842_3_30_200_181.csv,120,8842,3,30,200,181,200,42
human_120_8843_3_30_200_172.csv,120,8843,3,30,200,172,200,42
human_120_8844_3_30_200_184.csv,120,8844,3,30,200,184,200,42
human_120_8845_3_30_200_181.csv,120,8845,3,30,200,181,200,42
human_120_8846_3_30_200_200.csv,120,8846,3,30,200,200,200,42
human_120_8847_3_30_200_170.csv,120,8847,3,30,200,170,200,42
human_120_8848_3_30_200_180.csv,120,8848,3,30,200,180,200,42
human_120_8849_3_30_200_191.csv,120,8849,3,30,200,191,200,42
human_120_884_6_3_200_171.csv,120,884,6,3,200,171,200,42
human_120_8850_3_30_200_177.csv,120,8850,3,30,200,177,200,42
human_120_8851_4_30_200_156.csv,120,8851,4,30,200,156,200,42
human_120_8852_4_30_200_162.csv,120,8852,4,30,200,162,200,42
human_120_8853_4_30_200_160.csv,120,8853,4,30,200,160,200,42
human_120_8854_4_30_200_160.csv,120,8854,4,30,200,160,200,42
human_120_8855_4_30_200_175.csv,120,8855,4,30,200,175,200,42
human_120_8856_4_30_200_152.csv,120,8856,4,30,200,152,200,42
human_120_8857_4_30_200_160.csv,120,8857,4,30,200,160,200,42
human_120_8858_4_30_200_150.csv,120,8858,4,30,200,150,200,42
human_120_8859_4_30_200_153.csv,120,8859,4,30,200,153,200,42
human_120_885_6_3_200_191.csv,120,885,6,3,200,191,200,42
human_120_8860_4_30_200_151.csv,120,8860,4,30,200,151,200,42
human_120_8861_4_30_200_164.csv,120,8861,4,30,200,164,200,42
human_120_8862_4_30_200_169.csv,120,8862,4,30,200,169,200,42
human_120_8863_4_30_200_164.csv,120,8863,4,30,200,164,200,42
human_120_8864_4_30_200_161.csv,120,8864,4,30,200,161,200,42
human_120_8865_4_30_200_163.csv,120,8865,4,30,200,163,200,42
human_120_8866_4_30_200_149.csv,120,8866,4,30,200,149,200,42
human_120_8867_4_30_200_159.csv,120,8867,4,30,200,159,200,42
human_120_8868_4_30_200_155.csv,120,8868,4,30,200,155,200,42
human_120_8869_4_30_200_161.csv,120,8869,4,30,200,161,200,42
human_120_886_6_3_200_192.csv,120,886,6,3,200,192,200,42
human_120_8870_4_30_200_164.csv,120,8870,4,30,200,164,200,42
human_120_8871_4_30_200_149.csv,120,8871,4,30,200,149,200,42
human_120_8872_4_30_200_156.csv,120,8872,4,30,200,156,200,42
human_120_8873_4_30_200_158.csv,120,8873,4,30,200,158,200,42
human_120_8874_4_30_200_158.csv,120,8874,4,30,200,158,200,42
human_120_8875_4_30_200_152.csv,120,8875,4,30,200,152,200,42
human_120_8876_4_30_200_143.csv,120,8876,4,30,200,143,200,42
human_120_8877_4_30_200_168.csv,120,8877,4,30,200,168,200,42
human_120_8878_4_30_200_148.csv,120,8878,4,30,200,148,200,42
human_120_8879_4_30_200_171.csv,120,8879,4,30,200,171,200,42
human_120_887_6_3_200_182.csv,120,887,6,3,200,182,200,42
human_120_8880_4_30_200_152.csv,120,8880,4,30,200,152,200,42
human_120_8881_4_30_200_150.csv,120,8881,4,30,200,150,200,42
human_120_8882_4_30_200_150.csv,120,8882,4,30,200,150,200,42
human_120_8883_4_30_200_144.csv,120,8883,4,30,200,144,200,42
human_120_8884_4_30_200_151.csv,120,8884,4,30,200,151,200,42
human_120_8885_4_30_200_161.csv,120,8885,4,30,200,161,200,42
human_120_8886_4_30_200_152.csv,120,8886,4,30,200,152,200,42
human_120_8887_4_30_200_149.csv,120,8887,4,30,200,149,200,42
human_120_8888_4_30_200_156.csv,120,8888,4,30,200,156,200,42
human_120_8889_4_30_200_157.csv,120,8889,4,30,200,157,200,42
human_120_888_6_3_200_207.csv,120,888,6,3,200,207,200,42
human_120_8890_4_30_200_149.csv,120,8890,4,30,200,149,200,42
human_120_8891_4_30_200_152.csv,120,8891,4,30,200,152,200,42
human_120_8892_4_30_200_164.csv,120,8892,4,30,200,164,200,42
human_120_8893_4_30_200_158.csv,120,8893,4,30,200,158,200,42
human_120_8894_4_30_200_156.csv,120,8894,4,30,200,156,200,42
human_120_8895_4_30_200_161.csv,120,8895,4,30,200,161,200,42
human_120_8896_4_30_200_152.csv,120,8896,4,30,200,152,200,42
human_120_8897_4_30_200_150.csv,120,8897,4,30,200,150,200,42
human_120_8898_4_30_200_161.csv,120,8898,4,30,200,161,200,42
human_120_8899_4_30_200_148.csv,120,8899,4,30,200,148,200,42
human_120_889_6_3_200_187.csv,120,889,6,3,200,187,200,42
human_120_88_2_1_200_212.csv,120,88,2,1,200,212,200,42
human_120_8900_4_30_200_157.csv,120,8900,4,30,200,157,200,42
human_120_8901_5_30_200_185.csv,120,8901,5,30,200,185,200,42
human_120_8902_5_30_200_194.csv,120,8902,5,30,200,194,200,42
human_120_8903_5_30_200_195.csv,120,8903,5,30,200,195,200,42
human_120_8904_5_30_200_178.csv,120,8904,5,30,200,178,200,42
human_120_8905_5_30_200_187.csv,120,8905,5,30,200,187,200,42
human_120_8906_5_30_200_180.csv,120,8906,5,30,200,180,200,42
human_120_8907_5_30_200_196.csv,120,8907,5,30,200,196,200,42
human_120_8908_5_30_200_180.csv,120,8908,5,30,200,180,200,42
human_120_8909_5_30_200_182.csv,120,8909,5,30,200,182,200,42
human_120_890_6_3_200_188.csv,120,890,6,3,200,188,200,42
human_120_8910_5_30_200_188.csv,120,8910,5,30,200,188,200,42
human_120_8911_5_30_200_187.csv,120,8911,5,30,200,187,200,42
human_120_8912_5_30_200_188.csv,120,8912,5,30,200,188,200,42
human_120_8913_5_30_200_191.csv,120,8913,5,30,200,191,200,42
human_120_8914_5_30_200_192.csv,120,8914,5,30,200,192,200,42
human_120_8915_5_30_200_195.csv,120,8915,5,30,200,195,200,42
human_120_8916_5_30_200_174.csv,120,8916,5,30,200,174,200,42
human_120_8917_5_30_200_188.csv,120,8917,5,30,200,188,200,42
human_120_8918_5_30_200_173.csv,120,8918,5,30,200,173,200,42
human_120_8919_5_30_200_180.csv,120,8919,5,30,200,180,200,42
human_120_891_6_3_200_191.csv,120,891,6,3,200,191,200,42
human_120_8920_5_30_200_185.csv,120,8920,5,30,200,185,200,42
human_120_8921_5_30_200_185.csv,120,8921,5,30,200,185,200,42
human_120_8922_5_30_200_198.csv,120,8922,5,30,200,198,200,42
human_120_8923_5_30_200_186.csv,120,8923,5,30,200,186,200,42
human_120_8924_5_30_200_189.csv,120,8924,5,30,200,189,200,42
human_120_8925_5_30_200_195.csv,120,8925,5,30,200,195,200,42
human_120_8926_5_30_200_187.csv,120,8926,5,30,200,187,200,42
human_120_8927_5_30_200_188.csv,120,8927,5,30,200,188,200,42
human_120_8928_5_30_200_196.csv,120,8928,5,30,200,196,200,42
human_120_8929_5_30_200_187.csv,120,8929,5,30,200,187,200,42
human_120_892_6_3_200_202.csv,120,892,6,3,200,202,200,42
human_120_8930_5_30_200_188.csv,120,8930,5,30,200,188,200,42
human_120_8931_5_30_200_181.csv,120,8931,5,30,200,181,200,42
human_120_8932_5_30_200_173.csv,120,8932,5,30,200,173,200,42
human_120_8933_5_30_200_203.csv,120,8933,5,30,200,203,200,42
human_120_8934_5_30_200_187.csv,120,8934,5,30,200,187,200,42
human_120_8935_5_30_200_173.csv,120,8935,5,30,200,173,200,42
human_120_8936_5_30_200_182.csv,120,8936,5,30,200,182,200,42
human_120_8937_5_30_200_187.csv,120,8937,5,30,200,187,200,42
human_120_8938_5_30_200_187.csv,120,8938,5,30,200,187,200,42
human_120_8939_5_30_200_184.csv,120,8939,5,30,200,184,200,42
human_120_893_6_3_200_188.csv,120,893,6,3,200,188,200,42
human_120_8940_5_30_200_187.csv,120,8940,5,30,200,187,200,42
human_120_8941_5_30_200_184.csv,120,8941,5,30,200,184,200,42
human_120_8942_5_30_200_178.csv,120,8942,5,30,200,178,200,42
human_120_8943_5_30_200_183.csv,120,8943,5,30,200,183,200,42
human_120_8944_5_30_200_181.csv,120,8944,5,30,200,181,200,42
human_120_8945_5_30_200_185.csv,120,8945,5,30,200,185,200,42
human_120_8946_5_30_200_188.csv,120,8946,5,30,200,188,200,42
human_120_8947_5_30_200_184.csv,120,8947,5,30,200,184,200,42
human_120_8948_5_30_200_182.csv,120,8948,5,30,200,182,200,42
human_120_8949_5_30_200_192.csv,120,8949,5,30,200,192,200,42
human_120_894_6_3_200_164.csv,120,894,6,3,200,164,200,42
human_120_8950_5_30_200_185.csv,120,8950,5,30,200,185,200,42
human_120_8951_6_30_200_153.csv,120,8951,6,30,200,153,200,42
human_120_8952_6_30_200_157.csv,120,8952,6,30,200,157,200,42
human_120_8953_6_30_200_178.csv,120,8953,6,30,200,178,200,42
human_120_8954_6_30_200_182.csv,120,8954,6,30,200,182,200,42
human_120_8955_6_30_200_176.csv,120,8955,6,30,200,176,200,42
human_120_8956_6_30_200_162.csv,120,8956,6,30,200,162,200,42
human_120_8957_6_30_200_165.csv,120,8957,6,30,200,165,200,42
human_120_8958_6_30_200_181.csv,120,8958,6,30,200,181,200,42
human_120_8959_6_30_200_162.csv,120,8959,6,30,200,162,200,42
human_120_895_6_3_200_152.csv,120,895,6,3,200,152,200,42
human_120_8960_6_30_200_171.csv,120,8960,6,30,200,171,200,42
human_120_8961_6_30_200_173.csv,120,8961,6,30,200,173,200,42
human_120_8962_6_30_200_181.csv,120,8962,6,30,200,181,200,42
human_120_8963_6_30_200_187.csv,120,8963,6,30,200,187,200,42
human_120_8964_6_30_200_166.csv,120,8964,6,30,200,166,200,42
human_120_8965_6_30_200_190.csv,120,8965,6,30,200,190,200,42
human_120_8966_6_30_200_173.csv,120,8966,6,30,200,173,200,42
human_120_8967_6_30_200_170.csv,120,8967,6,30,200,170,200,42
human_120_8968_6_30_200_174.csv,120,8968,6,30,200,174,200,42
human_120_8969_6_30_200_148.csv,120,8969,6,30,200,148,200,42
human_120_896_6_3_200_187.csv,120,896,6,3,200,187,200,42
human_120_8970_6_30_200_188.csv,120,8970,6,30,200,188,200,42
human_120_8971_6_30_200_172.csv,120,8971,6,30,200,172,200,42
human_120_8972_6_30_200_175.csv,120,8972,6,30,200,175,200,42
human_120_8973_6_30_200_143.csv,120,8973,6,30,200,143,200,42
human_120_8974_6_30_200_172.csv,120,8974,6,30,200,172,200,42
human_120_8975_6_30_200_151.csv,120,8975,6,30,200,151,200,42
human_120_8976_6_30_200_179.csv,120,8976,6,30,200,179,200,42
human_120_8977_6_30_200_180.csv,120,8977,6,30,200,180,200,42
human_120_8978_6_30_200_170.csv,120,8978,6,30,200,170,200,42
human_120_8979_6_30_200_176.csv,120,8979,6,30,200,176,200,42
human_120_897_6_3_200_195.csv,120,897,6,3,200,195,200,42
human_120_8980_6_30_200_182.csv,120,8980,6,30,200,182,200,42
human_120_8981_6_30_200_170.csv,120,8981,6,30,200,170,200,42
human_120_8982_6_30_200_176.csv,120,8982,6,30,200,176,200,42
human_120_8983_6_30_200_179.csv,120,8983,6,30,200,179,200,42
human_120_8984_6_30_200_188.csv,120,8984,6,30,200,188,200,42
human_120_8985_6_30_200_173.csv,120,8985,6,30,200,173,200,42
human_120_8986_6_30_200_185.csv,120,8986,6,30,200,185,200,42
human_120_8987_6_30_200_189.csv,120,8987,6,30,200,189,200,42
human_120_8988_6_30_200_192.csv,120,8988,6,30,200,192,200,42
human_120_8989_6_30_200_178.csv,120,8989,6,30,200,178,200,42
human_120_898_6_3_200_172.csv,120,898,6,3,200,172,200,42
human_120_8990_6_30_200_187.csv,120,8990,6,30,200,187,200,42
human_120_8991_6_30_200_180.csv,120,8991,6,30,200,180,200,42
human_120_8992_6_30_200_191.csv,120,8992,6,30,200,191,200,42
human_120_8993_6_30_200_185.csv,120,8993,6,30,200,185,200,42
human_120_8994_6_30_200_165.csv,120,8994,6,30,200,165,200,42
human_120_8995_6_30_200_189.csv,120,8995,6,30,200,189,200,42
human_120_8996_6_30_200_186.csv,120,8996,6,30,200,186,200,42
human_120_8997_6_30_200_168.csv,120,8997,6,30,200,168,200,42
human_120_8998_6_30_200_179.csv,120,8998,6,30,200,179,200,42
human_120_8999_6_30_200_171.csv,120,8999,6,30,200,171,200,42
human_120_899_6_3_200_154.csv,120,899,6,3,200,154,200,42
human_120_89_2_1_200_190.csv,120,89,2,1,200,190,200,42
human_120_8_1_1_200_184.csv,120,8,1,1,200,184,200,42
human_120_9000_6_30_200_183.csv,120,9000,6,30,200,183,200,42
human_120_9001_1_31_200_185.csv,120,9001,1,31,200,185,200,42
human_120_9002_1_31_200_189.csv,120,9002,1,31,200,189,200,42
human_120_9003_1_31_200_169.csv,120,9003,1,31,200,169,200,42
human_120_9004_1_31_200_193.csv,120,9004,1,31,200,193,200,42
human_120_9005_1_31_200_173.csv,120,9005,1,31,200,173,200,42
human_120_9006_1_31_200_170.csv,120,9006,1,31,200,170,200,42
human_120_9007_1_31_200_190.csv,120,9007,1,31,200,190,200,42
human_120_9008_1_31_200_187.csv,120,9008,1,31,200,187,200,42
human_120_9009_1_31_200_196.csv,120,9009,1,31,200,196,200,42
human_120_900_6_3_200_203.csv,120,900,6,3,200,203,200,42
human_120_9010_1_31_200_181.csv,120,9010,1,31,200,181,200,42
human_120_9011_1_31_200_184.csv,120,9011,1,31,200,184,200,42
human_120_9012_1_31_200_195.csv,120,9012,1,31,200,195,200,42
human_120_9013_1_31_200_187.csv,120,9013,1,31,200,187,200,42
human_120_9014_1_31_200_187.csv,120,9014,1,31,200,187,200,42
human_120_9015_1_31_200_193.csv,120,9015,1,31,200,193,200,42
human_120_9016_1_31_200_200.csv,120,9016,1,31,200,200,200,42
human_120_9017_1_31_200_179.csv,120,9017,1,31,200,179,200,42
human_120_9018_1_31_200_187.csv,120,9018,1,31,200,187,200,42
human_120_9019_1_31_200_178.csv,120,9019,1,31,200,178,200,42
human_120_901_1_4_200_200.csv,120,901,1,4,200,200,200,42
human_120_9020_1_31_200_190.csv,120,9020,1,31,200,190,200,42
human_120_9021_1_31_200_194.csv,120,9021,1,31,200,194,200,42
human_120_9022_1_31_200_188.csv,120,9022,1,31,200,188,200,42
human_120_9023_1_31_200_195.csv,120,9023,1,31,200,195,200,42
human_120_9024_1_31_200_186.csv,120,9024,1,31,200,186,200,42
human_120_9025_1_31_200_193.csv,120,9025,1,31,200,193,200,42
human_120_9026_1_31_200_195.csv,120,9026,1,31,200,195,200,42
human_120_9027_1_31_200_189.csv,120,9027,1,31,200,189,200,42
human_120_9028_1_31_200_195.csv,120,9028,1,31,200,195,200,42
human_120_9029_1_31_200_194.csv,120,9029,1,31,200,194,200,42
human_120_902_1_4_200_175.csv,120,902,1,4,200,175,200,42
human_120_9030_1_31_200_200.csv,120,9030,1,31,200,200,200,42
human_120_9031_1_31_200_194.csv,120,9031,1,31,200,194,200,42
human_120_9032_1_31_200_186.csv,120,9032,1,31,200,186,200,42
human_120_9033_1_31_200_194.csv,120,9033,1,31,200,194,200,42
human_120_9034_1_31_200_191.csv,120,9034,1,31,200,191,200,42
human_120_9035_1_31_200_193.csv,120,9035,1,31,200,193,200,42
human_120_9036_1_31_200_200.csv,120,9036,1,31,200,200,200,42
human_120_9037_1_31_200_180.csv,120,9037,1,31,200,180,200,42
human_120_9038_1_31_200_192.csv,120,9038,1,31,200,192,200,42
human_120_9039_1_31_200_175.csv,120,9039,1,31,200,175,200,42
human_120_903_1_4_200_200.csv,120,903,1,4,200,200,200,42
human_120_9040_1_31_200_189.csv,120,9040,1,31,200,189,200,42
human_120_9041_1_31_200_199.csv,120,9041,1,31,200,199,200,42
human_120_9042_1_31_200_179.csv,120,9042,1,31,200,179,200,42
human_120_9043_1_31_200_185.csv,120,9043,1,31,200,185,200,42
human_120_9044_1_31_200_182.csv,120,9044,1,31,200,182,200,42
human_120_9045_1_31_200_198.csv,120,9045,1,31,200,198,200,42
human_120_9046_1_31_200_191.csv,120,9046,1,31,200,191,200,42
human_120_9047_1_31_200_186.csv,120,9047,1,31,200,186,200,42
human_120_9048_1_31_200_192.csv,120,9048,1,31,200,192,200,42
human_120_9049_1_31_200_181.csv,120,9049,1,31,200,181,200,42
human_120_904_1_4_200_173.csv,120,904,1,4,200,173,200,42
human_120_9050_1_31_200_190.csv,120,9050,1,31,200,190,200,42
human_120_9051_2_31_200_212.csv,120,9051,2,31,200,212,200,42
human_120_9052_2_31_200_198.csv,120,9052,2,31,200,198,200,42
human_120_9053_2_31_200_194.csv,120,9053,2,31,200,194,200,42
human_120_9054_2_31_200_204.csv,120,9054,2,31,200,204,200,42
human_120_9055_2_31_200_200.csv,120,9055,2,31,200,200,200,42
human_120_9056_2_31_200_211.csv,120,9056,2,31,200,211,200,42
human_120_9057_2_31_200_199.csv,120,9057,2,31,200,199,200,42
human_120_9058_2_31_200_192.csv,120,9058,2,31,200,192,200,42
human_120_9059_2_31_200_191.csv,120,9059,2,31,200,191,200,42
human_120_905_1_4_200_185.csv,120,905,1,4,200,185,200,42
human_120_9060_2_31_200_195.csv,120,9060,2,31,200,195,200,42
human_120_9061_2_31_200_181.csv,120,9061,2,31,200,181,200,42
human_120_9062_2_31_200_192.csv,120,9062,2,31,200,192,200,42
human_120_9063_2_31_200_200.csv,120,9063,2,31,200,200,200,42
human_120_9064_2_31_200_213.csv,120,9064,2,31,200,213,200,42
human_120_9065_2_31_200_177.csv,120,9065,2,31,200,177,200,42
human_120_9066_2_31_200_187.csv,120,9066,2,31,200,187,200,42
human_120_9067_2_31_200_185.csv,120,9067,2,31,200,185,200,42
human_120_9068_2_31_200_189.csv,120,9068,2,31,200,189,200,42
human_120_9069_2_31_200_199.csv,120,9069,2,31,200,199,200,42
human_120_906_1_4_200_192.csv,120,906,1,4,200,192,200,42
human_120_9070_2_31_200_176.csv,120,9070,2,31,200,176,200,42
human_120_9071_2_31_200_190.csv,120,9071,2,31,200,190,200,42
human_120_9072_2_31_200_197.csv,120,9072,2,31,200,197,200,42
human_120_9073_2_31_200_173.csv,120,9073,2,31,200,173,200,42
human_120_9074_2_31_200_177.csv,120,9074,2,31,200,177,200,42
human_120_9075_2_31_200_200.csv,120,9075,2,31,200,200,200,42
human_120_9076_2_31_200_200.csv,120,9076,2,31,200,200,200,42
human_120_9077_2_31_200_185.csv,120,9077,2,31,200,185,200,42
human_120_9078_2_31_200_193.csv,120,9078,2,31,200,193,200,42
human_120_9079_2_31_200_184.csv,120,9079,2,31,200,184,200,42
human_120_907_1_4_200_200.csv,120,907,1,4,200,200,200,42
human_120_9080_2_31_200_189.csv,120,9080,2,31,200,189,200,42
human_120_9081_2_31_200_175.csv,120,9081,2,31,200,175,200,42
human_120_9082_2_31_200_213.csv,120,9082,2,31,200,213,200,42
human_120_9083_2_31_200_194.csv,120,9083,2,31,200,194,200,42
human_120_9084_2_31_200_192.csv,120,9084,2,31,200,192,200,42
human_120_9085_2_31_200_170.csv,120,9085,2,31,200,170,200,42
human_120_9086_2_31_200_181.csv,120,9086,2,31,200,181,200,42
human_120_9087_2_31_200_194.csv,120,9087,2,31,200,194,200,42
human_120_9088_2_31_200_177.csv,120,9088,2,31,200,177,200,42
human_120_9089_2_31_200_198.csv,120,9089,2,31,200,198,200,42
human_120_908_1_4_200_189.csv,120,908,1,4,200,189,200,42
human_120_9090_2_31_200_179.csv,120,9090,2,31,200,179,200,42
human_120_9091_2_31_200_190.csv,120,9091,2,31,200,190,200,42
human_120_9092_2_31_200_183.csv,120,9092,2,31,200,183,200,42
human_120_9093_2_31_200_186.csv,120,9093,2,31,200,186,200,42
human_120_9094_2_31_200_181.csv,120,9094,2,31,200,181,200,42
human_120_9095_2_31_200_188.csv,120,9095,2,31,200,188,200,42
human_120_9096_2_31_200_193.csv,120,9096,2,31,200,193,200,42
human_120_9097_2_31_200_203.csv,120,9097,2,31,200,203,200,42
human_120_9098_2_31_200_163.csv,120,9098,2,31,200,163,200,42
human_120_9099_2_31_200_172.csv,120,9099,2,31,200,172,200,42
human_120_909_1_4_200_200.csv,120,909,1,4,200,200,200,42
human_120_90_2_1_200_185.csv,120,90,2,1,200,185,200,42
human_120_9100_2_31_200_200.csv,120,9100,2,31,200,200,200,42
human_120_9101_3_31_200_180.csv,120,9101,3,31,200,180,200,42
human_120_9102_3_31_200_191.csv,120,9102,3,31,200,191,200,42
human_120_9103_3_31_200_171.csv,120,9103,3,31,200,171,200,42
human_120_9104_3_31_200_184.csv,120,9104,3,31,200,184,200,42
human_120_9105_3_31_200_185.csv,120,9105,3,31,200,185,200,42
human_120_9106_3_31_200_195.csv,120,9106,3,31,200,195,200,42
human_120_9107_3_31_200_169.csv,120,9107,3,31,200,169,200,42
human_120_9108_3_31_200_200.csv,120,9108,3,31,200,200,200,42
human_120_9109_3_31_200_195.csv,120,9109,3,31,200,195,200,42
human_120_910_1_4_200_189.csv,120,910,1,4,200,189,200,42
human_120_9110_3_31_200_190.csv,120,9110,3,31,200,190,200,42
human_120_9111_3_31_200_182.csv,120,9111,3,31,200,182,200,42
human_120_9112_3_31_200_190.csv,120,9112,3,31,200,190,200,42
human_120_9113_3_31_200_195.csv,120,9113,3,31,200,195,200,42
human_120_9114_3_31_200_185.csv,120,9114,3,31,200,185,200,42
human_120_9115_3_31_200_185.csv,120,9115,3,31,200,185,200,42
human_120_9116_3_31_200_175.csv,120,9116,3,31,200,175,200,42
human_120_9117_3_31_200_162.csv,120,9117,3,31,200,162,200,42
human_120_9118_3_31_200_190.csv,120,9118,3,31,200,190,200,42
human_120_9119_3_31_200_200.csv,120,9119,3,31,200,200,200,42
human_120_911_1_4_200_200.csv,120,911,1,4,200,200,200,42
human_120_9120_3_31_200_170.csv,120,9120,3,31,200,170,200,42
human_120_9121_3_31_200_205.csv,120,9121,3,31,200,205,200,42
human_120_9122_3_31_200_194.csv,120,9122,3,31,200,194,200,42
human_120_9123_3_31_200_200.csv,120,9123,3,31,200,200,200,42
human_120_9124_3_31_200_189.csv,120,9124,3,31,200,189,200,42
human_120_9125_3_31_200_200.csv,120,9125,3,31,200,200,200,42
human_120_9126_3_31_200_190.csv,120,9126,3,31,200,190,200,42
human_120_9127_3_31_200_189.csv,120,9127,3,31,200,189,200,42
human_120_9128_3_31_200_189.csv,120,9128,3,31,200,189,200,42
human_120_9129_3_31_200_184.csv,120,9129,3,31,200,184,200,42
human_120_912_1_4_200_178.csv,120,912,1,4,200,178,200,42
human_120_9130_3_31_200_200.csv,120,9130,3,31,200,200,200,42
human_120_9131_3_31_200_200.csv,120,9131,3,31,200,200,200,42
human_120_9132_3_31_200_180.csv,120,9132,3,31,200,180,200,42
human_120_9133_3_31_200_195.csv,120,9133,3,31,200,195,200,42
human_120_9134_3_31_200_186.csv,120,9134,3,31,200,186,200,42
human_120_9135_3_31_200_185.csv,120,9135,3,31,200,185,200,42
human_120_9136_3_31_200_190.csv,120,9136,3,31,200,190,200,42
human_120_9137_3_31_200_209.csv,120,9137,3,31,200,209,200,42
human_120_9138_3_31_200_180.csv,120,9138,3,31,200,180,200,42
human_120_9139_3_31_200_190.csv,120,9139,3,31,200,190,200,42
human_120_913_1_4_200_200.csv,120,913,1,4,200,200,200,42
human_120_9140_3_31_200_180.csv,120,9140,3,31,200,180,200,42
human_120_9141_3_31_200_194.csv,120,9141,3,31,200,194,200,42
human_120_9142_3_31_200_214.csv,120,9142,3,31,200,214,200,42
human_120_9143_3_31_200_192.csv,120,9143,3,31,200,192,200,42
human_120_9144_3_31_200_189.csv,120,9144,3,31,200,189,200,42
human_120_9145_3_31_200_189.csv,120,9145,3,31,200,189,200,42
human_120_9146_3_31_200_191.csv,120,9146,3,31,200,191,200,42
human_120_9147_3_31_200_200.csv,120,9147,3,31,200,200,200,42
human_120_9148_3_31_200_190.csv,120,9148,3,31,200,190,200,42
human_120_9149_3_31_200_195.csv,120,9149,3,31,200,195,200,42
human_120_914_1_4_200_175.csv,120,914,1,4,200,175,200,42
human_120_9150_3_31_200_172.csv,120,9150,3,31,200,172,200,42
human_120_9151_4_31_200_200.csv,120,9151,4,31,200,200,400,42
human_120_9152_4_31_200_195.csv,120,9152,4,31,200,195,400,42
human_120_9153_4_31_200_184.csv,120,9153,4,31,200,184,400,42
human_120_9154_4_31_200_186.csv,120,9154,4,31,200,186,400,42
human_120_9155_4_31_200_191.csv,120,9155,4,31,200,191,400,42
human_120_9156_4_31_200_183.csv,120,9156,4,31,200,183,400,42
human_120_9157_4_31_200_189.csv,120,9157,4,31,200,189,400,42
human_120_9158_4_31_200_190.csv,120,9158,4,31,200,190,400,42
human_120_9159_4_31_200_193.csv,120,9159,4,31,200,193,400,42
human_120_915_1_4_200_180.csv,120,915,1,4,200,180,200,42
human_120_9160_4_31_200_194.csv,120,9160,4,31,200,194,400,42
human_120_9161_4_31_200_178.csv,120,9161,4,31,200,178,400,42
human_120_9162_4_31_200_172.csv,120,9162,4,31,200,172,400,42
human_120_9163_4_31_200_200.csv,120,9163,4,31,200,200,400,42
human_120_9164_4_31_200_155.csv,120,9164,4,31,200,155,400,42
human_120_9165_4_31_200_200.csv,120,9165,4,31,200,200,400,42
human_120_9166_4_31_200_168.csv,120,9166,4,31,200,168,400,42
human_120_9167_4_31_200_200.csv,120,9167,4,31,200,200,400,42
human_120_9168_4_31_200_195.csv,120,9168,4,31,200,195,400,42
human_120_9169_4_31_200_192.csv,120,9169,4,31,200,192,400,42
human_120_916_1_4_200_175.csv,120,916,1,4,200,175,200,42
human_120_9170_4_31_200_185.csv,120,9170,4,31,200,185,400,42
human_120_9171_4_31_200_197.csv,120,9171,4,31,200,197,400,42
human_120_9172_4_31_200_183.csv,120,9172,4,31,200,183,400,42
human_120_9173_4_31_200_195.csv,120,9173,4,31,200,195,400,42
human_120_9174_4_31_200_185.csv,120,9174,4,31,200,185,400,42
human_120_9175_4_31_200_192.csv,120,9175,4,31,200,192,400,42
human_120_9176_4_31_200_197.csv,120,9176,4,31,200,197,400,42
human_120_9177_4_31_200_195.csv,120,9177,4,31,200,195,400,42
human_120_9178_4_31_200_200.csv,120,9178,4,31,200,200,400,42
human_120_9179_4_31_200_200.csv,120,9179,4,31,200,200,400,42
human_120_917_1_4_200_195.csv,120,917,1,4,200,195,200,42
human_120_9180_4_31_200_189.csv,120,9180,4,31,200,189,400,42
human_120_9181_4_31_200_196.csv,120,9181,4,31,200,196,400,42
human_120_9182_4_31_200_189.csv,120,9182,4,31,200,189,400,42
human_120_9183_4_31_200_194.csv,120,9183,4,31,200,194,400,42
human_120_9184_4_31_200_180.csv,120,9184,4,31,200,180,400,42
human_120_9185_4_31_200_197.csv,120,9185,4,31,200,197,400,42
human_120_9186_4_31_200_186.csv,120,9186,4,31,200,186,400,42
human_120_9187_4_31_200_200.csv,120,9187,4,31,200,200,400,42
human_120_9188_4_31_200_200.csv,120,9188,4,31,200,200,400,42
human_120_9189_4_31_200_190.csv,120,9189,4,31,200,190,400,42
human_120_918_1_4_200_191.csv,120,918,1,4,200,191,200,42
human_120_9190_4_31_200_175.csv,120,9190,4,31,200,175,400,42
human_120_9191_4_31_200_200.csv,120,9191,4,31,200,200,400,42
human_120_9192_4_31_200_200.csv,120,9192,4,31,200,200,400,42
human_120_9193_4_31_200_200.csv,120,9193,4,31,200,200,400,42
human_120_9194_4_31_200_170.csv,120,9194,4,31,200,170,400,42
human_120_9195_4_31_200_192.csv,120,9195,4,31,200,192,400,42
human_120_9196_4_31_200_187.csv,120,9196,4,31,200,187,400,42
human_120_9197_4_31_200_200.csv,120,9197,4,31,200,200,400,42
human_120_9198_4_31_200_180.csv,120,9198,4,31,200,180,400,42
human_120_9199_4_31_200_197.csv,120,9199,4,31,200,197,400,42
human_120_919_1_4_200_181.csv,120,919,1,4,200,181,200,42
human_120_91_2_1_200_200.csv,120,91,2,1,200,200,200,42
human_120_9200_4_31_200_194.csv,120,9200,4,31,200,194,400,42
human_120_9201_5_31_200_158.csv,120,9201,5,31,200,158,200,42
human_120_9202_5_31_200_159.csv,120,9202,5,31,200,159,200,42
human_120_9203_5_31_200_147.csv,120,9203,5,31,200,147,200,42
human_120_9204_5_31_200_159.csv,120,9204,5,31,200,159,200,42
human_120_9205_5_31_200_152.csv,120,9205,5,31,200,152,200,42
human_120_9206_5_31_200_167.csv,120,9206,5,31,200,167,200,42
human_120_9207_5_31_200_156.csv,120,9207,5,31,200,156,200,42
human_120_9208_5_31_200_166.csv,120,9208,5,31,200,166,200,42
human_120_9209_5_31_200_151.csv,120,9209,5,31,200,151,200,42
human_120_920_1_4_200_182.csv,120,920,1,4,200,182,200,42
human_120_9210_5_31_200_152.csv,120,9210,5,31,200,152,200,42
human_120_9211_5_31_200_148.csv,120,9211,5,31,200,148,200,42
human_120_9212_5_31_200_167.csv,120,9212,5,31,200,167,200,42
human_120_9213_5_31_200_169.csv,120,9213,5,31,200,169,200,42
human_120_9214_5_31_200_160.csv,120,9214,5,31,200,160,200,42
human_120_9215_5_31_200_156.csv,120,9215,5,31,200,156,200,42
human_120_9216_5_31_200_163.csv,120,9216,5,31,200,163,200,42
human_120_9217_5_31_200_164.csv,120,9217,5,31,200,164,200,42
human_120_9218_5_31_200_175.csv,120,9218,5,31,200,175,200,42
human_120_9219_5_31_200_154.csv,120,9219,5,31,200,154,200,42
human_120_921_1_4_200_188.csv,120,921,1,4,200,188,200,42
human_120_9220_5_31_200_153.csv,120,9220,5,31,200,153,200,42
human_120_9221_5_31_200_152.csv,120,9221,5,31,200,152,200,42
human_120_9222_5_31_200_164.csv,120,9222,5,31,200,164,200,42
human_120_9223_5_31_200_170.csv,120,9223,5,31,200,170,200,42
human_120_9224_5_31_200_168.csv,120,9224,5,31,200,168,200,42
human_120_9225_5_31_200_156.csv,120,9225,5,31,200,156,200,42
human_120_9226_5_31_200_174.csv,120,9226,5,31,200,174,200,42
human_120_9227_5_31_200_159.csv,120,9227,5,31,200,159,200,42
human_120_9228_5_31_200_150.csv,120,9228,5,31,200,150,200,42
human_120_9229_5_31_200_159.csv,120,9229,5,31,200,159,200,42
human_120_922_1_4_200_184.csv,120,922,1,4,200,184,200,42
human_120_9230_5_31_200_159.csv,120,9230,5,31,200,159,200,42
human_120_9231_5_31_200_166.csv,120,9231,5,31,200,166,200,42
human_120_9232_5_31_200_155.csv,120,9232,5,31,200,155,200,42
human_120_9233_5_31_200_179.csv,120,9233,5,31,200,179,200,42
human_120_9234_5_31_200_157.csv,120,9234,5,31,200,157,200,42
human_120_9235_5_31_200_168.csv,120,9235,5,31,200,168,200,42
human_120_9236_5_31_200_165.csv,120,9236,5,31,200,165,200,42
human_120_9237_5_31_200_158.csv,120,9237,5,31,200,158,200,42
human_120_9238_5_31_200_157.csv,120,9238,5,31,200,157,200,42
human_120_9239_5_31_200_151.csv,120,9239,5,31,200,151,200,42
human_120_923_1_4_200_188.csv,120,923,1,4,200,188,200,42
human_120_9240_5_31_200_175.csv,120,9240,5,31,200,175,200,42
human_120_9241_5_31_200_156.csv,120,9241,5,31,200,156,200,42
human_120_9242_5_31_200_171.csv,120,9242,5,31,200,171,200,42
human_120_9243_5_31_200_168.csv,120,9243,5,31,200,168,200,42
human_120_9244_5_31_200_162.csv,120,9244,5,31,200,162,200,42
human_120_9245_5_31_200_165.csv,120,9245,5,31,200,165,200,42
human_120_9246_5_31_200_164.csv,120,9246,5,31,200,164,200,42
human_120_9247_5_31_200_160.csv,120,9247,5,31,200,160,200,42
human_120_9248_5_31_200_176.csv,120,9248,5,31,200,176,200,42
human_120_9249_5_31_200_175.csv,120,9249,5,31,200,175,200,42
human_120_924_1_4_200_207.csv,120,924,1,4,200,207,200,42
human_120_9250_5_31_200_173.csv,120,9250,5,31,200,173,200,42
human_120_9251_6_31_200_186.csv,120,9251,6,31,200,186,200,42
human_120_9252_6_31_200_182.csv,120,9252,6,31,200,182,200,42
human_120_9253_6_31_200_181.csv,120,9253,6,31,200,181,200,42
human_120_9254_6_31_200_178.csv,120,9254,6,31,200,178,200,42
human_120_9255_6_31_200_187.csv,120,9255,6,31,200,187,200,42
human_120_9256_6_31_200_188.csv,120,9256,6,31,200,188,200,42
human_120_9257_6_31_200_189.csv,120,9257,6,31,200,189,200,42
human_120_9258_6_31_200_185.csv,120,9258,6,31,200,185,200,42
human_120_9259_6_31_200_188.csv,120,9259,6,31,200,188,200,42
human_120_925_1_4_200_185.csv,120,925,1,4,200,185,200,42
human_120_9260_6_31_200_166.csv,120,9260,6,31,200,166,200,42
human_120_9261_6_31_200_191.csv,120,9261,6,31,200,191,200,42
human_120_9262_6_31_200_174.csv,120,9262,6,31,200,174,200,42
human_120_9263_6_31_200_183.csv,120,9263,6,31,200,183,200,42
human_120_9264_6_31_200_191.csv,120,9264,6,31,200,191,200,42
human_120_9265_6_31_200_190.csv,120,9265,6,31,200,190,200,42
human_120_9266_6_31_200_167.csv,120,9266,6,31,200,167,200,42
human_120_9267_6_31_200_191.csv,120,9267,6,31,200,191,200,42
human_120_9268_6_31_200_165.csv,120,9268,6,31,200,165,200,42
human_120_9269_6_31_200_191.csv,120,9269,6,31,200,191,200,42
human_120_926_1_4_200_189.csv,120,926,1,4,200,189,200,42
human_120_9270_6_31_200_178.csv,120,9270,6,31,200,178,200,42
human_120_9271_6_31_200_186.csv,120,9271,6,31,200,186,200,42
human_120_9272_6_31_200_180.csv,120,9272,6,31,200,180,200,42
human_120_9273_6_31_200_181.csv,120,9273,6,31,200,181,200,42
human_120_9274_6_31_200_185.csv,120,9274,6,31,200,185,200,42
human_120_9275_6_31_200_179.csv,120,9275,6,31,200,179,200,42
human_120_9276_6_31_200_187.csv,120,9276,6,31,200,187,200,42
human_120_9277_6_31_200_186.csv,120,9277,6,31,200,186,200,42
human_120_9278_6_31_200_193.csv,120,9278,6,31,200,193,200,42
human_120_9279_6_31_200_177.csv,120,9279,6,31,200,177,200,42
human_120_927_1_4_200_190.csv,120,927,1,4,200,190,200,42
human_120_9280_6_31_200_188.csv,120,9280,6,31,200,188,200,42
human_120_9281_6_31_200_171.csv,120,9281,6,31,200,171,200,42
human_120_9282_6_31_200_188.csv,120,9282,6,31,200,188,200,42
human_120_9283_6_31_200_183.csv,120,9283,6,31,200,183,200,42
human_120_9284_6_31_200_178.csv,120,9284,6,31,200,178,200,42
human_120_9285_6_31_200_171.csv,120,9285,6,31,200,171,200,42
human_120_9286_6_31_200_182.csv,120,9286,6,31,200,182,200,42
human_120_9287_6_31_200_195.csv,120,9287,6,31,200,195,200,42
human_120_9288_6_31_200_171.csv,120,9288,6,31,200,171,200,42
human_120_9289_6_31_200_192.csv,120,9289,6,31,200,192,200,42
human_120_928_1_4_200_200.csv,120,928,1,4,200,200,200,42
human_120_9290_6_31_200_182.csv,120,9290,6,31,200,182,200,42
human_120_9291_6_31_200_182.csv,120,9291,6,31,200,182,200,42
human_120_9292_6_31_200_193.csv,120,9292,6,31,200,193,200,42
human_120_9293_6_31_200_185.csv,120,9293,6,31,200,185,200,42
human_120_9294_6_31_200_173.csv,120,9294,6,31,200,173,200,42
human_120_9295_6_31_200_194.csv,120,9295,6,31,200,194,200,42
human_120_9296_6_31_200_167.csv,120,9296,6,31,200,167,200,42
human_120_9297_6_31_200_194.csv,120,9297,6,31,200,194,200,42
human_120_9298_6_31_200_190.csv,120,9298,6,31,200,190,200,42
human_120_9299_6_31_200_185.csv,120,9299,6,31,200,185,200,42
human_120_929_1_4_200_182.csv,120,929,1,4,200,182,200,42
human_120_92_2_1_200_197.csv,120,92,2,1,200,197,200,42
human_120_9300_6_31_200_200.csv,120,9300,6,31,200,200,200,42
human_120_9301_1_32_200_189.csv,120,9301,1,32,200,189,200,42
human_120_9302_1_32_200_172.csv,120,9302,1,32,200,172,200,42
human_120_9303_1_32_200_189.csv,120,9303,1,32,200,189,200,42
human_120_9304_1_32_200_175.csv,120,9304,1,32,200,175,200,42
human_120_9305_1_32_200_173.csv,120,9305,1,32,200,173,200,42
human_120_9306_1_32_200_197.csv,120,9306,1,32,200,197,200,42
human_120_9307_1_32_200_193.csv,120,9307,1,32,200,193,200,42
human_120_9308_1_32_200_180.csv,120,9308,1,32,200,180,200,42
human_120_9309_1_32_200_179.csv,120,9309,1,32,200,179,200,42
human_120_930_1_4_200_205.csv,120,930,1,4,200,205,200,42
human_120_9310_1_32_200_180.csv,120,9310,1,32,200,180,200,42
human_120_9311_1_32_200_178.csv,120,9311,1,32,200,178,200,42
human_120_9312_1_32_200_182.csv,120,9312,1,32,200,182,200,42
human_120_9313_1_32_200_181.csv,120,9313,1,32,200,181,200,42
human_120_9314_1_32_200_189.csv,120,9314,1,32,200,189,200,42
human_120_9315_1_32_200_186.csv,120,9315,1,32,200,186,200,42
human_120_9316_1_32_200_192.csv,120,9316,1,32,200,192,200,42
human_120_9317_1_32_200_177.csv,120,9317,1,32,200,177,200,42
human_120_9318_1_32_200_190.csv,120,9318,1,32,200,190,200,42
human_120_9319_1_32_200_169.csv,120,9319,1,32,200,169,200,42
human_120_931_1_4_200_177.csv,120,931,1,4,200,177,200,42
human_120_9320_1_32_200_190.csv,120,9320,1,32,200,190,200,42
human_120_9321_1_32_200_184.csv,120,9321,1,32,200,184,200,42
human_120_9322_1_32_200_167.csv,120,9322,1,32,200,167,200,42
human_120_9323_1_32_200_194.csv,120,9323,1,32,200,194,200,42
human_120_9324_1_32_200_178.csv,120,9324,1,32,200,178,200,42
human_120_9325_1_32_200_180.csv,120,9325,1,32,200,180,200,42
human_120_9326_1_32_200_177.csv,120,9326,1,32,200,177,200,42
human_120_9327_1_32_200_191.csv,120,9327,1,32,200,191,200,42
human_120_9328_1_32_200_191.csv,120,9328,1,32,200,191,200,42
human_120_9329_1_32_200_193.csv,120,9329,1,32,200,193,200,42
human_120_932_1_4_200_190.csv,120,932,1,4,200,190,200,42
human_120_9330_1_32_200_180.csv,120,9330,1,32,200,180,200,42
human_120_9331_1_32_200_185.csv,120,9331,1,32,200,185,200,42
human_120_9332_1_32_200_182.csv,120,9332,1,32,200,182,200,42
human_120_9333_1_32_200_181.csv,120,9333,1,32,200,181,200,42
human_120_9334_1_32_200_189.csv,120,9334,1,32,200,189,200,42
human_120_9335_1_32_200_181.csv,120,9335,1,32,200,181,200,42
human_120_9336_1_32_200_185.csv,120,9336,1,32,200,185,200,42
human_120_9337_1_32_200_187.csv,120,9337,1,32,200,187,200,42
human_120_9338_1_32_200_186.csv,120,9338,1,32,200,186,200,42
human_120_9339_1_32_200_177.csv,120,9339,1,32,200,177,200,42
human_120_933_1_4_200_186.csv,120,933,1,4,200,186,200,42
human_120_9340_1_32_200_202.csv,120,9340,1,32,200,202,200,42
human_120_9341_1_32_200_176.csv,120,9341,1,32,200,176,200,42
human_120_9342_1_32_200_183.csv,120,9342,1,32,200,183,200,42
human_120_9343_1_32_200_195.csv,120,9343,1,32,200,195,200,42
human_120_9344_1_32_200_174.csv,120,9344,1,32,200,174,200,42
human_120_9345_1_32_200_200.csv,120,9345,1,32,200,200,200,42
human_120_9346_1_32_200_175.csv,120,9346,1,32,200,175,200,42
human_120_9347_1_32_200_172.csv,120,9347,1,32,200,172,200,42
human_120_9348_1_32_200_193.csv,120,9348,1,32,200,193,200,42
human_120_9349_1_32_200_180.csv,120,9349,1,32,200,180,200,42
human_120_934_1_4_200_186.csv,120,934,1,4,200,186,200,42
human_120_9350_1_32_200_179.csv,120,9350,1,32,200,179,200,42
human_120_9351_2_32_200_186.csv,120,9351,2,32,200,186,200,42
human_120_9352_2_32_200_180.csv,120,9352,2,32,200,180,200,42
human_120_9353_2_32_200_166.csv,120,9353,2,32,200,166,200,42
human_120_9354_2_32_200_176.csv,120,9354,2,32,200,176,200,42
human_120_9355_2_32_200_179.csv,120,9355,2,32,200,179,200,42
human_120_9356_2_32_200_200.csv,120,9356,2,32,200,200,200,42
human_120_9357_2_32_200_188.csv,120,9357,2,32,200,188,200,42
human_120_9358_2_32_200_171.csv,120,9358,2,32,200,171,200,42
human_120_9359_2_32_200_205.csv,120,9359,2,32,200,205,200,42
human_120_935_1_4_200_193.csv,120,935,1,4,200,193,200,42
human_120_9360_2_32_200_174.csv,120,9360,2,32,200,174,200,42
human_120_9361_2_32_200_178.csv,120,9361,2,32,200,178,200,42
human_120_9362_2_32_200_167.csv,120,9362,2,32,200,167,200,42
human_120_9363_2_32_200_163.csv,120,9363,2,32,200,163,200,42
human_120_9364_2_32_200_192.csv,120,9364,2,32,200,192,200,42
human_120_9365_2_32_200_192.csv,120,9365,2,32,200,192,200,42
human_120_9366_2_32_200_176.csv,120,9366,2,32,200,176,200,42
human_120_9367_2_32_200_180.csv,120,9367,2,32,200,180,200,42
human_120_9368_2_32_200_176.csv,120,9368,2,32,200,176,200,42
human_120_9369_2_32_200_175.csv,120,9369,2,32,200,175,200,42
human_120_936_1_4_200_196.csv,120,936,1,4,200,196,200,42
human_120_9370_2_32_200_186.csv,120,9370,2,32,200,186,200,42
human_120_9371_2_32_200_187.csv,120,9371,2,32,200,187,200,42
human_120_9372_2_32_200_184.csv,120,9372,2,32,200,184,200,42
human_120_9373_2_32_200_188.csv,120,9373,2,32,200,188,200,42
human_120_9374_2_32_200_178.csv,120,9374,2,32,200,178,200,42
human_120_9375_2_32_200_180.csv,120,9375,2,32,200,180,200,42
human_120_9376_2_32_200_205.csv,120,9376,2,32,200,205,200,42
human_120_9377_2_32_200_183.csv,120,9377,2,32,200,183,200,42
human_120_9378_2_32_200_182.csv,120,9378,2,32,200,182,200,42
human_120_9379_2_32_200_183.csv,120,9379,2,32,200,183,200,42
human_120_937_1_4_200_188.csv,120,937,1,4,200,188,200,42
human_120_9380_2_32_200_187.csv,120,9380,2,32,200,187,200,42
human_120_9381_2_32_200_172.csv,120,9381,2,32,200,172,200,42
human_120_9382_2_32_200_194.csv,120,9382,2,32,200,194,200,42
human_120_9383_2_32_200_208.csv,120,9383,2,32,200,208,200,42
human_120_9384_2_32_200_177.csv,120,9384,2,32,200,177,200,42
human_120_9385_2_32_200_211.csv,120,9385,2,32,200,211,200,42
human_120_9386_2_32_200_182.csv,120,9386,2,32,200,182,200,42
human_120_9387_2_32_200_191.csv,120,9387,2,32,200,191,200,42
human_120_9388_2_32_200_200.csv,120,9388,2,32,200,200,200,42
human_120_9389_2_32_200_172.csv,120,9389,2,32,200,172,200,42
human_120_938_1_4_200_187.csv,120,938,1,4,200,187,200,42
human_120_9390_2_32_200_188.csv,120,9390,2,32,200,188,200,42
human_120_9391_2_32_200_193.csv,120,9391,2,32,200,193,200,42
human_120_9392_2_32_200_191.csv,120,9392,2,32,200,191,200,42
human_120_9393_2_32_200_184.csv,120,9393,2,32,200,184,200,42
human_120_9394_2_32_200_178.csv,120,9394,2,32,200,178,200,42
human_120_9395_2_32_200_195.csv,120,9395,2,32,200,195,200,42
human_120_9396_2_32_200_190.csv,120,9396,2,32,200,190,200,42
human_120_9397_2_32_200_190.csv,120,9397,2,32,200,190,200,42
human_120_9398_2_32_200_188.csv,120,9398,2,32,200,188,200,42
human_120_9399_2_32_200_190.csv,120,9399,2,32,200,190,200,42
human_120_939_1_4_200_186.csv,120,939,1,4,200,186,200,42
human_120_93_2_1_200_193.csv,120,93,2,1,200,193,200,42
human_120_9400_2_32_200_183.csv,120,9400,2,32,200,183,200,42
human_120_9401_3_32_200_184.csv,120,9401,3,32,200,184,200,42
human_120_9402_3_32_200_194.csv,120,9402,3,32,200,194,200,42
human_120_9403_3_32_200_182.csv,120,9403,3,32,200,182,200,42
human_120_9404_3_32_200_171.csv,120,9404,3,32,200,171,200,42
human_120_9405_3_32_200_187.csv,120,9405,3,32,200,187,200,42
human_120_9406_3_32_200_200.csv,120,9406,3,32,200,200,200,42
human_120_9407_3_32_200_193.csv,120,9407,3,32,200,193,200,42
human_120_9408_3_32_200_200.csv,120,9408,3,32,200,200,200,42
human_120_9409_3_32_200_179.csv,120,9409,3,32,200,179,200,42
human_120_940_1_4_200_181.csv,120,940,1,4,200,181,200,42
human_120_9410_3_32_200_189.csv,120,9410,3,32,200,189,200,42
human_120_9411_3_32_200_190.csv,120,9411,3,32,200,190,200,42
human_120_9412_3_32_200_185.csv,120,9412,3,32,200,185,200,42
human_120_9413_3_32_200_185.csv,120,9413,3,32,200,185,200,42
human_120_9414_3_32_200_205.csv,120,9414,3,32,200,205,200,42
human_120_9415_3_32_200_183.csv,120,9415,3,32,200,183,200,42
human_120_9416_3_32_200_190.csv,120,9416,3,32,200,190,200,42
human_120_9417_3_32_200_200.csv,120,9417,3,32,200,200,200,42
human_120_9418_3_32_200_189.csv,120,9418,3,32,200,189,200,42
human_120_9419_3_32_200_187.csv,120,9419,3,32,200,187,200,42
human_120_941_1_4_200_174.csv,120,941,1,4,200,174,200,42
human_120_9420_3_32_200_172.csv,120,9420,3,32,200,172,200,42
human_120_9421_3_32_200_173.csv,120,9421,3,32,200,173,200,42
human_120_9422_3_32_200_198.csv,120,9422,3,32,200,198,200,42
human_120_9423_3_32_200_193.csv,120,9423,3,32,200,193,200,42
human_120_9424_3_32_200_180.csv,120,9424,3,32,200,180,200,42
human_120_9425_3_32_200_204.csv,120,9425,3,32,200,204,200,42
human_120_9426_3_32_200_183.csv,120,9426,3,32,200,183,200,42
human_120_9427_3_32_200_184.csv,120,9427,3,32,200,184,200,42
human_120_9428_3_32_200_179.csv,120,9428,3,32,200,179,200,42
human_120_9429_3_32_200_180.csv,120,9429,3,32,200,180,200,42
human_120_942_1_4_200_191.csv,120,942,1,4,200,191,200,42
human_120_9430_3_32_200_200.csv,120,9430,3,32,200,200,200,42
human_120_9431_3_32_200_187.csv,120,9431,3,32,200,187,200,42
human_120_9432_3_32_200_182.csv,120,9432,3,32,200,182,200,42
human_120_9433_3_32_200_190.csv,120,9433,3,32,200,190,200,42
human_120_9434_3_32_200_185.csv,120,9434,3,32,200,185,200,42
human_120_9435_3_32_200_185.csv,120,9435,3,32,200,185,200,42
human_120_9436_3_32_200_189.csv,120,9436,3,32,200,189,200,42
human_120_9437_3_32_200_188.csv,120,9437,3,32,200,188,200,42
human_120_9438_3_32_200_189.csv,120,9438,3,32,200,189,200,42
human_120_9439_3_32_200_198.csv,120,9439,3,32,200,198,200,42
human_120_943_1_4_200_180.csv,120,943,1,4,200,180,200,42
human_120_9440_3_32_200_185.csv,120,9440,3,32,200,185,200,42
human_120_9441_3_32_200_188.csv,120,9441,3,32,200,188,200,42
human_120_9442_3_32_200_190.csv,120,9442,3,32,200,190,200,42
human_120_9443_3_32_200_193.csv,120,9443,3,32,200,193,200,42
human_120_9444_3_32_200_185.csv,120,9444,3,32,200,185,200,42
human_120_9445_3_32_200_193.csv,120,9445,3,32,200,193,200,42
human_120_9446_3_32_200_179.csv,120,9446,3,32,200,179,200,42
human_120_9447_3_32_200_172.csv,120,9447,3,32,200,172,200,42
human_120_9448_3_32_200_200.csv,120,9448,3,32,200,200,200,42
human_120_9449_3_32_200_164.csv,120,9449,3,32,200,164,200,42
human_120_944_1_4_200_172.csv,120,944,1,4,200,172,200,42
human_120_9450_3_32_200_186.csv,120,9450,3,32,200,186,200,42
human_120_9451_4_32_200_154.csv,120,9451,4,32,200,154,200,42
human_120_9452_4_32_200_164.csv,120,9452,4,32,200,164,200,42
human_120_9453_4_32_200_179.csv,120,9453,4,32,200,179,200,42
human_120_9454_4_32_200_165.csv,120,9454,4,32,200,165,200,42
human_120_9455_4_32_200_160.csv,120,9455,4,32,200,160,200,42
human_120_9456_4_32_200_153.csv,120,9456,4,32,200,153,200,42
human_120_9457_4_32_200_165.csv,120,9457,4,32,200,165,200,42
human_120_9458_4_32_200_165.csv,120,9458,4,32,200,165,200,42
human_120_9459_4_32_200_152.csv,120,9459,4,32,200,152,200,42
human_120_945_1_4_200_197.csv,120,945,1,4,200,197,200,42
human_120_9460_4_32_200_154.csv,120,9460,4,32,200,154,200,42
human_120_9461_4_32_200_164.csv,120,9461,4,32,200,164,200,42
human_120_9462_4_32_200_156.csv,120,9462,4,32,200,156,200,42
human_120_9463_4_32_200_157.csv,120,9463,4,32,200,157,200,42
human_120_9464_4_32_200_171.csv,120,9464,4,32,200,171,200,42
human_120_9465_4_32_200_161.csv,120,9465,4,32,200,161,200,42
human_120_9466_4_32_200_168.csv,120,9466,4,32,200,168,200,42
human_120_9467_4_32_200_150.csv,120,9467,4,32,200,150,200,42
human_120_9468_4_32_200_176.csv,120,9468,4,32,200,176,200,42
human_120_9469_4_32_200_150.csv,120,9469,4,32,200,150,200,42
human_120_946_1_4_200_176.csv,120,946,1,4,200,176,200,42
human_120_9470_4_32_200_153.csv,120,9470,4,32,200,153,200,42
human_120_9471_4_32_200_155.csv,120,9471,4,32,200,155,200,42
human_120_9472_4_32_200_168.csv,120,9472,4,32,200,168,200,42
human_120_9473_4_32_200_150.csv,120,9473,4,32,200,150,200,42
human_120_9474_4_32_200_157.csv,120,9474,4,32,200,157,200,42
human_120_9475_4_32_200_160.csv,120,9475,4,32,200,160,200,42
human_120_9476_4_32_200_186.csv,120,9476,4,32,200,186,200,42
human_120_9477_4_32_200_158.csv,120,9477,4,32,200,158,200,42
human_120_9478_4_32_200_151.csv,120,9478,4,32,200,151,200,42
human_120_9479_4_32_200_152.csv,120,9479,4,32,200,152,200,42
human_120_947_1_4_200_190.csv,120,947,1,4,200,190,200,42
human_120_9480_4_32_200_183.csv,120,9480,4,32,200,183,200,42
human_120_9481_4_32_200_162.csv,120,9481,4,32,200,162,200,42
human_120_9482_4_32_200_167.csv,120,9482,4,32,200,167,200,42
human_120_9483_4_32_200_170.csv,120,9483,4,32,200,170,200,42
human_120_9484_4_32_200_173.csv,120,9484,4,32,200,173,200,42
human_120_9485_4_32_200_157.csv,120,9485,4,32,200,157,200,42
human_120_9486_4_32_200_182.csv,120,9486,4,32,200,182,200,42
human_120_9487_4_32_200_190.csv,120,9487,4,32,200,190,200,42
human_120_9488_4_32_200_183.csv,120,9488,4,32,200,183,200,42
human_120_9489_4_32_200_160.csv,120,9489,4,32,200,160,200,42
human_120_948_1_4_200_197.csv,120,948,1,4,200,197,200,42
human_120_9490_4_32_200_157.csv,120,9490,4,32,200,157,200,42
human_120_9491_4_32_200_162.csv,120,9491,4,32,200,162,200,42
human_120_9492_4_32_200_165.csv,120,9492,4,32,200,165,200,42
human_120_9493_4_32_200_166.csv,120,9493,4,32,200,166,200,42
human_120_9494_4_32_200_160.csv,120,9494,4,32,200,160,200,42
human_120_9495_4_32_200_160.csv,120,9495,4,32,200,160,200,42
human_120_9496_4_32_200_176.csv,120,9496,4,32,200,176,200,42
human_120_9497_4_32_200_166.csv,120,9497,4,32,200,166,200,42
human_120_9498_4_32_200_156.csv,120,9498,4,32,200,156,200,42
human_120_9499_4_32_200_170.csv,120,9499,4,32,200,170,200,42
human_120_949_1_4_200_197.csv,120,949,1,4,200,197,200,42
human_120_94_2_1_200_200.csv,120,94,2,1,200,200,200,42
human_120_9500_4_32_200_153.csv,120,9500,4,32,200,153,200,42
human_120_9501_5_32_200_195.csv,120,9501,5,32,200,195,200,42
human_120_9502_5_32_200_180.csv,120,9502,5,32,200,180,200,42
human_120_9503_5_32_200_186.csv,120,9503,5,32,200,186,200,42
human_120_9504_5_32_200_184.csv,120,9504,5,32,200,184,200,42
human_120_9505_5_32_200_183.csv,120,9505,5,32,200,183,200,42
human_120_9506_5_32_200_186.csv,120,9506,5,32,200,186,200,42
human_120_9507_5_32_200_184.csv,120,9507,5,32,200,184,200,42
human_120_9508_5_32_200_199.csv,120,9508,5,32,200,199,200,42
human_120_9509_5_32_200_173.csv,120,9509,5,32,200,173,200,42
human_120_950_1_4_200_193.csv,120,950,1,4,200,193,200,42
human_120_9510_5_32_200_182.csv,120,9510,5,32,200,182,200,42
human_120_9511_5_32_200_175.csv,120,9511,5,32,200,175,200,42
human_120_9512_5_32_200_189.csv,120,9512,5,32,200,189,200,42
human_120_9513_5_32_200_173.csv,120,9513,5,32,200,173,200,42
human_120_9514_5_32_200_173.csv,120,9514,5,32,200,173,200,42
human_120_9515_5_32_200_178.csv,120,9515,5,32,200,178,200,42
human_120_9516_5_32_200_178.csv,120,9516,5,32,200,178,200,42
human_120_9517_5_32_200_176.csv,120,9517,5,32,200,176,200,42
human_120_9518_5_32_200_177.csv,120,9518,5,32,200,177,200,42
human_120_9519_5_32_200_170.csv,120,9519,5,32,200,170,200,42
human_120_951_2_4_200_185.csv,120,951,2,4,200,185,200,42
human_120_9520_5_32_200_171.csv,120,9520,5,32,200,171,200,42
human_120_9521_5_32_200_165.csv,120,9521,5,32,200,165,200,42
human_120_9522_5_32_200_197.csv,120,9522,5,32,200,197,200,42
human_120_9523_5_32_200_194.csv,120,9523,5,32,200,194,200,42
human_120_9524_5_32_200_178.csv,120,9524,5,32,200,178,200,42
human_120_9525_5_32_200_184.csv,120,9525,5,32,200,184,200,42
human_120_9526_5_32_200_179.csv,120,9526,5,32,200,179,200,42
human_120_9527_5_32_200_192.csv,120,9527,5,32,200,192,200,42
human_120_9528_5_32_200_192.csv,120,9528,5,32,200,192,200,42
human_120_9529_5_32_200_198.csv,120,9529,5,32,200,198,200,42
human_120_952_2_4_200_181.csv,120,952,2,4,200,181,200,42
human_120_9530_5_32_200_175.csv,120,9530,5,32,200,175,200,42
human_120_9531_5_32_200_175.csv,120,9531,5,32,200,175,200,42
human_120_9532_5_32_200_192.csv,120,9532,5,32,200,192,200,42
human_120_9533_5_32_200_177.csv,120,9533,5,32,200,177,200,42
human_120_9534_5_32_200_189.csv,120,9534,5,32,200,189,200,42
human_120_9535_5_32_200_173.csv,120,9535,5,32,200,173,200,42
human_120_9536_5_32_200_175.csv,120,9536,5,32,200,175,200,42
human_120_9537_5_32_200_195.csv,120,9537,5,32,200,195,200,42
human_120_9538_5_32_200_187.csv,120,9538,5,32,200,187,200,42
human_120_9539_5_32_200_178.csv,120,9539,5,32,200,178,200,42
human_120_953_2_4_200_192.csv,120,953,2,4,200,192,200,42
human_120_9540_5_32_200_190.csv,120,9540,5,32,200,190,200,42
human_120_9541_5_32_200_187.csv,120,9541,5,32,200,187,200,42
human_120_9542_5_32_200_193.csv,120,9542,5,32,200,193,200,42
human_120_9543_5_32_200_174.csv,120,9543,5,32,200,174,200,42
human_120_9544_5_32_200_176.csv,120,9544,5,32,200,176,200,42
human_120_9545_5_32_200_181.csv,120,9545,5,32,200,181,200,42
human_120_9546_5_32_200_172.csv,120,9546,5,32,200,172,200,42
human_120_9547_5_32_200_193.csv,120,9547,5,32,200,193,200,42
human_120_9548_5_32_200_187.csv,120,9548,5,32,200,187,200,42
human_120_9549_5_32_200_185.csv,120,9549,5,32,200,185,200,42
human_120_954_2_4_200_200.csv,120,954,2,4,200,200,200,42
human_120_9550_5_32_200_192.csv,120,9550,5,32,200,192,200,42
human_120_9551_6_32_200_181.csv,120,9551,6,32,200,181,200,42
human_120_9552_6_32_200_181.csv,120,9552,6,32,200,181,200,42
human_120_9553_6_32_200_189.csv,120,9553,6,32,200,189,200,42
human_120_9554_6_32_200_169.csv,120,9554,6,32,200,169,200,42
human_120_9555_6_32_200_182.csv,120,9555,6,32,200,182,200,42
human_120_9556_6_32_200_172.csv,120,9556,6,32,200,172,200,42
human_120_9557_6_32_200_187.csv,120,9557,6,32,200,187,200,42
human_120_9558_6_32_200_182.csv,120,9558,6,32,200,182,200,42
human_120_9559_6_32_200_185.csv,120,9559,6,32,200,185,200,42
human_120_955_2_4_200_188.csv,120,955,2,4,200,188,200,42
human_120_9560_6_32_200_175.csv,120,9560,6,32,200,175,200,42
human_120_9561_6_32_200_184.csv,120,9561,6,32,200,184,200,42
human_120_9562_6_32_200_172.csv,120,9562,6,32,200,172,200,42
human_120_9563_6_32_200_192.csv,120,9563,6,32,200,192,200,42
human_120_9564_6_32_200_194.csv,120,9564,6,32,200,194,200,42
human_120_9565_6_32_200_180.csv,120,9565,6,32,200,180,200,42
human_120_9566_6_32_200_191.csv,120,9566,6,32,200,191,200,42
human_120_9567_6_32_200_174.csv,120,9567,6,32,200,174,200,42
human_120_9568_6_32_200_166.csv,120,9568,6,32,200,166,200,42
human_120_9569_6_32_200_175.csv,120,9569,6,32,200,175,200,42
human_120_956_2_4_200_179.csv,120,956,2,4,200,179,200,42
human_120_9570_6_32_200_160.csv,120,9570,6,32,200,160,200,42
human_120_9571_6_32_200_187.csv,120,9571,6,32,200,187,200,42
human_120_9572_6_32_200_176.csv,120,9572,6,32,200,176,200,42
human_120_9573_6_32_200_182.csv,120,9573,6,32,200,182,200,42
human_120_9574_6_32_200_176.csv,120,9574,6,32,200,176,200,42
human_120_9575_6_32_200_190.csv,120,9575,6,32,200,190,200,42
human_120_9576_6_32_200_172.csv,120,9576,6,32,200,172,200,42
human_120_9577_6_32_200_197.csv,120,9577,6,32,200,197,200,42
human_120_9578_6_32_200_190.csv,120,9578,6,32,200,190,200,42
human_120_9579_6_32_200_181.csv,120,9579,6,32,200,181,200,42
human_120_957_2_4_200_198.csv,120,957,2,4,200,198,200,42
human_120_9580_6_32_200_176.csv,120,9580,6,32,200,176,200,42
human_120_9581_6_32_200_179.csv,120,9581,6,32,200,179,200,42
human_120_9582_6_32_200_190.csv,120,9582,6,32,200,190,200,42
human_120_9583_6_32_200_179.csv,120,9583,6,32,200,179,200,42
human_120_9584_6_32_200_157.csv,120,9584,6,32,200,157,200,42
human_120_9585_6_32_200_206.csv,120,9585,6,32,200,206,200,42
human_120_9586_6_32_200_165.csv,120,9586,6,32,200,165,200,42
human_120_9587_6_32_200_166.csv,120,9587,6,32,200,166,200,42
human_120_9588_6_32_200_176.csv,120,9588,6,32,200,176,200,42
human_120_9589_6_32_200_182.csv,120,9589,6,32,200,182,200,42
human_120_958_2_4_200_189.csv,120,958,2,4,200,189,200,42
human_120_9590_6_32_200_181.csv,120,9590,6,32,200,181,200,42
human_120_9591_6_32_200_187.csv,120,9591,6,32,200,187,200,42
human_120_9592_6_32_200_174.csv,120,9592,6,32,200,174,200,42
human_120_9593_6_32_200_188.csv,120,9593,6,32,200,188,200,42
human_120_9594_6_32_200_198.csv,120,9594,6,32,200,198,200,42
human_120_9595_6_32_200_174.csv,120,9595,6,32,200,174,200,42
human_120_9596_6_32_200_176.csv,120,9596,6,32,200,176,200,42
human_120_9597_6_32_200_166.csv,120,9597,6,32,200,166,200,42
human_120_9598_6_32_200_171.csv,120,9598,6,32,200,171,200,42
human_120_9599_6_32_200_187.csv,120,9599,6,32,200,187,200,42
human_120_959_2_4_200_187.csv,120,959,2,4,200,187,200,42
human_120_95_2_1_200_205.csv,120,95,2,1,200,205,200,42
human_120_9600_6_32_200_182.csv,120,9600,6,32,200,182,200,42
human_120_9601_1_33_200_184.csv,120,9601,1,33,200,184,200,42
human_120_9602_1_33_200_203.csv,120,9602,1,33,200,203,200,42
human_120_9603_1_33_200_192.csv,120,9603,1,33,200,192,200,42
human_120_9604_1_33_200_196.csv,120,9604,1,33,200,196,200,42
human_120_9605_1_33_200_191.csv,120,9605,1,33,200,191,200,42
human_120_9606_1_33_200_200.csv,120,9606,1,33,200,200,200,42
human_120_9607_1_33_200_179.csv,120,9607,1,33,200,179,200,42
human_120_9608_1_33_200_197.csv,120,9608,1,33,200,197,200,42
human_120_9609_1_33_200_198.csv,120,9609,1,33,200,198,200,42
human_120_960_2_4_200_186.csv,120,960,2,4,200,186,200,42
human_120_9610_1_33_200_183.csv,120,9610,1,33,200,183,200,42
human_120_9611_1_33_200_170.csv,120,9611,1,33,200,170,200,42
human_120_9612_1_33_200_200.csv,120,9612,1,33,200,200,200,42
human_120_9613_1_33_200_190.csv,120,9613,1,33,200,190,200,42
human_120_9614_1_33_200_200.csv,120,9614,1,33,200,200,200,42
human_120_9615_1_33_200_180.csv,120,9615,1,33,200,180,200,42
human_120_9616_1_33_200_197.csv,120,9616,1,33,200,197,200,42
human_120_9617_1_33_200_192.csv,120,9617,1,33,200,192,200,42
human_120_9618_1_33_200_185.csv,120,9618,1,33,200,185,200,42
human_120_9619_1_33_200_188.csv,120,9619,1,33,200,188,200,42
human_120_961_2_4_200_195.csv,120,961,2,4,200,195,200,42
human_120_9620_1_33_200_188.csv,120,9620,1,33,200,188,200,42
human_120_9621_1_33_200_190.csv,120,9621,1,33,200,190,200,42
human_120_9622_1_33_200_179.csv,120,9622,1,33,200,179,200,42
human_120_9623_1_33_200_195.csv,120,9623,1,33,200,195,200,42
human_120_9624_1_33_200_200.csv,120,9624,1,33,200,200,200,42
human_120_9625_1_33_200_184.csv,120,9625,1,33,200,184,200,42
human_120_9626_1_33_200_192.csv,120,9626,1,33,200,192,200,42
human_120_9627_1_33_200_188.csv,120,9627,1,33,200,188,200,42
human_120_9628_1_33_200_190.csv,120,9628,1,33,200,190,200,42
human_120_9629_1_33_200_199.csv,120,9629,1,33,200,199,200,42
human_120_962_2_4_200_205.csv,120,962,2,4,200,205,200,42
human_120_9630_1_33_200_177.csv,120,9630,1,33,200,177,200,42
human_120_9631_1_33_200_200.csv,120,9631,1,33,200,200,200,42
human_120_9632_1_33_200_162.csv,120,9632,1,33,200,162,200,42
human_120_9633_1_33_200_183.csv,120,9633,1,33,200,183,200,42
human_120_9634_1_33_200_194.csv,120,9634,1,33,200,194,200,42
human_120_9635_1_33_200_194.csv,120,9635,1,33,200,194,200,42
human_120_9636_1_33_200_187.csv,120,9636,1,33,200,187,200,42
human_120_9637_1_33_200_210.csv,120,9637,1,33,200,210,200,42
human_120_9638_1_33_200_200.csv,120,9638,1,33,200,200,200,42
human_120_9639_1_33_200_160.csv,120,9639,1,33,200,160,200,42
human_120_963_2_4_200_183.csv,120,963,2,4,200,183,200,42
human_120_9640_1_33_200_177.csv,120,9640,1,33,200,177,200,42
human_120_9641_1_33_200_172.csv,120,9641,1,33,200,172,200,42
human_120_9642_1_33_200_183.csv,120,9642,1,33,200,183,200,42
human_120_9643_1_33_200_198.csv,120,9643,1,33,200,198,200,42
human_120_9644_1_33_200_185.csv,120,9644,1,33,200,185,200,42
human_120_9645_1_33_200_195.csv,120,9645,1,33,200,195,200,42
human_120_9646_1_33_200_193.csv,120,9646,1,33,200,193,200,42
human_120_9647_1_33_200_160.csv,120,9647,1,33,200,160,200,42
human_120_9648_1_33_200_188.csv,120,9648,1,33,200,188,200,42
human_120_9649_1_33_200_200.csv,120,9649,1,33,200,200,200,42
human_120_964_2_4_200_205.csv,120,964,2,4,200,205,200,42
human_120_9650_1_33_200_186.csv,120,9650,1,33,200,186,200,42
human_120_9651_2_33_200_213.csv,120,9651,2,33,200,213,200,42
human_120_9652_2_33_200_189.csv,120,9652,2,33,200,189,200,42
human_120_9653_2_33_200_182.csv,120,9653,2,33,200,182,200,42
human_120_9654_2_33_200_184.csv,120,9654,2,33,200,184,200,42
human_120_9655_2_33_200_179.csv,120,9655,2,33,200,179,200,42
human_120_9656_2_33_200_174.csv,120,9656,2,33,200,174,200,42
human_120_9657_2_33_200_156.csv,120,9657,2,33,200,156,200,42
human_120_9658_2_33_200_214.csv,120,9658,2,33,200,214,200,42
human_120_9659_2_33_200_187.csv,120,9659,2,33,200,187,200,42
human_120_965_2_4_200_200.csv,120,965,2,4,200,200,200,42
human_120_9660_2_33_200_189.csv,120,9660,2,33,200,189,200,42
human_120_9661_2_33_200_194.csv,120,9661,2,33,200,194,200,42
human_120_9662_2_33_200_175.csv,120,9662,2,33,200,175,200,42
human_120_9663_2_33_200_191.csv,120,9663,2,33,200,191,200,42
human_120_9664_2_33_200_180.csv,120,9664,2,33,200,180,200,42
human_120_9665_2_33_200_182.csv,120,9665,2,33,200,182,200,42
human_120_9666_2_33_200_196.csv,120,9666,2,33,200,196,200,42
human_120_9667_2_33_200_176.csv,120,9667,2,33,200,176,200,42
human_120_9668_2_33_200_187.csv,120,9668,2,33,200,187,200,42
human_120_9669_2_33_200_180.csv,120,9669,2,33,200,180,200,42
human_120_966_2_4_200_200.csv,120,966,2,4,200,200,200,42
human_120_9670_2_33_200_191.csv,120,9670,2,33,200,191,200,42
human_120_9671_2_33_200_172.csv,120,9671,2,33,200,172,200,42
human_120_9672_2_33_200_204.csv,120,9672,2,33,200,204,200,42
human_120_9673_2_33_200_173.csv,120,9673,2,33,200,173,200,42
human_120_9674_2_33_200_191.csv,120,9674,2,33,200,191,200,42
human_120_9675_2_33_200_184.csv,120,9675,2,33,200,184,200,42
human_120_9676_2_33_200_185.csv,120,9676,2,33,200,185,200,42
human_120_9677_2_33_200_180.csv,120,9677,2,33,200,180,200,42
human_120_9678_2_33_200_191.csv,120,9678,2,33,200,191,200,42
human_120_9679_2_33_200_184.csv,120,9679,2,33,200,184,200,42
human_120_967_2_4_200_200.csv,120,967,2,4,200,200,200,42
human_120_9680_2_33_200_185.csv,120,9680,2,33,200,185,200,42
human_120_9681_2_33_200_185.csv,120,9681,2,33,200,185,200,42
human_120_9682_2_33_200_187.csv,120,9682,2,33,200,187,200,42
human_120_9683_2_33_200_171.csv,120,9683,2,33,200,171,200,42
human_120_9684_2_33_200_197.csv,120,9684,2,33,200,197,200,42
human_120_9685_2_33_200_178.csv,120,9685,2,33,200,178,200,42
human_120_9686_2_33_200_192.csv,120,9686,2,33,200,192,200,42
human_120_9687_2_33_200_190.csv,120,9687,2,33,200,190,200,42
human_120_9688_2_33_200_176.csv,120,9688,2,33,200,176,200,42
human_120_9689_2_33_200_188.csv,120,9689,2,33,200,188,200,42
human_120_968_2_4_200_202.csv,120,968,2,4,200,202,200,42
human_120_9690_2_33_200_179.csv,120,9690,2,33,200,179,200,42
human_120_9691_2_33_200_188.csv,120,9691,2,33,200,188,200,42
human_120_9692_2_33_200_180.csv,120,9692,2,33,200,180,200,42
human_120_9693_2_33_200_188.csv,120,9693,2,33,200,188,200,42
human_120_9694_2_33_200_183.csv,120,9694,2,33,200,183,200,42
human_120_9695_2_33_200_189.csv,120,9695,2,33,200,189,200,42
human_120_9696_2_33_200_184.csv,120,9696,2,33,200,184,200,42
human_120_9697_2_33_200_183.csv,120,9697,2,33,200,183,200,42
human_120_9698_2_33_200_176.csv,120,9698,2,33,200,176,200,42
human_120_9699_2_33_200_192.csv,120,9699,2,33,200,192,200,42
human_120_969_2_4_200_190.csv,120,969,2,4,200,190,200,42
human_120_96_2_1_200_195.csv,120,96,2,1,200,195,200,42
human_120_9700_2_33_200_183.csv,120,9700,2,33,200,183,200,42
human_120_9701_3_33_200_209.csv,120,9701,3,33,200,209,200,42
human_120_9702_3_33_200_201.csv,120,9702,3,33,200,201,200,42
human_120_9703_3_33_200_191.csv,120,9703,3,33,200,191,200,42
human_120_9704_3_33_200_190.csv,120,9704,3,33,200,190,200,42
human_120_9705_3_33_200_184.csv,120,9705,3,33,200,184,200,42
human_120_9706_3_33_200_192.csv,120,9706,3,33,200,192,200,42
human_120_9707_3_33_200_195.csv,120,9707,3,33,200,195,200,42
human_120_9708_3_33_200_188.csv,120,9708,3,33,200,188,200,42
human_120_9709_3_33_200_172.csv,120,9709,3,33,200,172,200,42
human_120_970_2_4_200_172.csv,120,970,2,4,200,172,200,42
human_120_9710_3_33_200_181.csv,120,9710,3,33,200,181,200,42
human_120_9711_3_33_200_183.csv,120,9711,3,33,200,183,200,42
human_120_9712_3_33_200_181.csv,120,9712,3,33,200,181,200,42
human_120_9713_3_33_200_200.csv,120,9713,3,33,200,200,200,42
human_120_9714_3_33_200_180.csv,120,9714,3,33,200,180,200,42
human_120_9715_3_33_200_190.csv,120,9715,3,33,200,190,200,42
human_120_9716_3_33_200_182.csv,120,9716,3,33,200,182,200,42
human_120_9717_3_33_200_193.csv,120,9717,3,33,200,193,200,42
human_120_9718_3_33_200_182.csv,120,9718,3,33,200,182,200,42
human_120_9719_3_33_200_198.csv,120,9719,3,33,200,198,200,42
human_120_971_2_4_200_200.csv,120,971,2,4,200,200,200,42
human_120_9720_3_33_200_184.csv,120,9720,3,33,200,184,200,42
human_120_9721_3_33_200_190.csv,120,9721,3,33,200,190,200,42
human_120_9722_3_33_200_185.csv,120,9722,3,33,200,185,200,42
human_120_9723_3_33_200_200.csv,120,9723,3,33,200,200,200,42
human_120_9724_3_33_200_191.csv,120,9724,3,33,200,191,200,42
human_120_9725_3_33_200_189.csv,120,9725,3,33,200,189,200,42
human_120_9726_3_33_200_170.csv,120,9726,3,33,200,170,200,42
human_120_9727_3_33_200_206.csv,120,9727,3,33,200,206,200,42
human_120_9728_3_33_200_189.csv,120,9728,3,33,200,189,200,42
human_120_9729_3_33_200_184.csv,120,9729,3,33,200,184,200,42
human_120_972_2_4_200_200.csv,120,972,2,4,200,200,200,42
human_120_9730_3_33_200_197.csv,120,9730,3,33,200,197,200,42
human_120_9731_3_33_200_189.csv,120,9731,3,33,200,189,200,42
human_120_9732_3_33_200_204.csv,120,9732,3,33,200,204,200,42
human_120_9733_3_33_200_186.csv,120,9733,3,33,200,186,200,42
human_120_9734_3_33_200_195.csv,120,9734,3,33,200,195,200,42
human_120_9735_3_33_200_194.csv,120,9735,3,33,200,194,200,42
human_120_9736_3_33_200_192.csv,120,9736,3,33,200,192,200,42
human_120_9737_3_33_200_187.csv,120,9737,3,33,200,187,200,42
human_120_9738_3_33_200_190.csv,120,9738,3,33,200,190,200,42
human_120_9739_3_33_200_198.csv,120,9739,3,33,200,198,200,42
human_120_973_2_4_200_200.csv,120,973,2,4,200,200,200,42
human_120_9740_3_33_200_186.csv,120,9740,3,33,200,186,200,42
human_120_9741_3_33_200_201.csv,120,9741,3,33,200,201,200,42
human_120_9742_3_33_200_194.csv,120,9742,3,33,200,194,200,42
human_120_9743_3_33_200_193.csv,120,9743,3,33,200,193,200,42
human_120_9744_3_33_200_185.csv,120,9744,3,33,200,185,200,42
human_120_9745_3_33_200_195.csv,120,9745,3,33,200,195,200,42
human_120_9746_3_33_200_174.csv,120,9746,3,33,200,174,200,42
human_120_9747_3_33_200_197.csv,120,9747,3,33,200,197,200,42
human_120_9748_3_33_200_190.csv,120,9748,3,33,200,190,200,42
human_120_9749_3_33_200_163.csv,120,9749,3,33,200,163,200,42
human_120_974_2_4_200_207.csv,120,974,2,4,200,207,200,42
human_120_9750_3_33_200_183.csv,120,9750,3,33,200,183,200,42
human_120_9751_4_33_200_192.csv,120,9751,4,33,200,192,200,42
human_120_9752_4_33_200_192.csv,120,9752,4,33,200,192,200,42
human_120_9753_4_33_200_184.csv,120,9753,4,33,200,184,200,42
human_120_9754_4_33_200_176.csv,120,9754,4,33,200,176,200,42
human_120_9755_4_33_200_179.csv,120,9755,4,33,200,179,200,42
human_120_9756_4_33_200_189.csv,120,9756,4,33,200,189,200,42
human_120_9757_4_33_200_187.csv,120,9757,4,33,200,187,200,42
human_120_9758_4_33_200_185.csv,120,9758,4,33,200,185,200,42
human_120_9759_4_33_200_180.csv,120,9759,4,33,200,180,200,42
human_120_975_2_4_200_209.csv,120,975,2,4,200,209,200,42
human_120_9760_4_33_200_166.csv,120,9760,4,33,200,166,200,42
human_120_9761_4_33_200_178.csv,120,9761,4,33,200,178,200,42
human_120_9762_4_33_200_190.csv,120,9762,4,33,200,190,200,42
human_120_9763_4_33_200_170.csv,120,9763,4,33,200,170,200,42
human_120_9764_4_33_200_150.csv,120,9764,4,33,200,150,200,42
human_120_9765_4_33_200_200.csv,120,9765,4,33,200,200,200,42
human_120_9766_4_33_200_177.csv,120,9766,4,33,200,177,200,42
human_120_9767_4_33_200_195.csv,120,9767,4,33,200,195,200,42
human_120_9768_4_33_200_166.csv,120,9768,4,33,200,166,200,42
human_120_9769_4_33_200_174.csv,120,9769,4,33,200,174,200,42
human_120_976_2_4_200_200.csv,120,976,2,4,200,200,200,42
human_120_9770_4_33_200_188.csv,120,9770,4,33,200,188,200,42
human_120_9771_4_33_200_174.csv,120,9771,4,33,200,174,200,42
human_120_9772_4_33_200_182.csv,120,9772,4,33,200,182,200,42
human_120_9773_4_33_200_174.csv,120,9773,4,33,200,174,200,42
human_120_9774_4_33_200_180.csv,120,9774,4,33,200,180,200,42
human_120_9775_4_33_200_177.csv,120,9775,4,33,200,177,200,42
human_120_9776_4_33_200_175.csv,120,9776,4,33,200,175,200,42
human_120_9777_4_33_200_174.csv,120,9777,4,33,200,174,200,42
human_120_9778_4_33_200_177.csv,120,9778,4,33,200,177,200,42
human_120_9779_4_33_200_182.csv,120,9779,4,33,200,182,200,42
human_120_977_2_4_200_220.csv,120,977,2,4,200,220,200,42
human_120_9780_4_33_200_197.csv,120,9780,4,33,200,197,200,42
human_120_9781_4_33_200_171.csv,120,9781,4,33,200,171,200,42
human_120_9782_4_33_200_191.csv,120,9782,4,33,200,191,200,42
human_120_9783_4_33_200_170.csv,120,9783,4,33,200,170,200,42
human_120_9784_4_33_200_181.csv,120,9784,4,33,200,181,200,42
human_120_9785_4_33_200_156.csv,120,9785,4,33,200,156,200,42
human_120_9786_4_33_200_181.csv,120,9786,4,33,200,181,200,42
human_120_9787_4_33_200_155.csv,120,9787,4,33,200,155,200,42
human_120_9788_4_33_200_182.csv,120,9788,4,33,200,182,200,42
human_120_9789_4_33_200_186.csv,120,9789,4,33,200,186,200,42
human_120_978_2_4_200_200.csv,120,978,2,4,200,200,200,42
human_120_9790_4_33_200_194.csv,120,9790,4,33,200,194,200,42
human_120_9791_4_33_200_181.csv,120,9791,4,33,200,181,200,42
human_120_9792_4_33_200_192.csv,120,9792,4,33,200,192,200,42
human_120_9793_4_33_200_174.csv,120,9793,4,33,200,174,200,42
human_120_9794_4_33_200_195.csv,120,9794,4,33,200,195,200,42
human_120_9795_4_33_200_178.csv,120,9795,4,33,200,178,200,42
human_120_9796_4_33_200_181.csv,120,9796,4,33,200,181,200,42
human_120_9797_4_33_200_195.csv,120,9797,4,33,200,195,200,42
human_120_9798_4_33_200_173.csv,120,9798,4,33,200,173,200,42
human_120_9799_4_33_200_158.csv,120,9799,4,33,200,158,200,42
human_120_979_2_4_200_200.csv,120,979,2,4,200,200,200,42
human_120_97_2_1_200_202.csv,120,97,2,1,200,202,200,42
human_120_9800_4_33_200_214.csv,120,9800,4,33,200,214,200,42
human_120_9801_5_33_200_173.csv,120,9801,5,33,200,173,200,42
human_120_9802_5_33_200_166.csv,120,9802,5,33,200,166,200,42
human_120_9803_5_33_200_200.csv,120,9803,5,33,200,200,200,42
human_120_9804_5_33_200_169.csv,120,9804,5,33,200,169,200,42
human_120_9805_5_33_200_190.csv,120,9805,5,33,200,190,200,42
human_120_9806_5_33_200_169.csv,120,9806,5,33,200,169,200,42
human_120_9807_5_33_200_176.csv,120,9807,5,33,200,176,200,42
human_120_9808_5_33_200_167.csv,120,9808,5,33,200,167,200,42
human_120_9809_5_33_200_186.csv,120,9809,5,33,200,186,200,42
human_120_980_2_4_200_200.csv,120,980,2,4,200,200,200,42
human_120_9810_5_33_200_175.csv,120,9810,5,33,200,175,200,42
human_120_9811_5_33_200_171.csv,120,9811,5,33,200,171,200,42
human_120_9812_5_33_200_177.csv,120,9812,5,33,200,177,200,42
human_120_9813_5_33_200_173.csv,120,9813,5,33,200,173,200,42
human_120_9814_5_33_200_180.csv,120,9814,5,33,200,180,200,42
human_120_9815_5_33_200_181.csv,120,9815,5,33,200,181,200,42
human_120_9816_5_33_200_180.csv,120,9816,5,33,200,180,200,42
human_120_9817_5_33_200_162.csv,120,9817,5,33,200,162,200,42
human_120_9818_5_33_200_180.csv,120,9818,5,33,200,180,200,42
human_120_9819_5_33_200_184.csv,120,9819,5,33,200,184,200,42
human_120_981_2_4_200_212.csv,120,981,2,4,200,212,200,42
human_120_9820_5_33_200_179.csv,120,9820,5,33,200,179,200,42
human_120_9821_5_33_200_188.csv,120,9821,5,33,200,188,200,42
human_120_9822_5_33_200_173.csv,120,9822,5,33,200,173,200,42
human_120_9823_5_33_200_178.csv,120,9823,5,33,200,178,200,42
human_120_9824_5_33_200_189.csv,120,9824,5,33,200,189,200,42
human_120_9825_5_33_200_167.csv,120,9825,5,33,200,167,200,42
human_120_9826_5_33_200_177.csv,120,9826,5,33,200,177,200,42
human_120_9827_5_33_200_186.csv,120,9827,5,33,200,186,200,42
human_120_9828_5_33_200_176.csv,120,9828,5,33,200,176,200,42
human_120_9829_5_33_200_165.csv,120,9829,5,33,200,165,200,42
human_120_982_2_4_200_200.csv,120,982,2,4,200,200,200,42
human_120_9830_5_33_200_199.csv,120,9830,5,33,200,199,200,42
human_120_9831_5_33_200_169.csv,120,9831,5,33,200,169,200,42
human_120_9832_5_33_200_200.csv,120,9832,5,33,200,200,200,42
human_120_9833_5_33_200_158.csv,120,9833,5,33,200,158,200,42
human_120_9834_5_33_200_190.csv,120,9834,5,33,200,190,200,42
human_120_9835_5_33_200_173.csv,120,9835,5,33,200,173,200,42
human_120_9836_5_33_200_173.csv,120,9836,5,33,200,173,200,42
human_120_9837_5_33_200_172.csv,120,9837,5,33,200,172,200,42
human_120_9838_5_33_200_179.csv,120,9838,5,33,200,179,200,42
human_120_9839_5_33_200_172.csv,120,9839,5,33,200,172,200,42
human_120_983_2_4_200_213.csv,120,983,2,4,200,213,200,42
human_120_9840_5_33_200_180.csv,120,9840,5,33,200,180,200,42
human_120_9841_5_33_200_177.csv,120,9841,5,33,200,177,200,42
human_120_9842_5_33_200_178.csv,120,9842,5,33,200,178,200,42
human_120_9843_5_33_200_181.csv,120,9843,5,33,200,181,200,42
human_120_9844_5_33_200_176.csv,120,9844,5,33,200,176,200,42
human_120_9845_5_33_200_175.csv,120,9845,5,33,200,175,200,42
human_120_9846_5_33_200_181.csv,120,9846,5,33,200,181,200,42
human_120_9847_5_33_200_174.csv,120,9847,5,33,200,174,200,42
human_120_9848_5_33_200_177.csv,120,9848,5,33,200,177,200,42
human_120_9849_5_33_200_176.csv,120,9849,5,33,200,176,200,42
human_120_984_2_4_200_192.csv,120,984,2,4,200,192,200,42
human_120_9850_5_33_200_164.csv,120,9850,5,33,200,164,200,42
human_120_9851_6_33_200_197.csv,120,9851,6,33,200,197,200,42
human_120_9852_6_33_200_199.csv,120,9852,6,33,200,199,200,42
human_120_9853_6_33_200_201.csv,120,9853,6,33,200,201,200,42
human_120_9854_6_33_200_202.csv,120,9854,6,33,200,202,200,42
human_120_9855_6_33_200_183.csv,120,9855,6,33,200,183,200,42
human_120_9856_6_33_200_204.csv,120,9856,6,33,200,204,200,42
human_120_9857_6_33_200_194.csv,120,9857,6,33,200,194,200,42
human_120_9858_6_33_200_195.csv,120,9858,6,33,200,195,200,42
human_120_9859_6_33_200_163.csv,120,9859,6,33,200,163,200,42
human_120_985_2_4_200_200.csv,120,985,2,4,200,200,200,42
human_120_9860_6_33_200_210.csv,120,9860,6,33,200,210,200,42
human_120_9861_6_33_200_201.csv,120,9861,6,33,200,201,200,42
human_120_9862_6_33_200_207.csv,120,9862,6,33,200,207,200,42
human_120_9863_6_33_200_170.csv,120,9863,6,33,200,170,200,42
human_120_9864_6_33_200_198.csv,120,9864,6,33,200,198,200,42
human_120_9865_6_33_200_195.csv,120,9865,6,33,200,195,200,42
human_120_9866_6_33_200_191.csv,120,9866,6,33,200,191,200,42
human_120_9867_6_33_200_197.csv,120,9867,6,33,200,197,200,42
human_120_9868_6_33_200_197.csv,120,9868,6,33,200,197,200,42
human_120_9869_6_33_200_197.csv,120,9869,6,33,200,197,200,42
human_120_986_2_4_200_212.csv,120,986,2,4,200,212,200,42
human_120_9870_6_33_200_192.csv,120,9870,6,33,200,192,200,42
human_120_9871_6_33_200_201.csv,120,9871,6,33,200,201,200,42
human_120_9872_6_33_200_202.csv,120,9872,6,33,200,202,200,42
human_120_9873_6_33_200_200.csv,120,9873,6,33,200,200,200,42
human_120_9874_6_33_200_182.csv,120,9874,6,33,200,182,200,42
human_120_9875_6_33_200_198.csv,120,9875,6,33,200,198,200,42
human_120_9876_6_33_200_196.csv,120,9876,6,33,200,196,200,42
human_120_9877_6_33_200_200.csv,120,9877,6,33,200,200,200,42
human_120_9878_6_33_200_193.csv,120,9878,6,33,200,193,200,42
human_120_9879_6_33_200_194.csv,120,9879,6,33,200,194,200,42
human_120_987_2_4_200_192.csv,120,987,2,4,200,192,200,42
human_120_9880_6_33_200_200.csv,120,9880,6,33,200,200,200,42
human_120_9881_6_33_200_192.csv,120,9881,6,33,200,192,200,42
human_120_9882_6_33_200_200.csv,120,9882,6,33,200,200,200,42
human_120_9883_6_33_200_198.csv,120,9883,6,33,200,198,200,42
human_120_9884_6_33_200_208.csv,120,9884,6,33,200,208,200,42
human_120_9885_6_33_200_194.csv,120,9885,6,33,200,194,200,42
human_120_9886_6_33_200_191.csv,120,9886,6,33,200,191,200,42
human_120_9887_6_33_200_175.csv,120,9887,6,33,200,175,200,42
human_120_9888_6_33_200_192.csv,120,9888,6,33,200,192,200,42
human_120_9889_6_33_200_192.csv,120,9889,6,33,200,192,200,42
human_120_988_2_4_200_200.csv,120,988,2,4,200,200,200,42
human_120_9890_6_33_200_194.csv,120,9890,6,33,200,194,200,42
human_120_9891_6_33_200_195.csv,120,9891,6,33,200,195,200,42
human_120_9892_6_33_200_192.csv,120,9892,6,33,200,192,200,42
human_120_9893_6_33_200_183.csv,120,9893,6,33,200,183,200,42
human_120_9894_6_33_200_183.csv,120,9894,6,33,200,183,200,42
human_120_9895_6_33_200_191.csv,120,9895,6,33,200,191,200,42
human_120_9896_6_33_200_186.csv,120,9896,6,33,200,186,200,42
human_120_9897_6_33_200_185.csv,120,9897,6,33,200,185,200,42
human_120_9898_6_33_200_186.csv,120,9898,6,33,200,186,200,42
human_120_9899_6_33_200_195.csv,120,9899,6,33,200,195,200,42
human_120_989_2_4_200_200.csv,120,989,2,4,200,200,200,42
human_120_98_2_1_200_201.csv,120,98,2,1,200,201,200,42
human_120_9900_6_33_200_184.csv,120,9900,6,33,200,184,200,42
human_120_9901_1_34_200_174.csv,120,9901,1,34,200,174,200,42
human_120_9902_1_34_200_204.csv,120,9902,1,34,200,204,200,42
human_120_9903_1_34_200_195.csv,120,9903,1,34,200,195,200,42
human_120_9904_1_34_200_198.csv,120,9904,1,34,200,198,200,42
human_120_9905_1_34_200_195.csv,120,9905,1,34,200,195,200,42
human_120_9906_1_34_200_196.csv,120,9906,1,34,200,196,200,42
human_120_9907_1_34_200_191.csv,120,9907,1,34,200,191,200,42
human_120_9908_1_34_200_178.csv,120,9908,1,34,200,178,200,42
human_120_9909_1_34_200_200.csv,120,9909,1,34,200,200,200,42
human_120_990_2_4_200_215.csv,120,990,2,4,200,215,200,42
human_120_9910_1_34_200_198.csv,120,9910,1,34,200,198,200,42
human_120_9911_1_34_200_187.csv,120,9911,1,34,200,187,200,42
human_120_9912_1_34_200_176.csv,120,9912,1,34,200,176,200,42
human_120_9913_1_34_200_201.csv,120,9913,1,34,200,201,200,42
human_120_9914_1_34_200_180.csv,120,9914,1,34,200,180,200,42
human_120_9915_1_34_200_164.csv,120,9915,1,34,200,164,200,42
human_120_9916_1_34_200_192.csv,120,9916,1,34,200,192,200,42
human_120_9917_1_34_200_185.csv,120,9917,1,34,200,185,200,42
human_120_9918_1_34_200_160.csv,120,9918,1,34,200,160,200,42
human_120_9919_1_34_200_200.csv,120,9919,1,34,200,200,200,42
human_120_991_2_4_200_200.csv,120,991,2,4,200,200,200,42
human_120_9920_1_34_200_192.csv,120,9920,1,34,200,192,200,42
human_120_9921_1_34_200_172.csv,120,9921,1,34,200,172,200,42
human_120_9922_1_34_200_158.csv,120,9922,1,34,200,158,200,42
human_120_9923_1_34_200_200.csv,120,9923,1,34,200,200,200,42
human_120_9924_1_34_200_195.csv,120,9924,1,34,200,195,200,42
human_120_9925_1_34_200_186.csv,120,9925,1,34,200,186,200,42
human_120_9926_1_34_200_168.csv,120,9926,1,34,200,168,200,42
human_120_9927_1_34_200_196.csv,120,9927,1,34,200,196,200,42
human_120_9928_1_34_200_195.csv,120,9928,1,34,200,195,200,42
human_120_9929_1_34_200_150.csv,120,9929,1,34,200,150,200,42
human_120_992_2_4_200_193.csv,120,992,2,4,200,193,200,42
human_120_9930_1_34_200_190.csv,120,9930,1,34,200,190,200,42
human_120_9931_1_34_200_193.csv,120,9931,1,34,200,193,200,42
human_120_9932_1_34_200_179.csv,120,9932,1,34,200,179,200,42
human_120_9933_1_34_200_205.csv,120,9933,1,34,200,205,200,42
human_120_9934_1_34_200_186.csv,120,9934,1,34,200,186,200,42
human_120_9935_1_34_200_188.csv,120,9935,1,34,200,188,200,42
human_120_9936_1_34_200_168.csv,120,9936,1,34,200,168,200,42
human_120_9937_1_34_200_200.csv,120,9937,1,34,200,200,200,42
human_120_9938_1_34_200_180.csv,120,9938,1,34,200,180,200,42
human_120_9939_1_34_200_182.csv,120,9939,1,34,200,182,200,42
human_120_993_2_4_200_218.csv,120,993,2,4,200,218,200,42
human_120_9940_1_34_200_185.csv,120,9940,1,34,200,185,200,42
human_120_9941_1_34_200_173.csv,120,9941,1,34,200,173,200,42
human_120_9942_1_34_200_180.csv,120,9942,1,34,200,180,200,42
human_120_9943_1_34_200_187.csv,120,9943,1,34,200,187,200,42
human_120_9944_1_34_200_190.csv,120,9944,1,34,200,190,200,42
human_120_9945_1_34_200_190.csv,120,9945,1,34,200,190,200,42
human_120_9946_1_34_200_165.csv,120,9946,1,34,200,165,200,42
human_120_9947_1_34_200_195.csv,120,9947,1,34,200,195,200,42
human_120_9948_1_34_200_190.csv,120,9948,1,34,200,190,200,42
human_120_9949_1_34_200_186.csv,120,9949,1,34,200,186,200,42
human_120_994_2_4_200_200.csv,120,994,2,4,200,200,200,42
human_120_9950_1_34_200_195.csv,120,9950,1,34,200,195,200,42
human_120_9951_2_34_200_192.csv,120,9951,2,34,200,192,200,42
human_120_9952_2_34_200_175.csv,120,9952,2,34,200,175,200,42
human_120_9953_2_34_200_177.csv,120,9953,2,34,200,177,200,42
human_120_9954_2_34_200_168.csv,120,9954,2,34,200,168,200,42
human_120_9955_2_34_200_165.csv,120,9955,2,34,200,165,200,42
human_120_9956_2_34_200_188.csv,120,9956,2,34,200,188,200,42
human_120_9957_2_34_200_172.csv,120,9957,2,34,200,172,200,42
human_120_9958_2_34_200_175.csv,120,9958,2,34,200,175,200,42
human_120_9959_2_34_200_186.csv,120,9959,2,34,200,186,200,42
human_120_995_2_4_200_200.csv,120,995,2,4,200,200,200,42
human_120_9960_2_34_200_175.csv,120,9960,2,34,200,175,200,42
human_120_9961_2_34_200_173.csv,120,9961,2,34,200,173,200,42
human_120_9962_2_34_200_176.csv,120,9962,2,34,200,176,200,42
human_120_9963_2_34_200_176.csv,120,9963,2,34,200,176,200,42
human_120_9964_2_34_200_175.csv,120,9964,2,34,200,175,200,42
human_120_9965_2_34_200_175.csv,120,9965,2,34,200,175,200,42
human_120_9966_2_34_200_182.csv,120,9966,2,34,200,182,200,42
human_120_9967_2_34_200_185.csv,120,9967,2,34,200,185,200,42
human_120_9968_2_34_200_189.csv,120,9968,2,34,200,189,200,42
human_120_9969_2_34_200_183.csv,120,9969,2,34,200,183,200,42
human_120_996_2_4_200_211.csv,120,996,2,4,200,211,200,42
human_120_9970_2_34_200_183.csv,120,9970,2,34,200,183,200,42
human_120_9971_2_34_200_170.csv,120,9971,2,34,200,170,200,42
human_120_9972_2_34_200_171.csv,120,9972,2,34,200,171,200,42
human_120_9973_2_34_200_194.csv,120,9973,2,34,200,194,200,42
human_120_9974_2_34_200_156.csv,120,9974,2,34,200,156,200,42
human_120_9975_2_34_200_204.csv,120,9975,2,34,200,204,200,42
human_120_9976_2_34_200_159.csv,120,9976,2,34,200,159,200,42
human_120_9977_2_34_200_201.csv,120,9977,2,34,200,201,200,42
human_120_9978_2_34_200_167.csv,120,9978,2,34,200,167,200,42
human_120_9979_2_34_200_196.csv,120,9979,2,34,200,196,200,42
human_120_997_2_4_200_200.csv,120,997,2,4,200,200,200,42
human_120_9980_2_34_200_152.csv,120,9980,2,34,200,152,200,42
human_120_9981_2_34_200_216.csv,120,9981,2,34,200,216,200,42
human_120_9982_2_34_200_178.csv,120,9982,2,34,200,178,200,42
human_120_9983_2_34_200_187.csv,120,9983,2,34,200,187,200,42
human_120_9984_2_34_200_192.csv,120,9984,2,34,200,192,200,42
human_120_9985_2_34_200_171.csv,120,9985,2,34,200,171,200,42
human_120_9986_2_34_200_160.csv,120,9986,2,34,200,160,200,42
human_120_9987_2_34_200_206.csv,120,9987,2,34,200,206,200,42
human_120_9988_2_34_200_189.csv,120,9988,2,34,200,189,200,42
human_120_9989_2_34_200_189.csv,120,9989,2,34,200,189,200,42
human_120_998_2_4_200_200.csv,120,998,2,4,200,200,200,42
human_120_9990_2_34_200_176.csv,120,9990,2,34,200,176,200,42
human_120_9991_2_34_200_180.csv,120,9991,2,34,200,180,200,42
human_120_9992_2_34_200_194.csv,120,9992,2,34,200,194,200,42
human_120_9993_2_34_200_178.csv,120,9993,2,34,200,178,200,42
human_120_9994_2_34_200_185.csv,120,9994,2,34,200,185,200,42
human_120_9995_2_34_200_179.csv,120,9995,2,34,200,179,200,42
human_120_9996_2_34_200_178.csv,120,9996,2,34,200,178,200,42
human_120_9997_2_34_200_160.csv,120,9997,2,34,200,160,200,42
human_120_9998_2_34_200_212.csv,120,9998,2,34,200,212,200,42
human_120_9999_2_34_200_182.csv,120,9999,2,34,200,182,200,42
human_120_999_2_4_200_190.csv,120,999,2,4,200,190,200,42
human_120_99_2_1_200_197.csv,120,99,2,1,200,197,200,42
human_120_9_1_1_200_199.csv,120,9,1,1,200,199,200,42